id,Tkl,TklW,Def 3rd,Mid 3rd,Att 3rd,Tkl.1,Att,Lost,Blocks,Sh,Pass,Int,Tkl+Int,Clr,Err
32c2d95f,64.0,37,37.0,24.0,3.0,32.0,41.0,9.0,53.0,19.0,34.0,47,111.0,83.0,1.0
7978cbf0,33.0,17,12.0,17.0,4.0,18.0,32.0,14.0,15.0,1.0,14.0,13,46.0,8.0,0.0
82464ce3,35.0,20,14.0,18.0,3.0,20.0,35.0,15.0,28.0,7.0,21.0,23,58.0,17.0,0.0
31626657,58.0,33,38.0,19.0,1.0,20.0,47.0,27.0,19.0,3.0,16.0,17,75.0,21.0,0.0
0e46fa2f,3.0,1,0.0,2.0,1.0,0.0,5.0,5.0,4.0,1.0,3.0,1,4.0,1.0,0.0
0e46fa2f,1.0,1,0.0,0.0,1.0,1.0,1.0,0.0,1.0,0.0,1.0,2,3.0,1.0,0.0
c2a6033c,22.0,15,9.0,5.0,8.0,6.0,28.0,22.0,12.0,1.0,11.0,16,38.0,16.0,0.0
1e93fc5d,1.0,1,1.0,0.0,0.0,1.0,1.0,0.0,0.0,0.0,0.0,0,1.0,0.0,0.0
7587446d,3.0,3,2.0,1.0,0.0,3.0,4.0,1.0,3.0,1.0,2.0,3,6.0,3.0,0.0
75f1ed80,48.0,30,37.0,11.0,0.0,30.0,43.0,13.0,22.0,9.0,13.0,23,71.0,78.0,2.0
8bc8829a,24.0,12,12.0,6.0,6.0,10.0,14.0,4.0,5.0,1.0,4.0,14,38.0,11.0,0.0
3dd738a1,13.0,5,6.0,3.0,4.0,5.0,13.0,8.0,3.0,0.0,3.0,13,26.0,19.0,0.0
22396615,1.0,1,0.0,1.0,0.0,0.0,1.0,1.0,0.0,0.0,0.0,1,2.0,0.0,0.0
48b28bfd,19.0,13,5.0,12.0,2.0,8.0,18.0,10.0,12.0,0.0,12.0,17,36.0,7.0,0.0
462475ed,5.0,4,1.0,4.0,0.0,3.0,9.0,6.0,3.0,1.0,2.0,2,7.0,7.0,0.0
b625b241,6.0,3,3.0,3.0,0.0,1.0,3.0,2.0,1.0,0.0,1.0,2,8.0,2.0,0.0
9e17ccff,0.0,0,0.0,0.0,0.0,0.0,0.0,0.0,0.0,0.0,0.0,0,0.0,1.0,1.0
1956b948,29.0,18,17.0,8.0,4.0,15.0,40.0,25.0,19.0,1.0,18.0,9,38.0,10.0,0.0
0a63446f,23.0,14,13.0,7.0,3.0,14.0,22.0,8.0,13.0,3.0,10.0,23,46.0,27.0,1.0
9260926b,10.0,7,6.0,3.0,1.0,7.0,10.0,3.0,7.0,3.0,4.0,10,20.0,20.0,0.0
ae11ba3d,2.0,1,2.0,0.0,0.0,1.0,2.0,1.0,0.0,0.0,0.0,3,5.0,4.0,0.0
ef9c1c95,89.0,50,34.0,43.0,12.0,45.0,89.0,44.0,38.0,7.0,31.0,29,118.0,45.0,0.0
af3ddb2e,12.0,5,2.0,6.0,4.0,3.0,15.0,12.0,6.0,1.0,5.0,8,20.0,11.0,0.0
a5db0bec,8.0,3,3.0,3.0,2.0,2.0,4.0,2.0,10.0,1.0,9.0,6,14.0,2.0,0.0
b94b8be1,2.0,0,1.0,0.0,1.0,0.0,3.0,3.0,2.0,0.0,2.0,1,3.0,0.0,0.0
feb5d3ab,21.0,11,14.0,7.0,0.0,10.0,27.0,17.0,13.0,5.0,8.0,10,31.0,16.0,0.0
c5e6c017,1.0,1,0.0,0.0,1.0,0.0,3.0,3.0,1.0,0.0,1.0,0,1.0,2.0,0.0
508a9011,1.0,1,0.0,1.0,0.0,0.0,0.0,0.0,0.0,0.0,0.0,0,1.0,0.0,0.0
b026bbf6,6.0,2,4.0,2.0,0.0,2.0,4.0,2.0,4.0,0.0,4.0,2,8.0,3.0,0.0
6a827d8e,34.0,19,16.0,14.0,4.0,21.0,27.0,6.0,6.0,0.0,6.0,11,45.0,11.0,0.0
6b5edd5d,1.0,0,0.0,0.0,1.0,0.0,0.0,0.0,0.0,0.0,0.0,0,1.0,0.0,0.0
7dfbba27,22.0,10,10.0,10.0,2.0,7.0,16.0,9.0,13.0,2.0,11.0,12,34.0,12.0,0.0
a94d93be,10.0,4,6.0,4.0,0.0,5.0,6.0,1.0,13.0,9.0,4.0,12,22.0,55.0,1.0
114bbdee,1.0,1,1.0,0.0,0.0,0.0,0.0,0.0,0.0,0.0,0.0,1,2.0,3.0,0.0
06df8256,10.0,8,6.0,4.0,0.0,5.0,10.0,5.0,9.0,6.0,3.0,17,27.0,40.0,1.0
a1232f4e,10.0,8,4.0,5.0,1.0,6.0,6.0,0.0,10.0,7.0,3.0,11,21.0,12.0,0.0
5065d67d,4.0,3,3.0,1.0,0.0,1.0,2.0,1.0,2.0,1.0,1.0,2,6.0,4.0,0.0
7e3e825e,3.0,2,2.0,1.0,0.0,2.0,3.0,1.0,1.0,0.0,1.0,1,4.0,3.0,0.0
0af4dcf0,2.0,1,2.0,0.0,0.0,2.0,2.0,0.0,0.0,0.0,0.0,0,2.0,0.0,0.0
3975195f,25.0,12,17.0,4.0,4.0,17.0,26.0,9.0,13.0,3.0,10.0,16,41.0,27.0,0.0
a1390d2f,11.0,10,1.0,8.0,2.0,8.0,11.0,3.0,10.0,1.0,9.0,1,12.0,2.0,2.0
7c3ed041,38.0,25,27.0,9.0,2.0,21.0,32.0,11.0,34.0,20.0,14.0,42,80.0,67.0,0.0
31822f8c,6.0,3,0.0,4.0,2.0,1.0,11.0,10.0,16.0,1.0,15.0,1,7.0,11.0,0.0
7fecbcdb,15.0,7,9.0,5.0,1.0,10.0,10.0,0.0,4.0,1.0,3.0,8,23.0,11.0,0.0
b2bd0f6c,22.0,10,9.0,8.0,5.0,10.0,28.0,18.0,23.0,0.0,23.0,15,37.0,6.0,0.0
a0d55a09,8.0,6,1.0,5.0,2.0,2.0,11.0,9.0,10.0,0.0,10.0,6,14.0,5.0,0.0
1ddbc7ca,64.0,39,38.0,21.0,5.0,39.0,57.0,18.0,25.0,1.0,24.0,35,99.0,28.0,1.0
3a24769f,10.0,5,4.0,2.0,4.0,5.0,8.0,3.0,5.0,1.0,4.0,4,14.0,5.0,0.0
e3844ecb,12.0,6,3.0,6.0,3.0,5.0,22.0,17.0,8.0,0.0,8.0,5,17.0,0.0,0.0
20e0dd86,41.0,30,13.0,14.0,14.0,18.0,33.0,15.0,19.0,2.0,17.0,18,59.0,9.0,0.0
5e6355f8,2.0,0,1.0,0.0,1.0,1.0,2.0,1.0,0.0,0.0,0.0,1,3.0,0.0,0.0
4a5e83ad,9.0,4,4.0,5.0,0.0,2.0,9.0,7.0,5.0,1.0,4.0,7,16.0,1.0,0.0
5680bf3f,6.0,4,2.0,1.0,3.0,3.0,3.0,0.0,9.0,1.0,8.0,7,13.0,7.0,0.0
1a248246,14.0,9,1.0,7.0,6.0,6.0,12.0,6.0,8.0,1.0,7.0,3,17.0,4.0,0.0
1a248246,5.0,2,3.0,2.0,0.0,2.0,7.0,5.0,2.0,0.0,2.0,1,6.0,1.0,0.0
2b1bed19,49.0,29,20.0,25.0,4.0,28.0,49.0,21.0,22.0,3.0,19.0,32,81.0,13.0,3.0
10f0fdd3,31.0,17,13.0,13.0,5.0,6.0,15.0,9.0,15.0,2.0,13.0,21,52.0,17.0,0.0
c678ddd7,0.0,0,0.0,0.0,0.0,0.0,1.0,1.0,1.0,1.0,0.0,1,1.0,4.0,0.0
3bd65247,14.0,9,4.0,9.0,1.0,3.0,8.0,5.0,9.0,0.0,9.0,2,16.0,0.0,0.0
1f6298f2,0.0,0,0.0,0.0,0.0,0.0,0.0,0.0,1.0,0.0,1.0,0,0.0,0.0,0.0
942b4f90,9.0,5,2.0,1.0,6.0,2.0,9.0,7.0,12.0,0.0,12.0,4,13.0,0.0,0.0
3189f61a,63.0,35,28.0,28.0,7.0,31.0,47.0,16.0,24.0,6.0,18.0,33,96.0,21.0,2.0
e4114f5d,0.0,0,0.0,0.0,0.0,0.0,1.0,1.0,0.0,0.0,0.0,1,1.0,0.0,0.0
0b2c9aec,12.0,5,5.0,5.0,2.0,6.0,17.0,11.0,6.0,2.0,4.0,4,16.0,6.0,0.0
3916b09c,9.0,7,4.0,2.0,3.0,7.0,15.0,8.0,9.0,1.0,8.0,15,24.0,17.0,0.0
28dabd43,1.0,0,1.0,0.0,0.0,1.0,1.0,0.0,0.0,0.0,0.0,1,2.0,5.0,1.0
433dc9a2,23.0,12,15.0,6.0,2.0,16.0,28.0,12.0,8.0,1.0,7.0,7,30.0,14.0,0.0
03e91055,0.0,0,0.0,0.0,0.0,0.0,0.0,0.0,0.0,0.0,0.0,0,0.0,0.0,0.0
47c609d5,0.0,0,0.0,0.0,0.0,0.0,0.0,0.0,2.0,0.0,2.0,0,0.0,1.0,0.0
a3e1d20d,0.0,0,0.0,0.0,0.0,0.0,0.0,0.0,1.0,1.0,0.0,1,1.0,0.0,0.0
636247ca,10.0,7,3.0,4.0,3.0,7.0,14.0,7.0,11.0,2.0,9.0,5,15.0,0.0,0.0
3d214e5f,0.0,0,0.0,0.0,0.0,0.0,0.0,0.0,1.0,0.0,1.0,0,0.0,17.0,3.0
967f34d3,0.0,0,0.0,0.0,0.0,0.0,0.0,0.0,0.0,0.0,0.0,0,0.0,0.0,0.0
6191093d,32.0,22,12.0,13.0,7.0,13.0,33.0,20.0,19.0,1.0,18.0,13,45.0,6.0,0.0
3cdfc63e,4.0,4,4.0,0.0,0.0,4.0,10.0,6.0,23.0,17.0,6.0,18,22.0,62.0,1.0
6a9e4913,0.0,0,0.0,0.0,0.0,0.0,0.0,0.0,0.0,0.0,0.0,0,0.0,2.0,0.0
5b479568,1.0,1,0.0,0.0,1.0,0.0,4.0,4.0,0.0,0.0,0.0,0,1.0,1.0,0.0
2db2fd7b,2.0,0,1.0,1.0,0.0,1.0,3.0,2.0,4.0,2.0,2.0,5,7.0,15.0,0.0
7d937aa1,0.0,0,0.0,0.0,0.0,0.0,0.0,0.0,1.0,0.0,1.0,0,0.0,0.0,0.0
f6496133,6.0,2,1.0,4.0,1.0,3.0,4.0,1.0,3.0,1.0,2.0,4,10.0,2.0,0.0
9f936061,57.0,34,37.0,16.0,4.0,31.0,50.0,19.0,29.0,8.0,21.0,30,87.0,44.0,0.0
c03b7266,1.0,1,1.0,0.0,0.0,1.0,2.0,1.0,0.0,0.0,0.0,1,2.0,1.0,0.0
65fcf987,4.0,2,2.0,1.0,1.0,0.0,2.0,2.0,1.0,0.0,1.0,0,4.0,1.0,0.0
0400dd2f,1.0,0,0.0,0.0,1.0,0.0,3.0,3.0,2.0,0.0,2.0,0,1.0,0.0,0.0
f9d5908e,39.0,18,21.0,16.0,2.0,24.0,29.0,5.0,18.0,4.0,14.0,21,60.0,12.0,0.0
4fb18ca4,3.0,0,1.0,2.0,0.0,3.0,5.0,2.0,0.0,0.0,0.0,2,5.0,2.0,0.0
b0c71810,14.0,9,7.0,4.0,3.0,3.0,12.0,9.0,6.0,0.0,6.0,5,19.0,1.0,0.0
62e02107,6.0,4,4.0,2.0,0.0,5.0,6.0,1.0,2.0,1.0,1.0,2,8.0,3.0,0.0
20e73fac,23.0,17,8.0,12.0,3.0,11.0,37.0,26.0,27.0,0.0,27.0,20,43.0,19.0,0.0
02bcaf8e,4.0,2,1.0,2.0,1.0,0.0,3.0,3.0,3.0,0.0,3.0,3,7.0,0.0,0.0
5b146df3,28.0,16,22.0,4.0,2.0,14.0,22.0,8.0,28.0,13.0,15.0,39,67.0,83.0,0.0
b088d5d3,8.0,3,5.0,3.0,0.0,5.0,8.0,3.0,9.0,1.0,8.0,13,21.0,12.0,0.0
af69e7f0,5.0,4,3.0,2.0,0.0,4.0,4.0,0.0,2.0,0.0,2.0,1,6.0,1.0,0.0
3b676989,1.0,0,0.0,0.0,1.0,0.0,0.0,0.0,0.0,0.0,0.0,0,1.0,0.0,0.0
7b082ec2,16.0,12,8.0,7.0,1.0,10.0,16.0,6.0,8.0,3.0,5.0,7,23.0,15.0,0.0
db87a2c4,0.0,0,0.0,0.0,0.0,0.0,1.0,1.0,0.0,0.0,0.0,1,1.0,0.0,0.0
148e136f,39.0,26,11.0,18.0,10.0,16.0,32.0,16.0,29.0,2.0,27.0,10,49.0,5.0,1.0
46359159,20.0,12,10.0,8.0,2.0,12.0,26.0,14.0,5.0,0.0,5.0,4,24.0,12.0,0.0
928a4a61,37.0,18,20.0,11.0,6.0,19.0,34.0,15.0,20.0,4.0,16.0,14,51.0,15.0,0.0
94f8d10c,0.0,0,0.0,0.0,0.0,0.0,0.0,0.0,0.0,0.0,0.0,0,0.0,1.0,0.0
8577e60a,44.0,25,12.0,29.0,3.0,18.0,28.0,10.0,31.0,3.0,28.0,28,72.0,14.0,0.0
489e80e3,57.0,34,25.0,28.0,4.0,30.0,53.0,23.0,35.0,4.0,31.0,18,75.0,10.0,0.0
5a6b06cd,1.0,1,0.0,0.0,1.0,0.0,0.0,0.0,0.0,0.0,0.0,0,1.0,0.0,0.0
7d3dfdfd,6.0,4,2.0,4.0,0.0,3.0,7.0,4.0,3.0,1.0,2.0,5,11.0,10.0,0.0
9f4a940f,2.0,2,1.0,1.0,0.0,0.0,1.0,1.0,0.0,0.0,0.0,0,2.0,0.0,0.0
79b2399c,26.0,15,13.0,11.0,2.0,15.0,32.0,17.0,10.0,1.0,9.0,13,39.0,16.0,0.0
f81ef10d,60.0,30,18.0,24.0,18.0,32.0,74.0,42.0,28.0,2.0,26.0,21,81.0,16.0,0.0
5e080f73,2.0,0,1.0,1.0,0.0,0.0,3.0,3.0,3.0,0.0,3.0,2,4.0,2.0,0.0
e3e32fbb,9.0,5,6.0,2.0,1.0,6.0,8.0,2.0,2.0,0.0,2.0,1,10.0,2.0,0.0
8608f269,0.0,0,0.0,0.0,0.0,0.0,0.0,0.0,0.0,0.0,0.0,1,1.0,0.0,0.0
e0f3a1f6,32.0,18,23.0,8.0,1.0,17.0,26.0,9.0,19.0,12.0,7.0,39,71.0,57.0,0.0
4db5915d,11.0,6,5.0,3.0,3.0,2.0,3.0,1.0,3.0,0.0,3.0,6,17.0,6.0,1.0
c92c24f0,20.0,11,15.0,5.0,0.0,13.0,18.0,5.0,23.0,11.0,12.0,24,44.0,53.0,0.0
3c6bbbab,25.0,17,13.0,11.0,1.0,15.0,21.0,6.0,13.0,6.0,7.0,27,52.0,23.0,0.0
f5dfc256,0.0,0,0.0,0.0,0.0,0.0,0.0,0.0,0.0,0.0,0.0,0,0.0,0.0,0.0
5d9577aa,6.0,4,1.0,5.0,0.0,2.0,3.0,1.0,3.0,0.0,3.0,6,12.0,1.0,0.0
2180c761,7.0,4,5.0,1.0,1.0,1.0,4.0,3.0,5.0,3.0,2.0,5,12.0,4.0,1.0
357103bd,19.0,10,4.0,9.0,6.0,9.0,30.0,21.0,22.0,3.0,19.0,12,31.0,16.0,1.0
18ebca4b,2.0,1,0.0,2.0,0.0,0.0,4.0,4.0,2.0,0.0,2.0,0,2.0,5.0,0.0
16aa7d4c,29.0,17,18.0,11.0,0.0,12.0,21.0,9.0,25.0,11.0,14.0,36,65.0,49.0,1.0
279ddf6a,57.0,34,22.0,24.0,11.0,23.0,51.0,28.0,18.0,5.0,13.0,26,83.0,12.0,0.0
b34c63a5,10.0,5,1.0,3.0,6.0,6.0,12.0,6.0,3.0,0.0,3.0,4,14.0,0.0,0.0
9d498560,4.0,2,3.0,0.0,1.0,3.0,6.0,3.0,5.0,1.0,4.0,2,6.0,6.0,0.0
b3d76d84,1.0,1,1.0,0.0,0.0,1.0,1.0,0.0,1.0,0.0,1.0,2,3.0,2.0,2.0
68a26d51,27.0,19,11.0,13.0,3.0,14.0,36.0,22.0,22.0,1.0,21.0,21,48.0,5.0,0.0
7909ffa4,35.0,17,22.0,10.0,3.0,19.0,35.0,16.0,25.0,8.0,17.0,22,57.0,27.0,0.0
7495aba7,11.0,5,3.0,7.0,1.0,4.0,5.0,1.0,5.0,1.0,4.0,2,13.0,2.0,0.0
ff4d0258,1.0,1,1.0,0.0,0.0,1.0,1.0,0.0,1.0,1.0,0.0,1,2.0,2.0,0.0
741418c3,3.0,2,2.0,1.0,0.0,3.0,3.0,0.0,0.0,0.0,0.0,2,5.0,1.0,0.0
741418c3,9.0,5,5.0,3.0,1.0,4.0,7.0,3.0,4.0,0.0,4.0,1,10.0,1.0,0.0
5219ab4a,27.0,17,10.0,12.0,5.0,11.0,24.0,13.0,16.0,2.0,14.0,17,44.0,25.0,1.0
3010aefb,10.0,5,5.0,1.0,4.0,2.0,8.0,6.0,7.0,3.0,4.0,7,17.0,4.0,0.0
c4065f40,10.0,5,6.0,4.0,0.0,4.0,9.0,5.0,9.0,4.0,5.0,8,18.0,35.0,1.0
cfa49cc1,19.0,14,11.0,5.0,3.0,10.0,18.0,8.0,10.0,5.0,5.0,4,23.0,18.0,0.0
0e7ccfc4,14.0,6,9.0,1.0,4.0,10.0,19.0,9.0,7.0,2.0,5.0,7,21.0,17.0,0.0
59948ef7,13.0,7,1.0,10.0,2.0,7.0,19.0,12.0,16.0,0.0,16.0,11,24.0,5.0,0.0
bfb2056e,0.0,0,0.0,0.0,0.0,0.0,0.0,0.0,0.0,0.0,0.0,1,1.0,0.0,0.0
909222de,32.0,17,10.0,16.0,6.0,8.0,30.0,22.0,16.0,0.0,16.0,12,44.0,8.0,0.0
2434f24a,2.0,0,2.0,0.0,0.0,2.0,4.0,2.0,0.0,0.0,0.0,0,2.0,5.0,0.0
ef8ae23b,11.0,7,5.0,6.0,0.0,4.0,9.0,5.0,11.0,1.0,10.0,11,22.0,10.0,0.0
8f325097,38.0,21,27.0,9.0,2.0,26.0,36.0,10.0,11.0,5.0,6.0,21,59.0,35.0,1.0
1ec7e1c5,8.0,7,5.0,3.0,0.0,3.0,3.0,0.0,4.0,3.0,1.0,5,13.0,12.0,0.0
29c02c9f,19.0,11,9.0,8.0,2.0,10.0,13.0,3.0,14.0,2.0,12.0,10,29.0,10.0,0.0
b70afb45,7.0,5,2.0,2.0,3.0,1.0,8.0,7.0,9.0,2.0,7.0,2,9.0,12.0,0.0
7ef972c3,2.0,0,2.0,0.0,0.0,1.0,1.0,0.0,4.0,1.0,3.0,0,2.0,1.0,0.0
6e33125f,28.0,15,17.0,10.0,1.0,13.0,23.0,10.0,30.0,22.0,8.0,24,52.0,87.0,0.0
fd2bc67d,40.0,24,26.0,11.0,3.0,17.0,29.0,12.0,39.0,22.0,17.0,35,75.0,91.0,1.0
5069b796,14.0,11,11.0,3.0,0.0,10.0,14.0,4.0,14.0,9.0,5.0,16,30.0,45.0,2.0
ce50fd99,14.0,10,2.0,7.0,5.0,6.0,14.0,8.0,16.0,2.0,14.0,5,19.0,13.0,0.0
5fdcb075,19.0,14,7.0,12.0,0.0,9.0,21.0,12.0,16.0,4.0,12.0,13,32.0,24.0,0.0
4ca4f601,30.0,17,7.0,15.0,8.0,10.0,36.0,26.0,18.0,5.0,13.0,12,42.0,8.0,0.0
0be95d34,21.0,14,7.0,8.0,6.0,7.0,15.0,8.0,7.0,1.0,6.0,7,28.0,2.0,0.0
8332db56,15.0,8,10.0,2.0,3.0,8.0,14.0,6.0,7.0,2.0,5.0,5,20.0,6.0,0.0
e4448c8c,1.0,0,0.0,0.0,1.0,1.0,1.0,0.0,0.0,0.0,0.0,0,1.0,0.0,0.0
d33c706e,2.0,0,1.0,1.0,0.0,1.0,2.0,1.0,0.0,0.0,0.0,1,3.0,7.0,0.0
d33c706e,2.0,1,1.0,1.0,0.0,0.0,1.0,1.0,1.0,0.0,1.0,0,2.0,0.0,0.0
7304f3b1,2.0,0,1.0,1.0,0.0,2.0,2.0,0.0,0.0,0.0,0.0,0,2.0,0.0,0.0
e7986081,6.0,4,2.0,2.0,2.0,4.0,6.0,2.0,5.0,0.0,5.0,2,8.0,6.0,0.0
11f54bd5,1.0,0,0.0,0.0,1.0,1.0,3.0,2.0,0.0,0.0,0.0,1,2.0,1.0,0.0
99d660b2,42.0,18,16.0,20.0,6.0,20.0,52.0,32.0,21.0,4.0,17.0,9,51.0,18.0,1.0
477e50ce,0.0,0,0.0,0.0,0.0,0.0,0.0,0.0,0.0,0.0,0.0,0,0.0,0.0,0.0
1d5c96f8,51.0,29,28.0,15.0,8.0,28.0,43.0,15.0,22.0,4.0,18.0,28,79.0,29.0,1.0
1bfb6fef,44.0,30,19.0,20.0,5.0,25.0,45.0,20.0,27.0,5.0,22.0,12,56.0,45.0,0.0
d8c19a60,3.0,3,3.0,0.0,0.0,2.0,3.0,1.0,0.0,0.0,0.0,5,8.0,6.0,0.0
fb55f63a,0.0,0,0.0,0.0,0.0,0.0,0.0,0.0,0.0,0.0,0.0,0,0.0,0.0,0.0
6605d143,12.0,7,3.0,6.0,3.0,5.0,11.0,6.0,13.0,3.0,10.0,10,22.0,10.0,0.0
b3244eeb,30.0,21,22.0,7.0,1.0,21.0,42.0,21.0,20.0,9.0,11.0,20,50.0,33.0,1.0
6d0fe035,15.0,10,7.0,7.0,1.0,11.0,16.0,5.0,11.0,1.0,10.0,9,24.0,10.0,0.0
698f11e3,18.0,8,9.0,8.0,1.0,8.0,13.0,5.0,20.0,7.0,13.0,17,35.0,22.0,0.0
29939a1d,19.0,14,10.0,7.0,2.0,9.0,26.0,17.0,13.0,1.0,12.0,19,38.0,8.0,0.0
8104e41e,19.0,13,4.0,8.0,7.0,8.0,19.0,11.0,21.0,1.0,20.0,12,31.0,7.0,0.0
f41a69e6,1.0,1,0.0,1.0,0.0,1.0,3.0,2.0,0.0,0.0,0.0,2,3.0,9.0,3.0
40774c6b,4.0,4,2.0,1.0,1.0,3.0,4.0,1.0,5.0,1.0,4.0,0,4.0,0.0,0.0
40774c6b,5.0,3,1.0,4.0,0.0,0.0,3.0,3.0,3.0,0.0,3.0,1,6.0,1.0,0.0
92b56413,1.0,1,0.0,1.0,0.0,0.0,2.0,2.0,0.0,0.0,0.0,0,1.0,0.0,0.0
6de23ab0,27.0,13,15.0,11.0,1.0,18.0,25.0,7.0,15.0,8.0,7.0,31,58.0,46.0,1.0
4be0b467,1.0,0,0.0,1.0,0.0,1.0,3.0,2.0,2.0,0.0,2.0,0,1.0,1.0,0.0
37143438,2.0,1,0.0,0.0,2.0,2.0,2.0,0.0,3.0,0.0,3.0,1,3.0,0.0,0.0
19053e31,17.0,10,8.0,5.0,4.0,5.0,13.0,8.0,13.0,2.0,11.0,11,28.0,4.0,0.0
19053e31,0.0,0,0.0,0.0,0.0,0.0,0.0,0.0,0.0,0.0,0.0,1,1.0,0.0,0.0
eedea60b,2.0,1,1.0,0.0,1.0,2.0,2.0,0.0,0.0,0.0,0.0,0,2.0,10.0,4.0
ad82197c,25.0,17,10.0,11.0,4.0,13.0,22.0,9.0,36.0,20.0,16.0,42,67.0,81.0,1.0
b2336681,31.0,21,23.0,7.0,1.0,13.0,20.0,7.0,18.0,11.0,7.0,22,53.0,58.0,1.0
43e7a164,40.0,26,27.0,13.0,0.0,18.0,31.0,13.0,36.0,13.0,23.0,44,84.0,111.0,3.0
627b570a,1.0,0,0.0,0.0,1.0,1.0,2.0,1.0,0.0,0.0,0.0,0,1.0,0.0,0.0
1bd5bdc4,0.0,0,0.0,0.0,0.0,0.0,0.0,0.0,0.0,0.0,0.0,0,0.0,0.0,0.0
fffea3e5,13.0,10,3.0,6.0,4.0,8.0,17.0,9.0,6.0,0.0,6.0,4,17.0,2.0,0.0
836dc4a8,2.0,1,0.0,1.0,1.0,1.0,1.0,0.0,0.0,0.0,0.0,0,2.0,0.0,0.0
1b5b32d2,1.0,0,0.0,1.0,0.0,1.0,2.0,1.0,0.0,0.0,0.0,0,1.0,0.0,0.0
08f5afaa,0.0,0,0.0,0.0,0.0,0.0,1.0,1.0,0.0,0.0,0.0,0,0.0,7.0,1.0
a1dbfcb1,7.0,4,3.0,2.0,2.0,4.0,4.0,0.0,2.0,1.0,1.0,1,8.0,0.0,0.0
dff0c299,3.0,0,2.0,0.0,1.0,3.0,4.0,1.0,2.0,0.0,2.0,2,5.0,4.0,0.0
92d90c8f,2.0,2,2.0,0.0,0.0,1.0,1.0,0.0,0.0,0.0,0.0,1,3.0,0.0,0.0
9e7483ff,28.0,14,6.0,19.0,3.0,9.0,19.0,10.0,13.0,1.0,12.0,9,37.0,2.0,0.0
b4ef3fb5,0.0,0,0.0,0.0,0.0,0.0,0.0,0.0,0.0,0.0,0.0,0,0.0,0.0,0.0
0512a60a,25.0,10,13.0,9.0,3.0,13.0,15.0,2.0,13.0,5.0,8.0,16,41.0,30.0,0.0
9226aa22,22.0,11,6.0,10.0,6.0,9.0,26.0,17.0,12.0,1.0,11.0,12,34.0,1.0,0.0
9daeac61,37.0,25,26.0,9.0,2.0,14.0,27.0,13.0,18.0,2.0,16.0,19,56.0,26.0,1.0
6d7ede84,2.0,1,0.0,1.0,1.0,1.0,2.0,1.0,3.0,0.0,3.0,0,2.0,5.0,0.0
0e12089d,0.0,0,0.0,0.0,0.0,0.0,0.0,0.0,0.0,0.0,0.0,0,0.0,6.0,3.0
0cbc8baa,48.0,26,32.0,13.0,3.0,30.0,46.0,16.0,20.0,5.0,15.0,13,61.0,37.0,0.0
5b92d896,10.0,4,1.0,8.0,1.0,5.0,12.0,7.0,10.0,0.0,10.0,4,14.0,2.0,0.0
104b4ad3,3.0,2,1.0,2.0,0.0,0.0,6.0,6.0,0.0,0.0,0.0,1,4.0,2.0,0.0
0d7b6576,7.0,3,2.0,3.0,2.0,3.0,7.0,4.0,9.0,2.0,7.0,3,10.0,4.0,0.0
0b4f388a,13.0,8,2.0,5.0,6.0,5.0,9.0,4.0,12.0,3.0,9.0,5,18.0,12.0,0.0
1a066e69,23.0,12,16.0,5.0,2.0,12.0,16.0,4.0,25.0,15.0,10.0,31,54.0,73.0,0.0
bc7b4580,4.0,2,1.0,2.0,1.0,4.0,6.0,2.0,2.0,0.0,2.0,3,7.0,11.0,0.0
83f03b07,18.0,11,8.0,7.0,3.0,7.0,17.0,10.0,10.0,4.0,6.0,15,33.0,11.0,0.0
9c221d14,1.0,1,1.0,0.0,0.0,1.0,2.0,1.0,6.0,3.0,3.0,7,8.0,19.0,0.0
745ca0a3,6.0,3,1.0,3.0,2.0,0.0,3.0,3.0,5.0,0.0,5.0,0,6.0,2.0,0.0
745ca0a3,6.0,3,2.0,2.0,2.0,1.0,3.0,2.0,3.0,0.0,3.0,0,6.0,0.0,0.0
faf00ab8,27.0,14,10.0,15.0,2.0,12.0,17.0,5.0,6.0,1.0,5.0,4,31.0,3.0,0.0
4b792f35,0.0,0,0.0,0.0,0.0,0.0,0.0,0.0,0.0,0.0,0.0,1,1.0,0.0,0.0
375622c5,37.0,22,22.0,12.0,3.0,23.0,50.0,27.0,15.0,4.0,11.0,14,51.0,10.0,0.0
50ac8941,0.0,0,0.0,0.0,0.0,0.0,0.0,0.0,0.0,0.0,0.0,1,1.0,1.0,0.0
caef7840,32.0,17,10.0,13.0,9.0,14.0,39.0,25.0,22.0,4.0,18.0,21,53.0,10.0,0.0
5313ed43,19.0,8,6.0,12.0,1.0,8.0,22.0,14.0,10.0,3.0,7.0,14,33.0,9.0,0.0
9d420dad,0.0,0,0.0,0.0,0.0,0.0,0.0,0.0,0.0,0.0,0.0,1,1.0,1.0,1.0
822d51d7,63.0,30,26.0,32.0,5.0,31.0,57.0,26.0,31.0,3.0,28.0,28,91.0,24.0,0.0
90eb507d,16.0,12,8.0,5.0,3.0,9.0,16.0,7.0,7.0,4.0,3.0,19,35.0,12.0,0.0
90f87966,19.0,14,16.0,2.0,1.0,10.0,18.0,8.0,20.0,10.0,10.0,18,37.0,74.0,2.0
574aa9ec,0.0,0,0.0,0.0,0.0,0.0,0.0,0.0,0.0,0.0,0.0,0,0.0,0.0,0.0
00a8d210,55.0,35,25.0,25.0,5.0,28.0,53.0,25.0,22.0,4.0,18.0,29,84.0,29.0,1.0
4b96c347,4.0,2,0.0,1.0,3.0,2.0,4.0,2.0,3.0,0.0,3.0,2,6.0,0.0,0.0
db3164e1,2.0,2,2.0,0.0,0.0,2.0,3.0,1.0,0.0,0.0,0.0,2,4.0,11.0,0.0
42276181,17.0,8,4.0,10.0,3.0,7.0,20.0,13.0,9.0,1.0,8.0,8,25.0,0.0,0.0
23c63b7f,6.0,5,1.0,2.0,3.0,2.0,5.0,3.0,8.0,0.0,8.0,1,7.0,5.0,0.0
23c63b7f,0.0,0,0.0,0.0,0.0,0.0,0.0,0.0,0.0,0.0,0.0,0,0.0,1.0,0.0
868eaba0,40.0,23,20.0,17.0,3.0,25.0,67.0,42.0,24.0,6.0,18.0,22,62.0,17.0,1.0
badcdcae,13.0,6,4.0,6.0,3.0,4.0,9.0,5.0,5.0,0.0,5.0,4,17.0,5.0,0.0
ea0ff634,7.0,7,1.0,2.0,4.0,3.0,8.0,5.0,8.0,0.0,8.0,5,12.0,11.0,0.0
8827bf46,6.0,4,1.0,4.0,1.0,3.0,5.0,2.0,5.0,0.0,5.0,2,8.0,4.0,0.0
5b3cfa12,0.0,0,0.0,0.0,0.0,0.0,2.0,2.0,1.0,0.0,1.0,3,3.0,0.0,0.0
c5adc293,2.0,1,1.0,0.0,1.0,2.0,4.0,2.0,3.0,1.0,2.0,4,6.0,6.0,0.0
41eebdf5,28.0,15,14.0,12.0,2.0,7.0,10.0,3.0,19.0,5.0,14.0,36,64.0,52.0,1.0
3befc2b6,80.0,48,49.0,26.0,5.0,50.0,86.0,36.0,38.0,16.0,22.0,58,138.0,131.0,1.0
3708e9fa,45.0,26,13.0,24.0,8.0,20.0,50.0,30.0,18.0,0.0,18.0,26,71.0,8.0,0.0
1961b2aa,25.0,13,6.0,13.0,6.0,13.0,34.0,21.0,15.0,5.0,10.0,7,32.0,11.0,1.0
645a3363,30.0,16,10.0,14.0,6.0,13.0,37.0,24.0,13.0,2.0,11.0,11,41.0,7.0,1.0
b8c1de25,21.0,13,7.0,12.0,2.0,8.0,17.0,9.0,7.0,1.0,6.0,8,29.0,3.0,0.0
a9d4c241,36.0,17,23.0,10.0,3.0,19.0,28.0,9.0,21.0,8.0,13.0,33,69.0,45.0,0.0
aad56ca3,1.0,1,1.0,0.0,0.0,0.0,1.0,1.0,1.0,0.0,1.0,0,1.0,3.0,0.0
aad56ca3,19.0,10,5.0,6.0,8.0,3.0,14.0,11.0,9.0,0.0,9.0,5,24.0,4.0,0.0
06c48679,31.0,19,13.0,12.0,6.0,15.0,28.0,13.0,16.0,9.0,7.0,25,56.0,43.0,0.0
49136c42,16.0,8,9.0,6.0,1.0,8.0,13.0,5.0,18.0,9.0,9.0,21,37.0,36.0,0.0
4a987ffa,0.0,0,0.0,0.0,0.0,0.0,1.0,1.0,3.0,0.0,3.0,0,0.0,0.0,0.0
d5d22a58,6.0,4,0.0,5.0,1.0,3.0,4.0,1.0,1.0,0.0,1.0,2,8.0,0.0,0.0
f6857b4f,0.0,0,0.0,0.0,0.0,0.0,0.0,0.0,1.0,0.0,1.0,0,0.0,0.0,0.0
5ea8ef20,26.0,14,5.0,17.0,4.0,9.0,26.0,17.0,9.0,3.0,6.0,19,45.0,10.0,0.0
b73f17f8,19.0,13,6.0,11.0,2.0,6.0,11.0,5.0,13.0,1.0,12.0,6,25.0,3.0,0.0
7155e3e1,18.0,7,10.0,7.0,1.0,7.0,15.0,8.0,9.0,2.0,7.0,9,27.0,2.0,0.0
5d8d7454,12.0,8,7.0,3.0,2.0,6.0,9.0,3.0,8.0,1.0,7.0,13,25.0,13.0,1.0
923f4dda,0.0,0,0.0,0.0,0.0,0.0,0.0,0.0,0.0,0.0,0.0,0,0.0,0.0,0.0
7091324a,0.0,0,0.0,0.0,0.0,0.0,0.0,0.0,0.0,0.0,0.0,0,0.0,1.0,0.0
d56b9520,34.0,21,17.0,10.0,7.0,15.0,32.0,17.0,21.0,4.0,17.0,24,58.0,21.0,1.0
576817b7,14.0,11,8.0,5.0,1.0,6.0,9.0,3.0,4.0,2.0,2.0,8,22.0,8.0,0.0
5167c97e,19.0,13,8.0,6.0,5.0,9.0,15.0,6.0,21.0,7.0,14.0,28,47.0,22.0,0.0
e42d61c7,40.0,24,14.0,16.0,10.0,23.0,38.0,15.0,25.0,1.0,24.0,9,49.0,9.0,0.0
a94571f6,0.0,0,0.0,0.0,0.0,0.0,2.0,2.0,0.0,0.0,0.0,1,1.0,1.0,0.0
0b4d8274,6.0,2,3.0,1.0,2.0,2.0,4.0,2.0,4.0,0.0,4.0,1,7.0,1.0,0.0
52cd0e88,0.0,0,0.0,0.0,0.0,0.0,0.0,0.0,0.0,0.0,0.0,0,0.0,0.0,0.0
e7d59f4f,6.0,4,0.0,3.0,3.0,3.0,7.0,4.0,4.0,1.0,3.0,4,10.0,6.0,0.0
07ace8c3,0.0,0,0.0,0.0,0.0,0.0,0.0,0.0,0.0,0.0,0.0,0,0.0,0.0,0.0
563fcd6b,17.0,12,9.0,6.0,2.0,11.0,22.0,11.0,8.0,0.0,8.0,5,22.0,4.0,0.0
f28474a4,4.0,1,1.0,0.0,3.0,3.0,5.0,2.0,1.0,0.0,1.0,1,5.0,2.0,0.0
3681cfff,10.0,4,7.0,2.0,1.0,4.0,12.0,8.0,15.0,11.0,4.0,20,30.0,47.0,0.0
61b77d0a,6.0,4,2.0,2.0,2.0,2.0,5.0,3.0,0.0,0.0,0.0,0,6.0,5.0,0.0
db7849ca,28.0,18,14.0,6.0,8.0,12.0,25.0,13.0,15.0,1.0,14.0,18,46.0,10.0,0.0
00891164,37.0,27,22.0,13.0,2.0,12.0,19.0,7.0,28.0,15.0,13.0,34,71.0,80.0,0.0
910e3cad,1.0,1,1.0,0.0,0.0,1.0,1.0,0.0,0.0,0.0,0.0,0,1.0,0.0,0.0
d14229f3,35.0,18,16.0,14.0,5.0,13.0,32.0,19.0,25.0,0.0,25.0,2,37.0,7.0,0.0
fb0ee44e,23.0,16,3.0,13.0,7.0,10.0,25.0,15.0,8.0,0.0,8.0,7,30.0,15.0,0.0
c9f49454,3.0,3,0.0,1.0,2.0,2.0,4.0,2.0,2.0,0.0,2.0,1,4.0,1.0,0.0
546bb36e,25.0,14,13.0,11.0,1.0,10.0,28.0,18.0,17.0,4.0,13.0,18,43.0,24.0,0.0
cf182add,38.0,16,14.0,15.0,9.0,15.0,26.0,11.0,21.0,4.0,17.0,17,55.0,29.0,0.0
dbd3a428,28.0,15,10.0,10.0,8.0,11.0,39.0,28.0,21.0,1.0,20.0,6,34.0,2.0,0.0
a0415710,5.0,2,3.0,2.0,0.0,2.0,6.0,4.0,2.0,0.0,2.0,4,9.0,7.0,0.0
96f4ebc0,1.0,1,0.0,0.0,1.0,0.0,0.0,0.0,0.0,0.0,0.0,0,1.0,0.0,0.0
eeba07f8,4.0,1,1.0,2.0,1.0,1.0,3.0,2.0,1.0,0.0,1.0,3,7.0,6.0,0.0
300ec91c,0.0,0,0.0,0.0,0.0,0.0,1.0,1.0,1.0,0.0,1.0,0,0.0,0.0,0.0
5cb215fc,25.0,11,20.0,5.0,0.0,10.0,15.0,5.0,14.0,12.0,2.0,17,42.0,61.0,1.0
45cce300,0.0,0,0.0,0.0,0.0,0.0,1.0,1.0,1.0,0.0,1.0,0,0.0,0.0,0.0
5b4bc323,33.0,21,21.0,10.0,2.0,19.0,35.0,16.0,13.0,2.0,11.0,24,57.0,29.0,2.0
56ae428b,27.0,15,18.0,8.0,1.0,14.0,20.0,6.0,33.0,22.0,11.0,35,62.0,120.0,0.0
f323d995,33.0,20,24.0,7.0,2.0,18.0,33.0,15.0,25.0,13.0,12.0,21,54.0,82.0,1.0
c066d1a5,17.0,12,8.0,8.0,1.0,13.0,20.0,7.0,9.0,1.0,8.0,7,24.0,12.0,1.0
32f3d97e,0.0,0,0.0,0.0,0.0,0.0,2.0,2.0,3.0,1.0,2.0,0,0.0,1.0,0.0
5b1bf5e3,0.0,0,0.0,0.0,0.0,0.0,0.0,0.0,0.0,0.0,0.0,0,0.0,1.0,0.0
bf4c41f9,9.0,3,2.0,4.0,3.0,2.0,10.0,8.0,14.0,1.0,13.0,1,10.0,6.0,0.0
dd211559,51.0,28,34.0,11.0,6.0,24.0,38.0,14.0,26.0,2.0,24.0,25,76.0,61.0,1.0
a426a912,2.0,0,2.0,0.0,0.0,1.0,1.0,0.0,1.0,1.0,0.0,2,4.0,1.0,0.0
3814120d,0.0,0,0.0,0.0,0.0,0.0,0.0,0.0,0.0,0.0,0.0,0,0.0,2.0,0.0
c5908bc4,3.0,2,1.0,2.0,0.0,0.0,2.0,2.0,1.0,0.0,1.0,1,4.0,0.0,0.0
c43a8336,3.0,2,2.0,0.0,1.0,0.0,1.0,1.0,1.0,0.0,1.0,4,7.0,8.0,0.0
c9f2f83a,4.0,2,4.0,0.0,0.0,2.0,4.0,2.0,3.0,3.0,0.0,0,4.0,13.0,1.0
796b1c41,31.0,17,11.0,16.0,4.0,10.0,29.0,19.0,16.0,2.0,14.0,24,55.0,5.0,0.0
2677a1de,14.0,8,6.0,7.0,1.0,3.0,13.0,10.0,9.0,1.0,8.0,7,21.0,9.0,0.0
3670aa71,0.0,0,0.0,0.0,0.0,0.0,0.0,0.0,0.0,0.0,0.0,0,0.0,0.0,0.0
aef6e670,17.0,8,9.0,6.0,2.0,9.0,13.0,4.0,12.0,7.0,5.0,12,29.0,9.0,1.0
3935e52e,34.0,24,20.0,9.0,5.0,14.0,20.0,6.0,15.0,1.0,14.0,25,59.0,18.0,0.0
1361e5bc,8.0,4,3.0,4.0,1.0,6.0,7.0,1.0,1.0,0.0,1.0,4,12.0,1.0,0.0
04bb2b06,9.0,5,4.0,4.0,1.0,4.0,6.0,2.0,5.0,0.0,5.0,2,11.0,8.0,0.0
e6eadfb8,20.0,13,17.0,3.0,0.0,10.0,15.0,5.0,6.0,2.0,4.0,8,28.0,19.0,1.0
86a2ba20,24.0,16,17.0,5.0,2.0,9.0,20.0,11.0,21.0,8.0,13.0,36,60.0,29.0,0.0
562a4799,10.0,6,4.0,4.0,2.0,8.0,13.0,5.0,7.0,3.0,4.0,9,19.0,22.0,1.0
c385bf49,17.0,10,10.0,3.0,4.0,4.0,8.0,4.0,12.0,4.0,8.0,5,22.0,10.0,0.0
397ba086,10.0,3,1.0,7.0,2.0,2.0,5.0,3.0,6.0,2.0,4.0,4,14.0,7.0,0.0
c90f380c,4.0,2,4.0,0.0,0.0,0.0,0.0,0.0,3.0,0.0,3.0,0,4.0,0.0,0.0
7cdda3bf,25.0,12,7.0,13.0,5.0,10.0,19.0,9.0,18.0,2.0,16.0,5,30.0,11.0,0.0
7cdda3bf,1.0,1,1.0,0.0,0.0,0.0,1.0,1.0,1.0,0.0,1.0,0,1.0,1.0,0.0
9dbb75ca,34.0,18,7.0,12.0,15.0,8.0,23.0,15.0,16.0,0.0,16.0,13,47.0,4.0,0.0
eb0db257,6.0,3,2.0,3.0,1.0,4.0,9.0,5.0,5.0,0.0,5.0,2,8.0,3.0,0.0
4e7db402,0.0,0,0.0,0.0,0.0,0.0,1.0,1.0,0.0,0.0,0.0,0,0.0,12.0,2.0
770d7eb8,17.0,7,14.0,3.0,0.0,12.0,21.0,9.0,5.0,3.0,2.0,11,28.0,16.0,0.0
01870104,2.0,2,0.0,1.0,1.0,0.0,9.0,9.0,1.0,1.0,0.0,0,2.0,1.0,0.0
f066022d,21.0,15,17.0,3.0,1.0,16.0,22.0,6.0,29.0,25.0,4.0,18,39.0,108.0,2.0
0ed063d6,13.0,8,8.0,4.0,1.0,6.0,8.0,2.0,10.0,1.0,9.0,17,30.0,24.0,0.0
2d22cea7,8.0,7,3.0,4.0,1.0,3.0,7.0,4.0,5.0,1.0,4.0,4,12.0,1.0,0.0
afe39ca8,20.0,14,11.0,7.0,2.0,11.0,25.0,14.0,18.0,1.0,17.0,13,33.0,15.0,0.0
547a72ad,6.0,4,5.0,0.0,1.0,4.0,6.0,2.0,4.0,0.0,4.0,2,8.0,4.0,0.0
88c4d190,9.0,6,3.0,6.0,0.0,1.0,20.0,19.0,17.0,1.0,16.0,6,15.0,23.0,0.0
6f806d99,84.0,50,40.0,33.0,11.0,33.0,82.0,49.0,37.0,4.0,33.0,21,105.0,30.0,1.0
2321ea6e,49.0,22,35.0,11.0,3.0,31.0,42.0,11.0,18.0,5.0,13.0,27,76.0,72.0,1.0
321a71a7,36.0,23,23.0,11.0,2.0,16.0,25.0,9.0,20.0,12.0,8.0,29,65.0,61.0,0.0
5bf26efc,0.0,0,0.0,0.0,0.0,0.0,0.0,0.0,0.0,0.0,0.0,0,0.0,0.0,0.0
2fa2a875,0.0,0,0.0,0.0,0.0,0.0,1.0,1.0,0.0,0.0,0.0,0,0.0,0.0,0.0
f5044e54,55.0,36,28.0,24.0,3.0,30.0,67.0,37.0,27.0,6.0,21.0,38,93.0,27.0,1.0
8ca9415f,1.0,1,1.0,0.0,0.0,0.0,1.0,1.0,4.0,0.0,4.0,0,1.0,1.0,0.0
2b471f99,32.0,21,11.0,14.0,7.0,12.0,18.0,6.0,13.0,5.0,8.0,11,43.0,20.0,0.0
1e52971c,40.0,23,17.0,17.0,6.0,22.0,45.0,23.0,22.0,3.0,19.0,19,59.0,12.0,0.0
1e7aea56,0.0,0,0.0,0.0,0.0,0.0,2.0,2.0,0.0,0.0,0.0,0,0.0,8.0,0.0
fcc84a07,39.0,27,16.0,21.0,2.0,25.0,41.0,16.0,20.0,2.0,18.0,8,47.0,4.0,0.0
17e25e72,1.0,1,0.0,1.0,0.0,0.0,0.0,0.0,1.0,0.0,1.0,1,2.0,0.0,0.0
f7691f63,38.0,24,20.0,13.0,5.0,29.0,48.0,19.0,23.0,4.0,19.0,14,52.0,23.0,0.0
fd78b105,0.0,0,0.0,0.0,0.0,0.0,0.0,0.0,1.0,0.0,1.0,0,0.0,3.0,0.0
40221fa7,32.0,16,22.0,4.0,6.0,16.0,27.0,11.0,17.0,4.0,13.0,20,52.0,21.0,0.0
40221fa7,3.0,2,2.0,1.0,0.0,2.0,2.0,0.0,1.0,0.0,1.0,2,5.0,3.0,0.0
f00de885,1.0,0,1.0,0.0,0.0,1.0,2.0,1.0,0.0,0.0,0.0,2,3.0,8.0,0.0
7c2965bb,12.0,7,4.0,6.0,2.0,4.0,18.0,14.0,9.0,2.0,7.0,5,17.0,6.0,0.0
20b9f052,0.0,0,0.0,0.0,0.0,0.0,1.0,1.0,0.0,0.0,0.0,0,0.0,4.0,1.0
64c14d49,31.0,18,14.0,11.0,6.0,17.0,43.0,26.0,20.0,2.0,18.0,19,50.0,18.0,0.0
fc4cf6a7,45.0,27,24.0,18.0,3.0,25.0,33.0,8.0,32.0,8.0,24.0,22,67.0,38.0,0.0
1a2935f6,12.0,8,12.0,0.0,0.0,10.0,15.0,5.0,7.0,5.0,2.0,13,25.0,29.0,1.0
a99138af,9.0,5,3.0,5.0,1.0,6.0,12.0,6.0,2.0,1.0,1.0,4,13.0,2.0,0.0
5b9512c5,22.0,15,14.0,5.0,3.0,10.0,12.0,2.0,28.0,16.0,12.0,37,59.0,49.0,0.0
e05082d1,14.0,6,5.0,8.0,1.0,4.0,7.0,3.0,4.0,0.0,4.0,7,21.0,3.0,1.0
b3f8bdef,39.0,24,13.0,19.0,7.0,16.0,26.0,10.0,15.0,4.0,11.0,16,55.0,22.0,0.0
dfc5d4fa,3.0,1,2.0,1.0,0.0,1.0,2.0,1.0,2.0,0.0,2.0,1,4.0,1.0,0.0
d4d35152,34.0,20,15.0,18.0,1.0,19.0,45.0,26.0,12.0,1.0,11.0,16,50.0,11.0,0.0
caa7aaea,68.0,41,23.0,38.0,7.0,39.0,72.0,33.0,39.0,10.0,29.0,21,89.0,40.0,0.0
fc46aab1,20.0,9,9.0,8.0,3.0,3.0,16.0,13.0,11.0,0.0,11.0,15,35.0,5.0,1.0
22bfb57e,6.0,4,2.0,4.0,0.0,2.0,10.0,8.0,2.0,1.0,1.0,5,11.0,1.0,0.0
654f49ca,1.0,0,0.0,1.0,0.0,0.0,2.0,2.0,3.0,1.0,2.0,0,1.0,1.0,0.0
48d5bd33,10.0,4,2.0,5.0,3.0,4.0,7.0,3.0,5.0,0.0,5.0,1,11.0,5.0,0.0
0f86995c,0.0,0,0.0,0.0,0.0,0.0,1.0,1.0,0.0,0.0,0.0,0,0.0,0.0,0.0
1d2d5cc8,0.0,0,0.0,0.0,0.0,0.0,1.0,1.0,0.0,0.0,0.0,0,0.0,6.0,2.0
c801616a,19.0,12,6.0,10.0,3.0,9.0,24.0,15.0,13.0,1.0,12.0,21,40.0,14.0,1.0
c4173f1a,0.0,0,0.0,0.0,0.0,0.0,0.0,0.0,0.0,0.0,0.0,0,0.0,3.0,2.0
706a60e1,3.0,1,0.0,2.0,1.0,3.0,6.0,3.0,1.0,0.0,1.0,2,5.0,1.0,0.0
e54a9890,35.0,23,17.0,15.0,3.0,12.0,23.0,11.0,26.0,2.0,24.0,13,48.0,20.0,0.0
740f00ac,44.0,22,23.0,16.0,5.0,20.0,46.0,26.0,13.0,1.0,12.0,15,59.0,16.0,0.0
d9764034,32.0,19,18.0,14.0,0.0,10.0,23.0,13.0,25.0,17.0,8.0,27,59.0,50.0,0.0
d5f2f82b,20.0,13,11.0,8.0,1.0,13.0,18.0,5.0,25.0,16.0,9.0,19,39.0,56.0,2.0
468fdbad,7.0,6,4.0,3.0,0.0,5.0,12.0,7.0,2.0,1.0,1.0,5,12.0,3.0,0.0
3ef0fa48,15.0,8,6.0,4.0,5.0,4.0,13.0,9.0,4.0,1.0,3.0,3,18.0,2.0,0.0
eba1e557,14.0,6,6.0,7.0,1.0,3.0,7.0,4.0,6.0,1.0,5.0,3,17.0,2.0,0.0
6ea05ca7,2.0,1,1.0,0.0,1.0,0.0,1.0,1.0,1.0,0.0,1.0,2,4.0,0.0,0.0
15944afd,10.0,4,4.0,5.0,1.0,4.0,9.0,5.0,7.0,3.0,4.0,6,16.0,9.0,0.0
cf1ef7ec,0.0,0,0.0,0.0,0.0,0.0,0.0,0.0,3.0,3.0,0.0,2,2.0,7.0,0.0
cf1ef7ec,3.0,2,0.0,2.0,1.0,0.0,1.0,1.0,1.0,1.0,0.0,1,4.0,4.0,0.0
70d4c949,1.0,1,0.0,0.0,1.0,1.0,1.0,0.0,0.0,0.0,0.0,0,1.0,0.0,0.0
a17a94d6,48.0,33,25.0,17.0,6.0,27.0,41.0,14.0,21.0,7.0,14.0,36,84.0,33.0,0.0
87d31635,2.0,1,1.0,1.0,0.0,1.0,5.0,4.0,0.0,0.0,0.0,1,3.0,5.0,0.0
30144daa,14.0,11,5.0,6.0,3.0,10.0,19.0,9.0,13.0,0.0,13.0,3,17.0,8.0,0.0
2c70d915,2.0,0,1.0,1.0,0.0,1.0,3.0,2.0,0.0,0.0,0.0,3,5.0,1.0,0.0
b20cc590,4.0,2,3.0,1.0,0.0,2.0,4.0,2.0,2.0,0.0,2.0,6,10.0,32.0,0.0
42fd9c7f,5.0,2,0.0,2.0,3.0,1.0,6.0,5.0,4.0,0.0,4.0,4,9.0,3.0,0.0
e76cb9cc,29.0,20,18.0,10.0,1.0,16.0,20.0,4.0,21.0,11.0,10.0,34,63.0,64.0,0.0
890bc029,0.0,0,0.0,0.0,0.0,0.0,0.0,0.0,0.0,0.0,0.0,0,0.0,0.0,0.0
46750e9c,2.0,1,2.0,0.0,0.0,2.0,2.0,0.0,0.0,0.0,0.0,0,2.0,0.0,0.0
6f5ec8bb,25.0,15,12.0,13.0,0.0,8.0,24.0,16.0,14.0,5.0,9.0,18,43.0,47.0,1.0
04ac78d2,4.0,1,3.0,0.0,1.0,2.0,6.0,4.0,11.0,9.0,2.0,4,8.0,21.0,0.0
d21e361a,17.0,11,5.0,10.0,2.0,8.0,12.0,4.0,7.0,0.0,7.0,4,21.0,0.0,0.0
70c52749,15.0,10,5.0,8.0,2.0,6.0,9.0,3.0,8.0,2.0,6.0,11,26.0,15.0,0.0
f20e4cc9,29.0,21,20.0,8.0,1.0,22.0,29.0,7.0,10.0,2.0,8.0,13,42.0,12.0,0.0
c6e5d20f,40.0,20,19.0,19.0,2.0,28.0,33.0,5.0,20.0,8.0,12.0,39,79.0,40.0,3.0
3322e296,7.0,5,4.0,3.0,0.0,4.0,8.0,4.0,3.0,0.0,3.0,1,8.0,7.0,0.0
9f0f4b49,4.0,2,3.0,0.0,1.0,2.0,2.0,0.0,2.0,0.0,2.0,4,8.0,4.0,0.0
e472a6f6,46.0,19,22.0,17.0,7.0,27.0,36.0,9.0,21.0,4.0,17.0,14,60.0,19.0,0.0
9bdd8118,53.0,28,29.0,20.0,4.0,28.0,44.0,16.0,22.0,7.0,15.0,27,80.0,25.0,0.0
0bfca6a1,22.0,13,14.0,6.0,2.0,12.0,25.0,13.0,18.0,4.0,14.0,18,40.0,21.0,0.0
d70ce98e,19.0,13,1.0,9.0,9.0,7.0,18.0,11.0,8.0,0.0,8.0,0,19.0,0.0,0.0
85613cf0,1.0,1,0.0,0.0,1.0,0.0,1.0,1.0,0.0,0.0,0.0,0,1.0,2.0,0.0
f833a830,10.0,5,3.0,5.0,2.0,5.0,23.0,18.0,14.0,0.0,14.0,5,15.0,3.0,0.0
065dc209,1.0,0,0.0,1.0,0.0,0.0,3.0,3.0,0.0,0.0,0.0,0,1.0,1.0,0.0
065dc209,8.0,5,1.0,4.0,3.0,3.0,5.0,2.0,11.0,3.0,8.0,3,11.0,10.0,0.0
595e6f3e,12.0,8,5.0,3.0,4.0,6.0,12.0,6.0,14.0,1.0,13.0,5,17.0,27.0,0.0
7e82a78f,2.0,1,0.0,0.0,2.0,1.0,5.0,4.0,5.0,0.0,5.0,2,4.0,5.0,0.0
8499c713,2.0,2,2.0,0.0,0.0,2.0,3.0,1.0,1.0,1.0,0.0,0,2.0,0.0,0.0
3eaf8817,1.0,0,1.0,0.0,0.0,0.0,1.0,1.0,1.0,0.0,1.0,0,1.0,4.0,0.0
19ba6c6d,5.0,2,0.0,3.0,2.0,0.0,5.0,5.0,6.0,3.0,3.0,2,7.0,8.0,0.0
71d10572,3.0,1,1.0,1.0,1.0,1.0,2.0,1.0,5.0,3.0,2.0,2,5.0,8.0,0.0
af0c835b,37.0,22,15.0,16.0,6.0,10.0,29.0,19.0,13.0,2.0,11.0,19,56.0,7.0,0.0
ac73ec79,29.0,22,15.0,6.0,8.0,18.0,27.0,9.0,22.0,9.0,13.0,13,42.0,15.0,0.0
2acf0cd7,39.0,18,9.0,22.0,8.0,15.0,31.0,16.0,21.0,5.0,16.0,17,56.0,27.0,0.0
dc29b608,0.0,0,0.0,0.0,0.0,0.0,0.0,0.0,0.0,0.0,0.0,2,2.0,3.0,2.0
e110ea4b,3.0,2,2.0,1.0,0.0,1.0,1.0,0.0,2.0,0.0,2.0,2,5.0,0.0,0.0
65c55288,10.0,7,5.0,5.0,0.0,3.0,5.0,2.0,6.0,3.0,3.0,7,17.0,14.0,0.0
87e9c7cd,8.0,5,5.0,1.0,2.0,7.0,15.0,8.0,9.0,2.0,7.0,7,15.0,6.0,0.0
69384e5d,22.0,14,6.0,9.0,7.0,9.0,19.0,10.0,7.0,1.0,6.0,4,26.0,1.0,1.0
46faabfa,1.0,0,0.0,1.0,0.0,0.0,3.0,3.0,2.0,0.0,2.0,1,2.0,2.0,0.0
2054d037,10.0,6,1.0,6.0,3.0,3.0,10.0,7.0,14.0,1.0,13.0,1,11.0,16.0,0.0
3f319bb9,40.0,17,29.0,11.0,0.0,25.0,36.0,11.0,37.0,29.0,8.0,37,77.0,111.0,0.0
7b9a9e25,15.0,6,7.0,7.0,1.0,8.0,13.0,5.0,13.0,0.0,13.0,6,21.0,4.0,0.0
374fbf7d,18.0,10,4.0,10.0,4.0,9.0,21.0,12.0,4.0,1.0,3.0,13,31.0,9.0,0.0
afb0c500,0.0,0,0.0,0.0,0.0,0.0,1.0,1.0,0.0,0.0,0.0,1,1.0,5.0,3.0
6043997c,14.0,9,9.0,4.0,1.0,6.0,6.0,0.0,12.0,10.0,2.0,8,22.0,43.0,1.0
35516eac,15.0,11,8.0,5.0,2.0,6.0,18.0,12.0,7.0,0.0,7.0,10,25.0,3.0,0.0
6993927b,20.0,11,13.0,6.0,1.0,13.0,26.0,13.0,17.0,10.0,7.0,11,31.0,34.0,1.0
4534a352,4.0,2,3.0,1.0,0.0,3.0,5.0,2.0,4.0,1.0,3.0,6,10.0,13.0,1.0
c631f952,1.0,0,1.0,0.0,0.0,0.0,0.0,0.0,0.0,0.0,0.0,0,1.0,8.0,1.0
ff4df82e,5.0,3,0.0,2.0,3.0,2.0,5.0,3.0,2.0,0.0,2.0,0,5.0,4.0,0.0
b5bb8188,13.0,8,2.0,11.0,0.0,4.0,6.0,2.0,4.0,1.0,3.0,7,20.0,6.0,0.0
8652a85c,4.0,4,1.0,2.0,1.0,1.0,7.0,6.0,6.0,0.0,6.0,1,5.0,0.0,0.0
2f9e4435,41.0,26,20.0,11.0,10.0,15.0,28.0,13.0,24.0,6.0,18.0,19,60.0,21.0,0.0
6b4436ba,0.0,0,0.0,0.0,0.0,0.0,1.0,1.0,0.0,0.0,0.0,2,2.0,0.0,0.0
83299cc0,2.0,1,1.0,1.0,0.0,0.0,1.0,1.0,1.0,0.0,1.0,0,2.0,0.0,0.0
83299cc0,19.0,8,5.0,13.0,1.0,10.0,20.0,10.0,8.0,0.0,8.0,15,34.0,4.0,1.0
ed90babd,15.0,8,3.0,8.0,4.0,4.0,9.0,5.0,13.0,0.0,13.0,5,20.0,4.0,0.0
cd9b37a3,1.0,1,1.0,0.0,0.0,0.0,0.0,0.0,0.0,0.0,0.0,1,2.0,0.0,0.0
779847d6,49.0,33,39.0,8.0,2.0,28.0,41.0,13.0,29.0,16.0,13.0,19,68.0,75.0,2.0
e5c1e0ca,30.0,18,23.0,6.0,1.0,12.0,19.0,7.0,39.0,17.0,22.0,19,49.0,110.0,0.0
9b6f7fd5,5.0,4,0.0,5.0,0.0,1.0,3.0,2.0,2.0,0.0,2.0,1,6.0,3.0,0.0
dff153a4,1.0,1,1.0,0.0,0.0,1.0,1.0,0.0,2.0,1.0,1.0,1,2.0,0.0,0.0
58ae47b2,4.0,3,1.0,2.0,1.0,2.0,7.0,5.0,4.0,0.0,4.0,0,4.0,2.0,0.0
f8ce97ca,2.0,2,1.0,0.0,1.0,0.0,1.0,1.0,2.0,0.0,2.0,3,5.0,2.0,0.0
0810b6df,0.0,0,0.0,0.0,0.0,0.0,0.0,0.0,0.0,0.0,0.0,0,0.0,1.0,0.0
57e3f0c7,16.0,8,9.0,4.0,3.0,8.0,17.0,9.0,15.0,0.0,15.0,1,17.0,1.0,0.0
5c42e7ce,6.0,5,5.0,1.0,0.0,1.0,5.0,4.0,2.0,2.0,0.0,2,8.0,8.0,1.0
8fd9996f,20.0,9,9.0,8.0,3.0,9.0,12.0,3.0,15.0,10.0,5.0,21,41.0,28.0,0.0
8846a40f,17.0,7,5.0,11.0,1.0,9.0,26.0,17.0,8.0,1.0,7.0,14,31.0,11.0,0.0
10dd88f9,11.0,3,2.0,6.0,3.0,6.0,23.0,17.0,10.0,0.0,10.0,7,18.0,7.0,0.0
49070d66,27.0,15,16.0,9.0,2.0,14.0,30.0,16.0,8.0,6.0,2.0,18,45.0,33.0,0.0
64ba07c0,25.0,18,11.0,12.0,2.0,15.0,17.0,2.0,16.0,3.0,13.0,9,34.0,22.0,0.0
e546b2e3,20.0,13,7.0,10.0,3.0,9.0,23.0,14.0,19.0,2.0,17.0,11,31.0,6.0,0.0
be98f358,5.0,4,2.0,1.0,2.0,2.0,3.0,1.0,3.0,0.0,3.0,3,8.0,2.0,0.0
7d704e92,29.0,17,21.0,7.0,1.0,11.0,26.0,15.0,18.0,13.0,5.0,28,57.0,66.0,0.0
51c30111,26.0,12,6.0,17.0,3.0,18.0,27.0,9.0,21.0,7.0,14.0,21,47.0,18.0,0.0
7be7c08b,1.0,1,0.0,0.0,1.0,0.0,0.0,0.0,1.0,0.0,1.0,1,2.0,0.0,0.0
1b729a98,0.0,0,0.0,0.0,0.0,0.0,0.0,0.0,0.0,0.0,0.0,0,0.0,1.0,0.0
67f649be,0.0,0,0.0,0.0,0.0,0.0,0.0,0.0,0.0,0.0,0.0,0,0.0,0.0,1.0
8dbff17c,13.0,9,10.0,2.0,1.0,11.0,21.0,10.0,3.0,2.0,1.0,10,23.0,31.0,1.0
08511d65,28.0,20,12.0,14.0,2.0,19.0,33.0,14.0,21.0,9.0,12.0,20,48.0,47.0,2.0
ef619b0b,38.0,19,15.0,16.0,7.0,11.0,23.0,12.0,19.0,4.0,15.0,13,51.0,13.0,0.0
79a793b7,1.0,1,0.0,0.0,1.0,1.0,1.0,0.0,0.0,0.0,0.0,2,3.0,0.0,0.0
25749008,24.0,14,7.0,11.0,6.0,6.0,21.0,15.0,16.0,2.0,14.0,17,41.0,13.0,0.0
40ef7347,41.0,31,19.0,16.0,6.0,18.0,43.0,25.0,28.0,0.0,28.0,17,58.0,4.0,0.0
fb3236a7,19.0,10,11.0,7.0,1.0,11.0,15.0,4.0,16.0,2.0,14.0,26,45.0,34.0,0.0
d504b3e1,1.0,0,0.0,1.0,0.0,0.0,1.0,1.0,1.0,0.0,1.0,0,1.0,0.0,0.0
d504b3e1,8.0,5,1.0,5.0,2.0,5.0,9.0,4.0,4.0,0.0,4.0,6,14.0,0.0,0.0
102c9665,13.0,9,8.0,5.0,0.0,6.0,8.0,2.0,3.0,1.0,2.0,7,20.0,19.0,0.0
7f41ee30,1.0,0,1.0,0.0,0.0,1.0,1.0,0.0,0.0,0.0,0.0,0,1.0,2.0,0.0
beae3a73,32.0,20,12.0,15.0,5.0,15.0,38.0,23.0,18.0,0.0,18.0,7,39.0,5.0,0.0
8d62d31a,10.0,6,8.0,2.0,0.0,4.0,10.0,6.0,15.0,11.0,4.0,9,19.0,45.0,1.0
ed45c4a5,52.0,31,14.0,32.0,6.0,23.0,45.0,22.0,34.0,7.0,27.0,32,84.0,20.0,1.0
1a6b7ea4,22.0,12,11.0,8.0,3.0,8.0,14.0,6.0,9.0,3.0,6.0,14,36.0,21.0,0.0
9b545925,45.0,30,38.0,7.0,0.0,22.0,42.0,20.0,39.0,19.0,20.0,39,84.0,92.0,4.0
90a9cc01,1.0,1,1.0,0.0,0.0,0.0,1.0,1.0,2.0,1.0,1.0,3,4.0,0.0,0.0
c0c7ff58,41.0,16,15.0,22.0,4.0,30.0,50.0,20.0,15.0,1.0,14.0,9,50.0,8.0,1.0
8299e363,3.0,2,3.0,0.0,0.0,3.0,5.0,2.0,4.0,1.0,3.0,3,6.0,5.0,0.0
6388e356,33.0,17,17.0,11.0,5.0,22.0,29.0,7.0,30.0,10.0,20.0,24,57.0,39.0,1.0
90fcf472,4.0,1,1.0,2.0,1.0,2.0,5.0,3.0,4.0,0.0,4.0,1,5.0,1.0,0.0
93c942fb,7.0,5,3.0,4.0,0.0,4.0,10.0,6.0,4.0,2.0,2.0,4,11.0,5.0,0.0
c9151d66,43.0,22,21.0,17.0,5.0,21.0,40.0,19.0,15.0,1.0,14.0,24,67.0,8.0,0.0
87935cf3,6.0,3,2.0,4.0,0.0,2.0,4.0,2.0,9.0,7.0,2.0,5,11.0,25.0,1.0
cad3fd4d,2.0,1,2.0,0.0,0.0,0.0,5.0,5.0,2.0,0.0,2.0,2,4.0,0.0,0.0
bc7cc472,11.0,9,3.0,7.0,1.0,2.0,12.0,10.0,8.0,2.0,6.0,9,20.0,2.0,0.0
c3725db2,33.0,17,20.0,10.0,3.0,16.0,25.0,9.0,25.0,16.0,9.0,29,62.0,91.0,0.0
fb14aa28,34.0,14,10.0,16.0,8.0,9.0,19.0,10.0,21.0,3.0,18.0,4,38.0,8.0,0.0
60d90c55,1.0,0,1.0,0.0,0.0,1.0,1.0,0.0,2.0,0.0,2.0,0,1.0,8.0,0.0
032f894e,3.0,0,0.0,1.0,2.0,1.0,5.0,4.0,6.0,0.0,6.0,8,11.0,2.0,0.0
2c0f8e9e,14.0,12,3.0,8.0,3.0,1.0,9.0,8.0,6.0,0.0,6.0,2,16.0,3.0,0.0
6e7f1353,11.0,7,4.0,3.0,4.0,1.0,10.0,9.0,11.0,1.0,10.0,11,22.0,4.0,0.0
5e22e2a4,29.0,16,8.0,18.0,3.0,14.0,28.0,14.0,10.0,3.0,7.0,12,41.0,11.0,0.0
9744ff80,5.0,4,2.0,2.0,1.0,1.0,7.0,6.0,3.0,0.0,3.0,2,7.0,0.0,0.0
f527a32c,23.0,10,11.0,3.0,9.0,9.0,25.0,16.0,11.0,0.0,11.0,5,28.0,5.0,0.0
d5326924,5.0,4,0.0,4.0,1.0,0.0,0.0,0.0,1.0,0.0,1.0,0,5.0,1.0,0.0
4315f30d,4.0,3,3.0,1.0,0.0,1.0,5.0,4.0,7.0,3.0,4.0,12,16.0,23.0,1.0
6bde367b,33.0,23,15.0,13.0,5.0,16.0,41.0,25.0,22.0,3.0,19.0,23,56.0,8.0,1.0
53af52f3,0.0,0,0.0,0.0,0.0,0.0,2.0,2.0,1.0,0.0,1.0,1,1.0,7.0,0.0
cea59f02,36.0,23,24.0,9.0,3.0,22.0,34.0,12.0,20.0,13.0,7.0,37,73.0,38.0,2.0
834b5c4c,2.0,1,2.0,0.0,0.0,2.0,2.0,0.0,0.0,0.0,0.0,2,4.0,16.0,0.0
1d383c10,0.0,0,0.0,0.0,0.0,0.0,1.0,1.0,1.0,0.0,1.0,0,0.0,1.0,0.0
9c2b1f11,1.0,1,1.0,0.0,0.0,0.0,2.0,2.0,1.0,0.0,1.0,0,1.0,0.0,0.0
92ffb8f9,1.0,1,1.0,0.0,0.0,1.0,3.0,2.0,7.0,1.0,6.0,1,2.0,0.0,0.0
30af8b93,49.0,36,28.0,18.0,3.0,29.0,47.0,18.0,19.0,6.0,13.0,14,63.0,43.0,1.0
fdbde523,12.0,6,1.0,8.0,3.0,2.0,9.0,7.0,5.0,0.0,5.0,3,15.0,12.0,0.0
5f3eaaf5,16.0,9,5.0,7.0,4.0,5.0,9.0,4.0,8.0,1.0,7.0,5,21.0,3.0,0.0
5e5249c8,30.0,14,13.0,10.0,7.0,19.0,31.0,12.0,11.0,0.0,11.0,11,41.0,16.0,0.0
0f8418aa,18.0,11,7.0,9.0,2.0,8.0,22.0,14.0,13.0,4.0,9.0,5,23.0,14.0,0.0
2acd49b9,18.0,12,13.0,3.0,2.0,10.0,13.0,3.0,11.0,5.0,6.0,11,29.0,12.0,0.0
d7547531,0.0,0,0.0,0.0,0.0,0.0,0.0,0.0,0.0,0.0,0.0,1,1.0,0.0,0.0
ffec9769,5.0,3,2.0,2.0,1.0,0.0,3.0,3.0,2.0,0.0,2.0,1,6.0,11.0,0.0
2ccd89a3,7.0,5,3.0,2.0,2.0,1.0,2.0,1.0,2.0,0.0,2.0,3,10.0,8.0,0.0
fed17f5a,9.0,6,1.0,6.0,2.0,5.0,12.0,7.0,5.0,2.0,3.0,2,11.0,1.0,0.0
f19f32b1,0.0,0,0.0,0.0,0.0,0.0,0.0,0.0,0.0,0.0,0.0,0,0.0,1.0,0.0
7a42d0df,30.0,13,8.0,13.0,9.0,12.0,28.0,16.0,28.0,1.0,27.0,20,50.0,25.0,0.0
86a49468,0.0,0,0.0,0.0,0.0,0.0,0.0,0.0,0.0,0.0,0.0,0,0.0,0.0,0.0
4e0afc5d,22.0,16,13.0,7.0,2.0,11.0,14.0,3.0,8.0,3.0,5.0,4,26.0,4.0,0.0
a45a5d95,9.0,6,4.0,4.0,1.0,3.0,10.0,7.0,6.0,0.0,6.0,5,14.0,3.0,0.0
9bc9a519,12.0,5,7.0,3.0,2.0,8.0,12.0,4.0,7.0,3.0,4.0,2,14.0,11.0,0.0
a08985b8,74.0,48,26.0,45.0,3.0,34.0,73.0,39.0,37.0,8.0,29.0,37,111.0,30.0,0.0
8f7e6783,2.0,2,1.0,0.0,1.0,1.0,2.0,1.0,0.0,0.0,0.0,0,2.0,0.0,0.0
39b326ed,12.0,9,8.0,3.0,1.0,9.0,17.0,8.0,4.0,1.0,3.0,7,19.0,5.0,0.0
a62f8bf1,6.0,3,1.0,4.0,1.0,1.0,5.0,4.0,2.0,0.0,2.0,4,10.0,2.0,0.0
b99bec05,4.0,3,4.0,0.0,0.0,3.0,5.0,2.0,3.0,1.0,2.0,11,15.0,5.0,0.0
b99bec05,28.0,15,14.0,9.0,5.0,15.0,34.0,19.0,15.0,5.0,10.0,38,66.0,38.0,0.0
f0661424,70.0,41,31.0,29.0,10.0,37.0,53.0,16.0,27.0,6.0,21.0,47,117.0,25.0,0.0
95192fe4,7.0,4,4.0,2.0,1.0,2.0,3.0,1.0,0.0,0.0,0.0,2,9.0,2.0,0.0
a0f9b535,28.0,14,7.0,16.0,5.0,18.0,35.0,17.0,14.0,3.0,11.0,19,47.0,11.0,0.0
a4a44eb0,30.0,13,24.0,6.0,0.0,14.0,21.0,7.0,26.0,17.0,9.0,22,52.0,109.0,2.0
ed39121c,31.0,20,19.0,12.0,0.0,12.0,29.0,17.0,19.0,4.0,15.0,23,54.0,15.0,0.0
a65c844b,37.0,20,14.0,17.0,6.0,17.0,35.0,18.0,22.0,2.0,20.0,9,46.0,17.0,0.0
7f783431,22.0,15,11.0,10.0,1.0,10.0,16.0,6.0,13.0,1.0,12.0,6,28.0,28.0,0.0
5148dcc5,25.0,11,7.0,9.0,9.0,13.0,24.0,11.0,15.0,2.0,13.0,14,39.0,6.0,0.0
7120a04d,21.0,10,8.0,5.0,8.0,10.0,19.0,9.0,9.0,0.0,9.0,13,34.0,2.0,0.0
df8d6029,23.0,15,14.0,6.0,3.0,16.0,23.0,7.0,16.0,8.0,8.0,20,43.0,77.0,2.0
f4bc42b1,14.0,6,7.0,5.0,2.0,4.0,8.0,4.0,7.0,0.0,7.0,2,16.0,3.0,0.0
c76b7567,20.0,9,9.0,6.0,5.0,10.0,30.0,20.0,18.0,0.0,18.0,3,23.0,2.0,0.0
c76b7567,8.0,6,4.0,3.0,1.0,5.0,11.0,6.0,8.0,0.0,8.0,1,9.0,4.0,0.0
7d9397f8,34.0,17,15.0,18.0,1.0,13.0,31.0,18.0,20.0,8.0,12.0,25,59.0,26.0,0.0
ca6f4846,0.0,0,0.0,0.0,0.0,0.0,0.0,0.0,0.0,0.0,0.0,0,0.0,0.0,0.0
88f130ed,47.0,31,34.0,10.0,3.0,26.0,36.0,10.0,29.0,16.0,13.0,20,67.0,84.0,1.0
5ceba7fc,2.0,1,0.0,2.0,0.0,2.0,5.0,3.0,2.0,0.0,2.0,5,7.0,0.0,0.0
5ceba7fc,9.0,9,2.0,4.0,3.0,4.0,15.0,11.0,12.0,2.0,10.0,9,18.0,6.0,0.0
652d4c37,21.0,16,7.0,11.0,3.0,11.0,29.0,18.0,13.0,2.0,11.0,13,34.0,11.0,0.0
a4b798a9,48.0,26,18.0,25.0,5.0,21.0,51.0,30.0,29.0,3.0,26.0,48,96.0,33.0,1.0
01fd01e8,2.0,1,1.0,1.0,0.0,1.0,2.0,1.0,1.0,0.0,1.0,0,2.0,5.0,0.0
01fd01e8,12.0,5,9.0,2.0,1.0,8.0,9.0,1.0,10.0,4.0,6.0,8,20.0,29.0,1.0
4e47507a,3.0,2,0.0,2.0,1.0,0.0,1.0,1.0,0.0,0.0,0.0,0,3.0,1.0,0.0
de488e56,5.0,3,5.0,0.0,0.0,4.0,6.0,2.0,9.0,2.0,7.0,8,13.0,6.0,0.0
a4b1028a,29.0,19,16.0,12.0,1.0,15.0,29.0,14.0,23.0,5.0,18.0,25,54.0,46.0,0.0
5d0e0a1f,58.0,31,35.0,16.0,7.0,28.0,39.0,11.0,30.0,7.0,23.0,20,78.0,51.0,0.0
906baf89,0.0,0,0.0,0.0,0.0,0.0,0.0,0.0,0.0,0.0,0.0,0,0.0,0.0,0.0
8a53d24b,4.0,1,1.0,2.0,1.0,3.0,5.0,2.0,6.0,1.0,5.0,1,5.0,2.0,0.0
1df4a109,26.0,12,9.0,15.0,2.0,11.0,16.0,5.0,14.0,6.0,8.0,14,40.0,8.0,0.0
1880614f,22.0,11,7.0,12.0,3.0,8.0,20.0,12.0,5.0,0.0,5.0,13,35.0,6.0,0.0
d75f3980,8.0,5,4.0,4.0,0.0,7.0,12.0,5.0,6.0,2.0,4.0,7,15.0,5.0,0.0
531a4aa8,28.0,20,13.0,13.0,2.0,8.0,16.0,8.0,16.0,5.0,11.0,17,45.0,43.0,0.0
ee45fd85,49.0,27,19.0,22.0,8.0,27.0,42.0,15.0,27.0,5.0,22.0,34,83.0,22.0,1.0
4a56052c,36.0,22,8.0,21.0,7.0,15.0,28.0,13.0,14.0,4.0,10.0,25,61.0,20.0,2.0
1467af0d,59.0,35,28.0,28.0,3.0,32.0,61.0,29.0,31.0,6.0,25.0,19,78.0,6.0,2.0
d60cf08d,3.0,1,1.0,2.0,0.0,1.0,3.0,2.0,4.0,1.0,3.0,3,6.0,17.0,0.0
b2791a55,13.0,7,6.0,7.0,0.0,7.0,15.0,8.0,14.0,7.0,7.0,13,26.0,23.0,0.0
01becd60,2.0,1,1.0,1.0,0.0,0.0,1.0,1.0,0.0,0.0,0.0,2,4.0,1.0,0.0
75438a9a,4.0,2,1.0,1.0,2.0,2.0,5.0,3.0,9.0,3.0,6.0,8,12.0,22.0,0.0
74d4cec6,2.0,2,0.0,1.0,1.0,0.0,2.0,2.0,1.0,0.0,1.0,0,2.0,0.0,0.0
3b029691,33.0,16,10.0,17.0,6.0,14.0,45.0,31.0,16.0,3.0,13.0,14,47.0,10.0,0.0
64f69877,4.0,1,0.0,2.0,2.0,1.0,3.0,2.0,1.0,0.0,1.0,1,5.0,0.0,0.0
8eec784d,10.0,5,2.0,6.0,2.0,4.0,14.0,10.0,10.0,1.0,9.0,12,22.0,10.0,0.0
3ecc8c5f,29.0,17,19.0,10.0,0.0,12.0,22.0,10.0,31.0,19.0,12.0,39,68.0,72.0,2.0
b003239d,8.0,4,7.0,1.0,0.0,3.0,5.0,2.0,7.0,3.0,4.0,4,12.0,34.0,0.0
b003239d,0.0,0,0.0,0.0,0.0,0.0,1.0,1.0,0.0,0.0,0.0,0,0.0,1.0,0.0
f3600c02,10.0,3,6.0,3.0,1.0,7.0,16.0,9.0,11.0,2.0,9.0,6,16.0,8.0,0.0
f5c8b425,0.0,0,0.0,0.0,0.0,0.0,0.0,0.0,2.0,0.0,2.0,0,0.0,1.0,0.0
061266cd,4.0,4,2.0,2.0,0.0,1.0,4.0,3.0,1.0,0.0,1.0,1,5.0,3.0,0.0
6763f716,8.0,4,5.0,3.0,0.0,3.0,6.0,3.0,5.0,1.0,4.0,12,20.0,16.0,1.0
1a85bcdb,50.0,30,25.0,17.0,8.0,24.0,38.0,14.0,20.0,5.0,15.0,46,96.0,42.0,0.0
6b9960cf,6.0,3,1.0,5.0,0.0,3.0,10.0,7.0,4.0,0.0,4.0,6,12.0,3.0,0.0
72d4922b,2.0,1,1.0,0.0,1.0,2.0,5.0,3.0,0.0,0.0,0.0,1,3.0,7.0,0.0
0ff630d0,19.0,13,12.0,3.0,4.0,9.0,14.0,5.0,6.0,1.0,5.0,13,32.0,18.0,1.0
0ff630d0,1.0,1,1.0,0.0,0.0,0.0,2.0,2.0,3.0,0.0,3.0,2,3.0,6.0,0.0
c8c02ac7,0.0,0,0.0,0.0,0.0,0.0,2.0,2.0,1.0,0.0,1.0,1,1.0,0.0,0.0
095e4199,9.0,3,3.0,3.0,3.0,5.0,12.0,7.0,5.0,0.0,5.0,2,11.0,2.0,0.0
fb4c5b6e,2.0,2,1.0,1.0,0.0,1.0,1.0,0.0,0.0,0.0,0.0,0,2.0,1.0,0.0
34a88e3e,15.0,10,4.0,6.0,5.0,10.0,17.0,7.0,7.0,0.0,7.0,2,17.0,1.0,0.0
aefa3050,0.0,0,0.0,0.0,0.0,0.0,0.0,0.0,0.0,0.0,0.0,0,0.0,1.0,0.0
