id,Cmp,Att,TotDist,PrgDist,Cmp.1,Att.1,Cmp.2,Att.2,Cmp.3,Att.3,Ast,xAG,xA,A-xAG,KP,1/3,PPA,CrsPA,PrgP
cadd666a,84,137,1009,278,53,78,23,36,1,3,1,1.3,0.6,-0.3,7,5,6,0,17
dc38e3bc,37,64,481,117,22,32,10,18,1,3,1,0.4,0.3,0.6,3,3,3,2,2
2b09d998,794,918,11903,3451,424,460,278,307,49,71,1,0.9,1.4,0.1,7,85,8,0,96
22919e97,73,101,991,255,44,57,28,35,0,3,0,0.5,0.5,-0.5,4,5,4,2,9
dcfb17f4,376,516,5007,1529,219,272,125,166,9,18,2,2.1,1.5,-0.1,14,27,19,4,56
a6c58494,28,32,501,62,14,15,10,11,4,6,0,0.0,0.0,0.0,0,1,0,0,3
89ac64a6,1819,2013,36320,13836,585,629,973,1018,235,314,0,0.1,0.7,-0.1,2,122,2,0,115
6ec6fde0,691,917,11479,4667,332,384,289,358,52,111,2,2.6,2.0,-0.6,11,57,11,2,87
834d0be5,115,171,1392,257,68,92,30,44,3,6,0,1.0,1.5,-1.0,7,5,5,0,10
555d5edd,183,222,2857,576,97,105,59,72,18,28,0,0.3,0.4,-0.3,3,10,8,0,21
b4cf5806,147,234,1595,243,108,149,22,38,2,4,1,1.0,0.9,0.0,12,5,7,1,14
6ea23758,350,535,5920,2921,164,214,144,212,32,69,0,0.1,0.5,-0.1,4,32,2,1,44
3724baa1,133,166,1794,844,81,86,46,59,1,8,0,0.0,0.2,0.0,2,7,5,2,18
e0b113a7,811,1011,13041,4189,384,444,331,400,54,91,2,1.5,1.7,0.5,12,88,9,0,100
30941e96,1082,1516,17957,6443,546,608,381,519,109,291,5,5.2,8.4,-0.2,52,68,54,36,73
5e66fa06,1541,1826,30310,12113,509,559,853,941,165,283,1,1.4,1.7,-0.4,7,90,7,1,108
0a3f6cde,153,253,2315,735,87,111,56,85,7,23,1,1.0,0.8,0.0,6,7,10,2,22
56413b1f,916,1094,15636,5157,437,476,349,397,91,134,4,0.9,1.7,3.1,17,92,14,2,96
86e119e0,1453,1869,30069,10473,487,550,662,753,263,468,2,4.7,6.7,-2.7,57,151,29,10,171
13ddc856,244,378,3408,1080,135,173,82,116,9,26,4,1.9,2.1,2.1,20,22,19,6,40
e26fcca3,959,1168,14340,4485,546,623,313,366,58,85,1,0.5,0.6,0.5,11,70,4,0,86
35f67a30,6,8,80,15,3,3,1,1,1,2,0,0.0,0.0,0.0,0,1,0,0,0
dfc85b89,282,401,4689,2067,142,165,110,160,23,47,0,0.3,0.3,-0.3,3,16,4,2,25
e5478b87,313,474,4292,1060,180,255,88,127,18,31,1,2.4,1.9,-1.4,27,31,20,3,51
10549b49,79,108,1062,318,51,60,17,28,5,5,1,0.7,0.8,0.3,6,8,3,0,18
a8567629,994,1228,14581,5275,564,633,336,404,51,107,4,2.0,2.1,2.0,13,75,21,10,77
442b56fa,1011,1338,17055,5684,485,568,414,521,87,155,5,5.3,5.4,-0.3,39,67,36,11,104
a2a85828,52,70,894,438,25,29,19,25,7,12,0,0.0,0.1,0.0,1,8,1,0,9
00242b75,375,536,5457,1742,204,252,136,186,16,35,2,2.7,1.6,-0.7,15,35,15,1,54
c0d3bd23,541,783,9274,3522,255,299,226,311,50,119,0,0.4,1.0,-0.4,6,36,6,3,42
8df328f4,85,111,1351,590,47,51,29,35,6,16,0,0.1,0.2,-0.1,2,5,2,2,8
44a20f0c,723,897,14772,5431,228,263,390,441,103,172,0,0.0,0.1,0.0,1,20,0,0,27
47064058,1225,1523,28367,18814,366,367,589,595,258,541,0,0.0,0.1,0.0,0,18,0,0,0
bd7d2e6d,950,1205,18451,7413,321,392,487,559,122,210,2,1.0,0.7,1.0,8,60,8,5,103
69374ff5,62,70,1087,188,27,29,26,28,6,8,0,0.0,0.0,0.0,0,4,0,0,3
437f2b00,514,729,8091,2264,249,315,190,250,46,87,2,3.7,2.9,-1.7,21,50,23,7,83
fbbc8e15,30,51,452,156,16,23,9,14,2,4,0,0.2,0.7,-0.2,2,2,3,2,5
a53b661f,431,629,6005,1947,250,323,126,178,25,42,2,1.6,2.5,0.4,20,24,35,12,55
8eb55dbb,374,605,6353,1953,163,230,147,223,42,84,6,6.8,6.2,-0.8,41,30,46,26,58
30ae134d,125,195,1631,373,81,111,35,53,4,9,2,1.6,0.9,0.4,8,13,4,0,16
ff182fdc,327,471,4001,741,209,277,83,120,10,17,2,2.2,1.9,-0.2,22,11,11,1,34
857a5abe,1180,1545,21345,9558,496,571,567,678,105,237,0,1.4,1.0,-1.4,10,75,6,2,93
a39d11bc,565,739,12193,3595,152,183,320,368,89,174,0,0.1,0.1,-0.1,2,28,1,1,37
bee0bab1,200,268,3116,874,109,122,63,87,20,38,2,1.2,1.6,0.8,9,16,8,5,17
57d88cf9,1256,1517,19850,4875,650,723,437,504,102,156,8,6.0,4.6,2.0,38,104,37,3,144
aca0a525,130,171,2023,629,70,80,54,75,5,12,0,0.2,0.4,-0.2,2,9,1,0,13
fe888e39,138,187,2401,748,65,82,55,64,16,33,0,0.6,0.8,-0.6,5,15,1,0,13
f4c7c708,17,25,265,21,11,14,4,5,1,2,0,0.0,0.0,0.0,0,2,0,0,0
378825c7,1046,1288,18107,6272,476,534,454,523,95,163,1,0.9,1.3,0.1,13,53,10,3,72
9af1f9ff,823,937,14108,4117,362,395,405,435,47,80,0,0.3,0.6,-0.3,5,25,6,2,46
763b8b37,23,42,348,38,13,19,6,12,3,5,0,0.1,0.1,-0.1,2,0,0,0,4
7aac47fe,3,3,36,11,2,2,1,1,0,0,0,0.0,0.0,0.0,0,0,0,0,0
07d3bfec,2,5,28,0,1,2,1,3,0,0,0,0.0,0.0,0.0,0,0,0,0,1
eb61713c,112,181,2006,693,54,70,30,50,19,39,0,1.1,1.0,-1.1,12,9,4,3,10
f4ec4fd0,256,335,4464,1269,118,144,92,115,34,51,0,0.5,0.4,-0.5,7,30,1,0,35
5ad8c360,236,340,3949,1033,121,141,85,124,23,44,0,0.3,0.5,-0.3,4,18,3,2,24
635f2732,695,937,12816,4803,286,349,284,351,95,167,2,2.7,2.8,-0.7,26,84,24,4,119
6ebbc28a,4,8,29,0,2,4,0,0,0,0,0,0.0,0.0,0.0,0,0,0,0,0
dd7b6eb8,3,3,64,13,0,0,3,3,0,0,0,0.0,0.0,0.0,0,0,0,0,0
01834aa0,1007,1177,20537,7223,247,292,652,704,101,158,0,0.2,0.4,-0.2,3,33,0,0,35
c68da769,489,694,6740,1241,292,370,146,207,20,30,4,3.5,2.7,0.5,29,32,23,1,60
7c473e12,675,805,13352,4078,198,226,410,446,63,116,0,0.2,0.2,-0.2,5,13,3,0,18
a167537f,1022,1324,15112,4257,564,655,312,379,74,155,8,4.6,6.3,3.4,44,72,40,6,126
db8c8860,0,0,0,0,0,0,0,0,0,0,0,0.0,0.0,0.0,0,0,0,0,0
d28339cb,116,129,2499,1700,39,39,56,57,20,32,0,0.0,0.0,0.0,0,2,0,0,0
d4a2533d,12,17,219,32,4,4,4,7,2,2,1,0.3,0.4,0.7,1,0,0,0,1
4c184730,28,32,349,68,19,21,5,6,2,2,2,0.7,0.1,1.3,3,2,0,0,2
e27da244,1443,1736,29973,11427,416,470,829,908,187,311,1,0.4,1.2,0.6,7,101,8,1,130
a7813ac4,160,243,2871,1634,76,83,62,98,20,48,0,0.6,0.6,-0.6,8,16,8,4,21
f0a37d36,731,1126,13580,6256,306,365,332,476,82,233,1,1.2,1.7,-0.2,16,61,25,13,82
4e204552,207,286,3045,690,119,146,74,101,8,14,0,2.0,1.5,-2.0,15,15,16,1,27
25bdea4b,334,560,11556,9168,31,31,129,133,174,392,0,0.0,0.0,0.0,1,13,0,0,2
05e2d5ea,3,3,17,4,1,1,0,0,0,0,0,0.0,0.0,0.0,0,0,0,0,0
05f99a4a,399,602,5907,1265,203,272,144,199,22,39,3,2.7,2.4,0.3,32,32,19,4,64
9d12e142,16,23,262,207,8,8,7,7,1,8,0,0.0,0.0,0.0,0,0,0,0,0
10745192,29,43,409,179,21,24,7,15,1,2,0,0.1,0.6,-0.1,2,2,3,0,7
d1273f09,629,931,10766,4627,324,387,222,308,67,158,2,2.4,2.2,-0.4,23,56,17,2,77
a65ce836,1223,1436,22156,7240,507,554,575,637,118,193,1,0.8,1.4,0.2,6,82,7,0,119
db401046,843,1079,24035,16216,144,145,389,395,307,532,0,0.0,0.0,0.0,0,13,0,0,1
68829001,112,169,1813,538,55,64,40,57,10,28,1,0.4,0.4,0.6,4,10,3,1,13
ae7058f9,124,158,2552,857,37,46,69,79,17,29,0,0.0,0.1,0.0,0,6,1,0,6
b3b7f5a6,352,562,5961,2590,161,220,156,236,26,65,0,0.6,0.7,-0.6,10,20,7,3,40
3c569f37,22,27,417,120,10,12,10,11,2,2,0,0.0,0.1,0.0,0,2,0,0,2
e7b899b8,739,935,12869,3469,333,406,324,381,66,102,0,0.5,0.4,-0.5,12,57,5,2,79
042e8a49,547,707,8957,1828,291,340,199,252,45,72,2,3.0,4.8,-1.0,24,23,39,11,55
8356931a,3,4,24,4,2,2,0,0,0,0,0,0.0,0.0,0.0,0,0,0,0,0
229cd98a,34,51,527,132,20,29,11,16,2,4,0,0.1,0.1,-0.1,2,4,1,0,9
5ddb8f9f,213,319,3932,1829,76,102,114,153,19,45,0,0.1,0.3,-0.1,2,12,7,3,30
05ba9d7c,239,326,3274,689,147,180,75,101,9,19,1,0.6,0.6,0.4,8,11,6,2,14
5722eced,10,11,176,64,3,3,4,4,2,3,0,0.5,0.2,-0.5,1,2,0,0,3
dc62b55d,11,13,170,30,6,6,5,6,0,0,1,0.9,0.8,0.1,1,0,0,0,1
b0a0698b,879,1080,19534,8172,188,223,535,598,151,232,1,0.4,0.5,0.6,2,59,5,0,87
7ba1f1ef,26,54,431,190,11,13,13,28,1,8,0,0.0,0.0,0.0,0,1,1,1,2
eac044ad,365,497,5049,1368,216,266,102,129,22,33,4,2.4,3.2,1.6,16,27,13,2,51
dee3013b,66,79,1374,725,22,22,33,33,11,24,0,0.0,0.0,0.0,0,0,0,0,0
db4ed67b,833,1063,13856,4284,398,456,323,390,72,127,3,3.0,3.3,0.0,28,87,24,2,116
41bff4fa,265,375,6315,2618,50,65,152,179,61,117,1,0.2,0.4,0.8,2,28,0,0,19
3eb0f2df,680,946,11575,3856,320,374,248,321,76,153,5,3.4,2.6,1.6,34,57,18,5,88
d781d855,1106,1322,16408,4267,649,724,392,462,45,78,3,4.1,4.5,-1.1,34,55,39,7,98
41df88b8,6,6,124,9,2,2,3,3,1,1,0,0.0,0.0,0.0,0,0,0,0,0
fe641c1a,8,11,80,23,5,6,1,2,0,1,0,0.0,0.0,0.0,0,1,0,0,1
54b4dc4e,1070,1413,20782,7644,444,510,391,477,187,322,4,3.8,4.7,0.2,46,128,28,2,142
ed79b7d3,104,171,1294,258,63,91,27,39,3,9,3,1.6,1.5,1.4,10,2,6,1,10
25f50295,2,2,51,0,0,0,2,2,0,0,0,0.0,0.0,0.0,0,0,0,0,0
aeed5c06,738,1015,11776,3083,373,444,271,339,60,112,12,9.2,9.9,2.8,60,54,57,14,110
d3096421,72,110,1151,253,32,45,30,37,5,12,1,0.7,0.2,0.3,6,4,3,0,9
34a0f5ff,26,33,364,122,19,22,5,7,2,2,0,0.0,0.0,0.0,0,1,0,0,4
96d0b6f0,12,17,114,28,10,10,1,5,0,0,0,0.0,0.0,0.0,0,0,0,0,1
7f73bdf4,905,1097,18988,5593,301,340,417,469,173,247,0,0.5,1.0,-0.5,14,66,5,2,90
79ca3e23,491,678,8134,2310,237,304,164,222,60,83,0,2.2,2.1,-2.2,20,58,16,2,83
5a8d6540,222,341,3339,1028,118,159,74,99,15,39,0,1.1,1.4,-1.1,13,19,8,3,33
cf623c78,183,278,3324,1157,74,88,89,123,18,53,1,0.4,0.3,0.6,3,15,4,2,22
beb882a8,690,942,10366,3363,387,470,232,314,42,77,2,1.4,1.6,0.6,23,89,21,2,109
2f7fec15,6,9,74,30,4,4,2,2,0,2,0,0.1,0.1,-0.1,1,1,0,0,1
76b2817e,248,364,4515,1989,110,126,107,145,29,66,1,1.0,0.7,0.0,9,19,10,6,22
943b9602,20,32,268,68,13,20,5,6,1,3,0,0.0,0.0,0.0,0,1,0,0,1
73d6a176,165,241,2197,520,96,119,45,67,7,16,0,0.4,0.4,-0.4,8,12,4,0,24
48035304,1615,1754,30022,9817,531,581,938,979,124,153,0,0.1,0.3,-0.1,4,38,1,0,73
0b4f388a,398,541,5163,1225,244,312,105,128,17,26,3,4.7,3.4,-1.7,34,37,21,0,64
1a83027b,16,27,290,81,7,13,6,7,2,2,0,0.0,0.1,0.0,1,2,1,1,2
c149016b,1264,1579,20790,6227,624,737,511,586,96,149,2,1.3,2.6,0.7,22,126,14,2,165
83e0eeb4,81,135,2337,1888,17,17,35,37,28,79,0,0.0,0.0,0.0,0,1,0,0,0
93c9e7d9,21,32,268,41,14,19,5,8,1,2,0,0.0,0.1,0.0,0,1,1,0,3
8307b663,27,36,330,86,16,18,9,13,0,2,0,0.0,0.0,0.0,0,3,0,0,5
60097ff6,6,9,104,18,2,3,4,4,0,2,0,0.1,0.0,-0.1,1,0,0,0,0
677da306,324,420,6392,2408,105,115,178,209,37,80,0,0.0,0.1,0.0,0,23,3,0,28
3bb625ac,95,128,1516,499,56,62,27,36,9,22,0,0.2,0.3,-0.2,6,10,8,4,12
f9e7c4ac,42,68,645,190,22,34,12,18,6,9,1,0.8,0.8,0.2,5,7,1,0,8
a92ab7be,915,1333,29868,22866,127,129,404,412,383,786,0,0.0,0.4,0.0,1,45,3,0,2
9a2e0ccc,624,766,8731,2325,357,406,191,225,30,61,2,3.5,3.4,-1.5,24,53,33,2,80
76fa965f,377,444,5090,1267,222,243,114,129,16,18,1,1.3,1.8,-0.3,9,33,14,3,46
a9142dc3,73,94,1150,452,39,46,23,32,8,11,0,0.7,0.6,-0.7,2,2,2,2,2
626fab5f,297,445,5006,2451,148,186,105,155,34,77,0,0.6,0.8,-0.6,12,28,16,10,36
b77f44a4,424,477,8155,2936,132,146,258,264,33,58,0,0.0,0.1,0.0,0,12,2,0,19
b77f44a4,464,630,9210,3861,154,180,250,298,56,134,0,0.9,1.8,-0.9,5,38,2,2,38
74f2e748,970,1211,14028,3966,580,653,311,379,51,101,6,4.2,4.3,1.8,30,45,22,10,70
1940be91,4,4,72,50,3,3,0,0,1,1,0,0.0,0.0,0.0,0,0,0,0,0
0cf778df,553,698,8245,2406,292,331,173,212,42,77,2,4.2,4.9,-2.2,32,39,28,5,69
86314793,225,361,7130,5241,34,34,101,103,89,218,0,0.2,0.0,-0.2,3,9,0,0,0
18c2e247,1,4,14,14,1,1,0,2,0,1,0,0.0,0.0,0.0,0,0,0,0,1
16daec92,39,53,658,255,16,19,18,20,4,8,0,0.0,0.0,0.0,0,2,0,0,2
f27680d9,694,984,14026,6486,243,274,325,440,116,226,0,0.9,1.7,-0.9,13,74,18,11,74
6c731625,34,59,529,85,18,31,12,18,2,3,0,0.0,0.1,0.0,0,2,0,0,7
ad2b068c,301,382,5804,2050,115,125,148,162,35,81,0,0.2,0.2,-0.2,4,20,3,0,28
37f606f0,645,785,11880,3471,264,297,282,308,80,129,2,2.2,2.5,-0.2,23,67,19,1,85
62ab9184,592,808,9477,3284,307,370,226,287,39,80,3,1.5,1.6,1.5,11,52,19,4,90
5723931e,76,112,873,127,45,64,20,28,1,1,2,1.0,0.8,1.0,8,1,2,0,5
7242b495,770,1123,14077,5678,336,389,328,473,95,201,6,1.6,2.6,4.4,29,65,18,14,80
17376543,831,1245,26246,19511,102,103,384,398,341,732,0,0.1,0.1,-0.1,2,22,0,0,0
e5f63987,1,4,15,0,1,1,0,2,0,0,0,0.0,0.0,0.0,0,0,0,0,0
f521b80a,1451,1759,25960,10355,595,653,712,804,121,235,0,1.8,1.8,-1.8,16,104,18,6,125
88e357ef,1063,1356,15227,4008,629,732,341,430,46,91,5,8.4,11.6,-3.4,48,70,68,8,127
cc86b9a3,708,854,11193,3541,346,401,282,314,46,74,3,2.3,3.7,0.7,28,73,24,2,98
1025db8e,861,1210,19033,8374,249,308,446,537,154,319,0,1.1,1.9,-1.1,8,77,16,1,80
f26dee6b,24,29,535,380,3,3,19,20,2,6,0,0.0,0.0,0.0,0,0,0,0,0
ad1d6fa4,322,433,5029,1365,177,197,110,133,23,72,0,0.6,1.0,-0.6,10,31,9,3,44
8e235926,244,415,3511,947,138,211,84,138,9,28,0,0.9,0.7,-0.9,8,29,8,3,36
a8db7ebb,689,878,13294,4206,240,269,346,393,86,168,0,0.1,0.3,-0.1,2,42,1,0,50
a8db7ebb,1,1,14,14,1,1,0,0,0,0,0,0.0,0.0,0.0,0,1,0,0,1
54e4866f,1043,1428,17809,6429,524,610,332,441,138,276,7,7.5,8.3,-0.5,66,93,58,10,147
37998008,34,47,792,519,14,14,11,11,8,21,0,0.0,0.0,0.0,0,0,0,0,0
ffbbc83b,940,1062,19549,7333,288,310,471,503,158,197,0,0.5,1.2,-0.5,11,95,15,3,110
f2dd9a21,244,319,4734,1686,83,101,116,137,39,58,0,0.1,0.2,-0.1,4,13,4,1,34
048a1cbc,1294,1525,17644,6995,795,872,391,453,49,91,2,2.1,2.7,-0.1,28,96,22,5,118
e6c43eec,424,517,7619,2554,160,200,211,234,39,56,0,0.1,0.3,-0.1,3,24,1,0,42
bcb2ccd8,950,1176,23404,15166,231,231,477,480,240,461,0,0.0,0.1,0.0,0,17,3,0,6
25ab9c9c,483,585,9485,3236,158,189,268,292,50,85,0,0.0,0.9,0.0,1,27,3,1,31
1df0c0b9,720,965,11859,4968,373,435,250,327,74,144,0,0.5,0.9,-0.5,7,52,7,1,75
8593f88c,1142,1667,18871,7620,572,693,423,564,110,284,9,7.1,6.7,1.9,68,81,47,25,120
00672803,48,69,785,227,22,28,20,25,5,9,0,0.0,0.0,0.0,1,2,0,0,5
5ad50391,1769,2121,30575,13299,817,902,765,852,155,261,2,1.9,4.0,0.1,11,170,18,1,157
1f44ac21,331,476,3628,787,210,266,70,109,2,4,8,5.4,5.0,2.6,23,14,24,1,41
70dcf94d,244,323,3730,932,127,158,92,107,15,24,0,0.1,0.3,-0.1,1,24,2,0,31
a5ec3ede,895,1135,17415,8428,338,394,412,490,129,195,1,1.2,0.9,-0.2,10,71,7,1,74
0174ba21,349,494,5519,1628,183,212,122,162,27,65,3,1.4,2.3,1.6,17,28,20,5,55
cd82452e,232,447,3598,1078,139,207,57,126,28,59,2,2.1,1.2,-0.1,19,14,17,13,31
92432bc6,655,788,9966,3375,354,393,202,243,56,73,1,0.7,1.7,0.3,8,86,16,1,99
8ff2354e,361,414,6075,1841,168,178,160,178,25,43,0,0.4,0.9,-0.4,4,17,1,1,24
f24ea523,395,546,6260,1767,201,250,146,191,29,53,6,1.6,1.2,4.4,25,39,11,3,67
a3f30508,1,2,7,0,1,2,0,0,0,0,0,0.0,0.0,0.0,0,0,0,0,0
9ab16552,810,939,15945,5349,264,289,436,477,101,154,0,0.4,0.4,-0.4,3,53,4,0,63
50871bcc,613,835,8877,2325,360,422,164,230,45,90,1,2.0,3.7,-1.0,22,22,15,3,44
c2009df3,1225,1631,22840,8314,508,598,531,669,166,279,6,4.3,4.7,1.7,37,95,25,13,134
169fd162,7,8,78,2,6,6,1,1,0,1,0,0.0,0.0,0.0,0,0,0,0,0
699fb8db,205,260,3860,1289,80,94,97,110,23,41,0,0.0,0.0,0.0,1,22,0,0,24
699fb8db,20,21,466,181,1,1,18,19,1,1,0,0.0,0.0,0.0,0,1,0,0,0
0a89e877,569,716,8014,3014,335,376,191,237,19,55,3,2.5,2.7,0.5,14,47,14,3,60
c3ee18ef,1783,1995,31360,11842,736,786,911,976,117,184,1,0.4,0.9,0.6,9,167,10,3,193
dfb6490a,254,370,4289,1390,133,161,88,124,28,60,4,1.3,2.1,2.7,18,16,11,5,19
0c7a48f8,971,1198,16256,5693,439,475,440,505,68,139,2,1.2,1.6,0.8,10,49,9,4,73
080440a4,1079,1403,21300,9360,354,410,603,704,106,242,0,0.7,1.0,-0.7,8,74,6,0,78
2e7ff968,155,177,3923,2648,35,36,74,75,45,65,0,0.0,0.0,0.0,0,1,0,0,0
5d8e331f,986,1189,16174,5132,456,522,440,508,61,90,4,1.8,2.1,2.2,18,102,14,0,135
2903a856,961,1265,15692,4485,490,551,314,392,108,205,5,6.6,6.4,-1.6,70,64,24,3,95
ca618d23,614,912,8186,1672,371,504,184,256,24,40,2,3.5,3.6,-1.5,41,35,33,1,85
2979c05a,227,344,3465,1152,119,152,78,119,15,38,4,4.9,4.0,-0.9,27,19,26,9,43
816192f0,144,180,3010,1097,32,38,92,98,18,40,0,0.0,0.0,0.0,1,7,0,0,5
2b83fa49,217,305,3700,1399,96,114,102,134,15,38,0,0.5,0.8,-0.5,6,13,8,6,21
3cd9e95a,408,519,11271,7762,69,69,197,199,142,251,0,0.0,0.0,0.0,0,3,1,0,0
ad3389d5,969,1260,24679,17459,194,194,493,498,281,565,0,0.0,0.1,0.0,0,7,0,0,1
710fbdd1,524,748,8121,2185,277,342,179,234,41,73,5,4.1,2.7,0.9,35,52,24,3,87
1f2d714c,482,606,8621,2932,228,261,196,225,51,88,0,0.6,1.3,-0.6,10,51,8,2,59
94302c52,1043,1259,21857,7437,280,331,626,686,131,214,0,0.0,0.2,0.0,0,48,4,0,77
99de6b6f,230,273,3899,1609,108,113,94,110,24,39,0,0.0,0.1,0.0,0,23,1,0,22
05d548d8,1333,1530,27073,9577,376,413,784,859,159,215,2,0.7,0.9,1.3,3,57,5,0,78
054849d2,795,1184,14228,6138,344,423,349,482,84,194,5,2.9,3.1,2.1,32,61,45,23,84
8494acc4,90,112,1564,643,45,52,36,45,8,13,0,0.0,0.0,0.0,0,3,0,0,8
683dec01,31,36,360,48,22,24,5,6,1,3,0,0.0,0.0,0.0,1,1,0,0,1
271b8617,21,31,261,61,17,19,4,11,0,0,0,0.0,0.0,0.0,0,1,0,0,1
271b8617,148,217,2050,475,88,117,38,50,8,22,0,0.4,0.7,-0.4,5,9,5,2,18
204dded0,1486,1834,29708,12106,521,570,747,822,202,392,1,1.1,1.7,-0.1,15,111,12,1,120
ef233486,81,141,976,218,55,79,15,28,2,5,0,0.1,0.1,-0.1,3,8,1,0,10
e6c15f6e,588,814,10340,4127,246,288,286,376,46,121,1,0.8,1.6,0.2,10,49,10,6,57
34b0387f,466,647,6858,1951,276,340,141,184,29,60,3,1.6,2.5,1.4,20,48,20,6,68
a93b6f4e,905,1142,18752,6538,279,323,491,554,128,226,0,0.6,0.3,-0.6,6,64,3,0,71
a8ee54ad,618,834,10214,3712,317,390,228,296,57,93,0,0.5,1.1,-0.5,8,67,7,1,90
34b54da7,88,121,1572,679,38,45,45,57,5,18,0,0.0,0.0,0.0,0,5,1,0,6
6bba916f,65,111,1071,341,34,53,23,41,5,11,0,0.7,0.6,-0.7,4,2,2,0,6
3eeb80e0,63,117,1041,386,28,46,17,34,9,14,1,0.6,1.0,0.4,6,5,9,5,10
d9e196bf,15,16,215,93,10,10,5,6,0,0,0,0.0,0.0,0.0,0,1,0,0,4
f36c432f,246,380,3541,1156,149,201,65,92,18,37,1,1.6,1.6,-0.6,15,25,16,3,47
a2e7de6f,49,63,938,316,8,12,35,40,4,9,0,0.0,0.0,0.0,0,2,0,0,4
6d7598d5,19,30,249,61,10,13,9,12,0,2,0,0.0,0.0,0.0,0,1,0,0,1
79c90e45,501,690,8055,2944,256,314,200,264,35,60,2,2.9,3.6,-0.9,21,29,17,9,56
94c18565,636,1075,12361,4668,255,321,280,416,90,252,4,5.3,6.1,-1.3,47,78,45,18,145
15f24fe7,255,369,3608,715,145,191,71,105,17,28,1,2.5,1.2,-1.5,21,24,6,0,26
091c86e2,88,124,1200,302,55,72,26,34,2,6,0,0.0,0.1,0.0,0,6,3,0,13
15b287da,672,869,10743,2689,341,407,264,316,44,77,3,2.8,1.9,0.2,31,72,26,1,128
b825a650,1372,1508,21256,5448,683,718,557,601,70,97,1,1.9,1.6,-0.9,16,109,17,1,147
62ba5881,20,31,712,520,1,1,8,8,11,22,0,0.0,0.0,0.0,0,0,0,0,0
5762be5c,830,1016,13376,4140,400,465,344,393,51,88,1,1.2,0.9,-0.2,17,72,8,1,82
de4cac2d,40,62,624,106,21,26,11,20,4,7,0,0.0,0.4,0.0,0,1,1,0,2
e27de4fa,6,12,70,41,5,6,1,2,0,2,0,0.0,0.0,0.0,0,0,0,0,0
d2c580ce,126,186,2247,555,59,77,50,68,14,29,0,0.1,0.5,-0.1,3,13,0,0,17
815c314f,317,438,5674,2688,142,168,141,171,30,79,1,0.5,0.6,0.5,4,28,4,0,35
815c314f,476,584,8371,3387,203,227,232,265,37,71,0,0.6,0.7,-0.6,5,46,4,0,56
59e4b92e,685,947,10631,3334,342,424,255,339,45,92,1,0.7,0.9,0.3,9,58,9,5,91
610aa1e9,0,1,0,0,0,0,0,0,0,0,0,0.0,0.0,0.0,0,0,0,0,0
610aa1e9,1166,1390,24267,7586,303,347,702,763,149,248,0,0.1,0.3,-0.1,2,60,3,1,78
49296448,2177,2595,39188,13899,984,1080,893,999,250,406,9,8.7,10.6,0.3,80,246,56,4,292
0cddeaa7,215,266,3814,1206,99,111,84,98,25,40,0,1.0,1.1,-1.0,8,27,5,0,28
2b7c56b4,140,193,2099,583,75,90,47,58,10,16,1,0.4,0.6,0.6,4,17,8,0,30
e21042ae,232,467,3453,1178,136,234,62,147,21,36,1,1.0,1.1,0.0,15,36,9,1,43
ca8033cb,944,1100,15274,5600,462,511,409,460,57,92,1,0.8,0.8,0.2,4,51,10,0,70
92948149,67,96,1045,437,37,49,24,32,5,11,0,0.4,0.3,-0.4,2,3,5,2,10
19a967ab,18,36,216,35,13,21,3,7,1,4,0,0.1,0.1,-0.1,1,0,2,0,2
19a967ab,213,341,3252,1276,106,154,88,121,10,26,1,1.1,1.7,-0.1,10,19,5,3,32
6bd5cd5d,1353,1725,29713,12137,318,374,774,905,243,403,0,0.2,0.5,-0.2,3,78,3,0,102
cd59b9df,840,1024,19421,12069,215,215,444,448,173,349,0,0.0,0.0,0.0,0,7,0,0,1
0fbecd11,621,840,9904,3316,318,389,239,315,45,79,3,1.2,1.2,1.8,10,65,14,1,100
86574238,978,1145,14537,5252,539,604,368,403,40,72,0,0.5,1.0,-0.5,12,87,10,1,109
1f3afdcb,977,1182,18518,6759,359,400,493,561,108,174,1,1.1,0.2,-0.1,5,47,3,1,53
b1cd37e6,1007,1621,19966,7472,392,501,434,637,157,348,9,9.2,9.7,-0.2,87,80,53,43,101
603cb947,829,1064,12200,2869,474,554,272,342,49,82,9,8.0,7.4,1.0,41,66,42,10,134
496aeede,372,473,5435,1954,206,242,133,163,16,29,0,0.3,0.5,-0.3,3,29,5,1,46
f9f92b5f,199,299,2707,736,113,138,55,83,11,27,2,1.3,1.6,0.7,11,12,11,3,19
f9446dcd,362,506,6087,1151,176,235,131,166,38,57,1,1.8,2.3,-0.8,16,25,18,5,49
f9446dcd,349,496,6555,1844,140,178,148,188,50,97,4,4.1,2.9,-0.1,26,33,21,6,62
2a29eb9b,898,1238,16352,5329,359,432,388,510,115,220,0,1.0,1.5,-1.0,14,71,21,8,89
d25fee56,371,498,6178,1921,188,234,137,178,33,56,0,0.3,0.6,-0.3,6,38,8,3,58
277c49ed,1240,1538,25668,9563,353,421,716,794,163,269,0,0.9,1.1,-0.9,7,79,8,0,117
c1b7847c,564,714,8498,2331,318,364,184,219,32,56,4,2.4,2.2,1.6,18,50,11,2,64
4aea5077,544,736,8229,3429,300,361,203,268,24,52,2,2.1,2.5,-0.1,12,41,12,4,58
591477c9,358,443,7885,2221,81,104,217,247,57,82,0,0.0,0.1,0.0,1,13,0,0,19
c283ddef,83,135,1047,295,49,73,26,40,1,1,0,0.1,0.3,-0.1,2,12,2,0,16
ebac0ace,107,182,1452,355,71,104,21,38,6,12,0,0.4,1.4,-0.4,7,7,7,6,7
7e12a98d,685,835,14283,3797,176,210,409,451,92,147,0,0.5,0.2,-0.5,3,38,3,2,43
792ffa71,39,61,530,121,24,34,12,18,2,3,0,0.7,0.6,-0.7,7,3,5,1,4
bbd86530,374,521,6527,2547,172,209,152,201,42,86,1,1.0,1.0,0.0,13,25,5,2,35
8d78e732,575,767,7309,1585,362,441,146,193,21,40,3,4.4,4.8,-1.4,37,38,30,3,81
13fe7b69,255,415,3917,807,128,181,90,134,18,47,1,1.7,1.7,-0.7,16,17,13,4,34
302527b2,1491,1757,32387,10782,355,402,909,976,220,350,0,0.7,0.7,-0.7,4,81,5,1,101
4d6a842d,324,501,8748,6370,59,61,162,168,100,263,0,0.0,0.0,0.0,0,6,1,0,0
37dc1a48,413,587,5975,1580,224,281,126,174,29,58,4,5.5,4.8,-1.5,47,26,16,6,43
c455a2b2,495,717,8053,2634,240,297,195,270,38,70,1,2.7,3.8,-1.7,28,42,35,12,97
6cc47ae1,93,123,1493,322,49,60,32,39,9,13,1,0.8,0.2,0.2,8,9,2,0,16
07c7eb0c,960,1259,19031,5050,339,442,437,539,162,209,0,0.7,1.2,-0.7,16,55,11,2,96
5584552e,201,336,6643,5439,28,29,83,87,90,219,0,0.0,0.0,0.0,0,6,0,0,0
70678132,427,657,8014,3075,194,247,139,194,74,142,2,4.1,3.8,-2.1,38,53,11,5,67
5569bf9a,147,246,2438,1085,73,96,60,92,12,44,0,0.3,0.3,-0.3,6,11,3,2,15
0c61c77c,24,37,385,64,13,17,7,10,3,4,0,0.0,0.0,0.0,0,0,0,0,2
0c61c77c,227,301,3432,630,122,148,68,89,20,34,2,2.4,2.1,-0.4,11,14,10,4,23
8a6ab963,43,49,1028,707,9,9,27,27,7,13,0,0.0,0.0,0.0,0,0,0,0,0
7fe12375,660,1005,19469,14518,119,120,290,300,249,576,0,0.0,0.1,0.0,0,26,0,0,0
36cf2caf,0,1,0,0,0,1,0,0,0,0,0,0.0,0.0,0.0,0,0,0,0,0
ab700320,609,849,11377,3577,249,300,235,315,99,171,6,3.5,3.1,2.5,33,55,19,6,83
864163f3,394,542,4863,1149,241,308,95,137,13,24,3,4.1,2.1,-1.1,21,19,18,5,39
75402e99,13,16,267,83,5,5,6,6,2,5,0,0.0,0.1,0.0,1,1,1,1,1
a572e291,655,793,9824,2143,339,388,249,281,32,50,3,2.4,1.2,0.6,29,45,9,0,71
706a60e1,155,229,1976,556,100,128,38,57,4,10,1,0.2,0.6,0.8,4,4,7,1,20
0e0102eb,6,9,59,30,4,4,1,2,0,0,0,0.2,0.1,-0.2,1,2,0,0,2
0e0102eb,309,451,4764,1246,162,211,97,133,25,46,5,2.0,2.0,3.0,32,24,8,2,33
2f3e911a,768,1126,13643,5220,377,427,274,364,104,272,1,5.0,4.8,-4.0,46,57,29,17,69
11d8aff0,18,21,435,368,4,4,10,10,4,7,0,0.0,0.0,0.0,0,1,0,0,0
a396fb61,504,649,10842,2666,112,131,316,349,71,152,0,0.0,0.1,0.0,0,21,1,0,28
fc62fdf4,222,295,3115,710,134,155,66,81,10,24,0,1.3,1.3,-1.3,12,9,6,3,11
00963611,1493,1859,30155,12003,568,645,670,777,235,373,0,0.4,0.8,-0.4,10,109,7,1,124
0e6bc38c,102,139,1337,378,59,73,31,40,4,6,2,1.0,0.8,1.0,6,7,4,0,15
493924a7,599,883,11209,4657,236,288,291,386,66,148,0,1.3,2.1,-1.3,21,45,18,8,69
d686dbc0,219,314,3880,1429,88,103,117,153,12,37,0,0.0,0.1,0.0,0,8,1,1,11
b500b384,3,5,39,9,2,3,1,1,0,0,0,0.0,0.0,0.0,0,1,0,0,1
9f979eb2,255,305,5548,1771,63,75,149,160,41,64,0,0.0,0.1,0.0,1,20,1,0,24
e162b013,897,1155,14520,5543,443,498,354,453,70,130,4,3.1,2.9,0.9,15,62,25,15,83
0b104510,878,1200,13765,6400,477,534,315,438,65,143,0,0.8,0.9,-0.8,18,72,7,3,87
1e274a0a,66,115,876,178,36,56,15,31,5,8,1,0.9,0.8,0.1,5,4,3,2,7
f76022e7,24,31,330,87,13,15,8,10,1,1,1,0.1,0.2,0.9,1,1,2,1,4
88d4144a,526,780,8495,3835,287,348,179,257,48,122,5,2.9,3.0,2.1,22,45,18,9,65
34e4343c,289,450,4169,575,162,225,88,137,18,35,4,2.9,2.3,1.1,20,18,9,1,29
a5ce09f2,145,187,2268,680,62,78,61,70,10,19,0,0.6,0.4,-0.6,3,14,5,1,25
29ddfb9c,110,124,2032,575,39,45,63,69,7,9,0,0.0,0.0,0.0,0,6,0,0,6
e7d22eae,132,190,1953,557,71,95,33,46,14,28,0,0.4,0.3,-0.4,7,11,4,0,14
f4c69aa6,17,21,254,61,11,14,4,5,1,1,0,0.0,0.0,0.0,0,1,0,0,1
6ce43701,30,34,415,36,14,17,13,14,0,0,0,0.1,0.1,-0.1,2,3,0,0,4
ac73ec79,851,1147,14008,5492,411,491,338,423,70,132,3,3.5,2.8,-0.5,14,42,30,6,76
cbac6ec9,853,1014,19929,12915,243,243,390,394,205,361,0,0.0,0.0,0.0,0,5,1,0,0
3c6089ab,1117,1516,16251,4168,650,771,373,500,49,120,18,12.7,11.7,5.3,84,79,69,16,155
d01b9ad6,1,1,9,6,1,1,0,0,0,0,0,0.0,0.0,0.0,0,0,0,0,0
2c0558b8,595,710,8196,2137,353,394,196,218,18,28,5,4.9,5.2,0.1,28,63,31,0,95
441197b8,1581,1892,27387,9785,684,751,790,889,92,202,4,1.5,1.2,2.5,11,68,8,2,114
30261ba1,144,197,2143,656,81,99,52,68,7,18,0,0.1,0.9,-0.1,4,5,6,1,16
1b6d8083,60,97,783,178,35,51,13,18,4,10,1,0.3,0.5,0.7,4,0,1,1,5
da76715c,146,174,2446,842,70,73,63,72,11,24,0,0.0,0.0,0.0,0,8,0,0,7
e79269bd,412,545,6556,1969,220,257,151,187,27,65,4,1.2,1.3,2.8,15,17,13,5,24
8778c910,1097,1255,27026,18257,221,221,573,583,299,442,0,0.0,0.1,0.0,0,7,2,0,8
36a59ba4,874,1101,14973,5596,400,474,354,426,84,128,4,2.2,2.9,1.8,20,96,18,1,133
bc249af8,25,46,338,46,14,20,10,13,0,1,1,0.2,0.1,0.8,1,3,0,0,2
00242715,1206,1611,22233,10148,472,536,583,734,128,277,0,0.5,1.3,-0.5,11,92,11,3,112
5853ac44,492,539,8709,3378,189,203,267,281,31,43,1,1.5,0.8,-0.5,5,43,2,0,41
d6862409,153,217,2334,494,80,105,60,76,7,13,3,0.7,1.0,2.3,15,15,2,1,19
b18ef366,224,342,2874,902,141,202,63,90,5,8,0,0.1,0.5,-0.1,4,26,4,1,43
c562c5b4,978,1222,19293,7088,324,390,538,609,110,198,0,0.3,0.6,-0.3,4,64,4,0,68
7c56da38,813,1037,11116,2829,452,523,237,294,45,80,13,9.7,10.0,3.3,64,47,60,6,117
0cc5f4a5,258,395,3581,640,156,214,71,101,15,31,0,2.1,2.9,-2.1,14,13,17,3,25
6cafd68d,206,258,4121,1560,76,82,99,112,30,56,0,0.1,0.3,-0.1,1,17,1,0,25
ccc6d365,11,14,128,20,7,8,3,3,0,1,0,0.0,0.0,0.0,1,2,0,0,0
5458f670,29,48,328,63,19,25,7,12,0,1,0,0.2,0.1,-0.2,2,0,1,0,3
6fb91ea9,12,18,175,81,5,8,6,8,0,1,0,0.0,0.1,0.0,0,2,1,0,2
93a50d2c,6,9,93,46,4,6,1,1,1,1,0,0.0,0.0,0.0,0,1,0,0,1
9593331d,262,325,4976,1555,103,113,128,147,27,55,0,0.0,0.1,0.0,0,14,1,0,16
d1661819,402,561,6571,2836,198,234,148,188,38,87,1,2.1,2.5,-1.1,16,25,17,9,47
63b9cc6d,292,483,4047,1424,166,240,86,137,15,28,1,1.4,0.9,-0.4,27,31,11,1,47
86adbcc7,10,14,103,45,7,8,2,4,0,0,0,0.1,0.0,-0.1,1,0,0,0,0
ae44e8e2,273,353,3916,1298,148,169,90,111,16,34,3,2.6,3.4,0.4,12,31,16,2,53
f26834c7,333,567,4743,1305,189,272,98,152,22,44,8,6.6,4.7,1.4,40,24,26,7,51
20030c06,1820,2045,32747,11967,656,714,1033,1109,106,170,1,1.4,1.7,-0.4,6,99,5,1,89
c1242d4e,1245,1768,41924,32569,132,134,544,548,569,1081,0,0.2,0.4,-0.2,5,89,6,0,3
9662c9ec,148,197,2291,517,77,94,52,59,12,28,1,0.1,0.1,0.9,4,9,2,0,11
3ba95f20,10,15,164,84,3,3,6,7,0,1,1,0.6,0.6,0.4,2,1,3,2,3
1cbe4984,144,202,2526,799,68,77,58,80,16,30,1,0.6,0.6,0.4,3,11,4,2,16
8b6e0db2,931,1173,19414,6632,278,333,494,568,146,235,1,0.7,0.7,0.3,3,38,0,0,41
15413fa5,1128,1360,19294,4884,486,570,520,590,97,133,0,1.0,1.9,-1.0,19,90,12,5,113
66385c46,117,173,1949,574,66,81,33,47,15,29,0,0.4,0.4,-0.4,6,8,5,3,18
962e54cb,99,152,1584,411,58,82,23,31,13,25,0,0.2,0.2,-0.2,6,17,1,0,18
e82adcab,677,796,11225,4122,333,375,257,289,61,83,2,2.2,1.8,-0.2,8,78,9,0,77
5dc15574,324,510,5579,1989,155,208,113,173,42,89,3,3.9,4.5,-0.9,33,37,18,4,45
13d23b29,9,11,193,50,2,2,4,4,2,4,0,0.0,0.0,0.0,0,0,0,0,0
b4b08774,17,24,273,53,9,13,6,8,1,1,0,0.0,0.0,0.0,0,1,0,0,1
5c50fdbc,6,8,67,7,5,6,1,1,0,1,0,0.0,0.0,0.0,0,0,0,0,0
5c899683,291,364,4481,1498,158,176,106,134,18,38,0,0.2,0.4,-0.2,2,19,6,0,23
53070b63,401,505,5103,1249,252,282,104,127,13,24,1,2.1,2.1,-1.1,21,21,14,2,43
45a03961,1838,2114,30278,11382,914,985,745,846,138,210,1,1.6,3.2,-0.6,18,199,26,9,193
582a5247,292,460,4879,2200,155,187,88,136,38,93,1,1.7,1.6,-0.7,21,15,12,5,34
c18d22f5,921,1198,14714,6400,498,558,332,401,71,169,0,0.8,1.0,-0.8,13,61,14,11,69
c41f7379,31,39,704,485,8,8,17,17,6,14,0,0.0,0.0,0.0,0,0,0,0,0
a2b1ed42,67,101,943,155,38,54,23,33,2,2,0,0.6,0.4,-0.6,5,2,3,1,4
c89e8aae,159,207,3860,2542,38,39,79,82,40,84,0,0.0,0.0,0.0,0,0,0,0,0
f93e6e94,83,137,1061,195,59,79,16,32,3,6,1,0.5,0.5,0.5,7,3,4,1,9
12c35abe,305,426,4386,848,185,229,85,109,19,43,2,0.8,0.9,1.2,12,16,8,2,35
f168d9b9,0,0,0,0,0,0,0,0,0,0,0,0.0,0.0,0.0,0,0,0,0,0
061e8e23,248,332,3508,989,138,162,79,89,11,42,4,1.0,1.3,3.0,17,14,12,3,32
17f3620a,50,82,676,70,31,43,11,19,4,9,0,0.0,0.0,0.0,0,3,0,0,6
526ea7cc,902,1158,18378,6508,244,301,543,616,108,221,0,0.3,0.6,-0.3,5,53,4,2,63
f7aa75bd,650,941,11525,5898,307,342,259,367,70,183,3,4.3,4.1,-1.3,39,34,12,11,55
bc6bd723,561,771,9200,2946,280,350,192,241,59,87,6,7.4,7.5,-1.4,55,81,37,4,133
ea003d07,1,3,6,0,1,1,0,1,0,0,0,0.0,0.0,0.0,0,0,0,0,0
3745e8bd,259,489,3409,1048,157,253,67,133,13,30,1,2.4,1.4,-1.4,28,29,6,1,49
2a6cd437,545,635,10328,3608,184,198,300,337,52,85,0,0.0,0.1,0.0,1,23,1,0,31
7f609bfc,1134,1416,20426,7669,467,517,549,628,107,223,0,0.7,0.7,-0.7,5,74,8,2,104
d2416c2e,212,324,2714,743,132,175,50,73,10,17,0,1.7,1.7,-1.7,8,14,9,1,30
901c0f97,518,665,8804,2643,229,282,230,272,38,65,1,0.7,0.8,0.3,6,50,4,0,46
924f9191,713,949,12183,3004,303,378,315,390,63,96,1,1.1,1.3,-0.1,14,75,12,1,95
9cf4fd68,3,4,32,1,1,2,1,1,0,0,0,0.0,0.0,0.0,0,1,0,0,0
32c016f8,15,22,213,57,9,12,5,6,1,2,0,0.0,0.0,0.0,0,3,0,0,0
a8090a41,2,2,27,6,2,2,0,0,0,0,0,0.0,0.0,0.0,0,0,0,0,0
b90c4a43,30,41,748,545,7,7,16,16,7,18,0,0.0,0.0,0.0,0,1,0,0,0
df9c3473,305,457,6125,2043,78,99,186,248,37,95,0,0.0,0.2,0.0,1,24,8,0,32
bd992863,215,265,3192,880,119,134,82,93,8,18,1,0.0,0.1,1.0,2,21,1,0,18
7d450ed3,1463,2003,25583,9807,694,805,561,722,168,345,11,11.4,13.9,-0.4,83,105,74,51,130
6b21b7b5,62,83,876,167,29,35,19,22,6,10,0,0.0,0.0,0.0,0,5,0,0,6
4bd00a50,10,12,171,82,4,5,6,7,0,0,0,0.0,0.0,0.0,0,2,0,0,1
36a3ff67,1003,1242,13424,3446,581,675,267,327,54,79,13,7.9,6.2,5.1,52,80,38,3,119
1ae836b1,520,799,8734,2991,238,307,215,295,43,124,0,1.1,1.0,-1.1,20,70,7,1,93
7fa4e703,197,248,2774,689,106,122,56,64,14,26,1,1.6,1.2,-0.6,15,11,5,1,10
0a3d6d2b,829,984,14667,4710,353,396,411,457,56,109,1,0.4,0.9,0.6,3,48,2,0,59
0a3d6d2b,3,3,85,49,1,1,1,1,1,1,0,0.0,0.0,0.0,0,1,0,0,0
f9b1b7bf,312,361,4336,1321,190,201,102,115,10,19,0,0.2,0.5,-0.2,3,16,3,0,21
f972644c,345,527,5569,1869,175,220,112,170,40,77,1,1.6,2.2,-0.6,17,29,17,4,45
9f941969,1003,1605,37987,31175,80,82,280,289,643,1223,1,0.3,0.4,0.7,5,83,5,0,6
da27e268,252,289,3918,1354,130,142,91,100,17,28,0,0.3,0.6,-0.3,5,28,2,0,26
611b1aae,11,16,206,81,4,4,5,6,2,6,0,0.1,0.1,-0.1,1,0,0,0,0
e12b0b5b,336,414,5286,1829,163,193,132,155,22,27,0,0.9,0.7,-0.9,12,29,8,1,54
87ebfdb8,0,0,0,0,0,0,0,0,0,0,0,0.0,0.0,0.0,0,0,0,0,0
90c1f9a4,40,54,574,202,23,27,16,19,1,5,0,0.0,0.0,0.0,1,1,0,0,0
13203c45,675,918,11140,4068,328,414,269,339,54,94,0,1.6,1.2,-1.6,15,43,19,8,64
80f36c88,305,405,4857,1770,144,174,117,146,24,44,1,0.3,1.2,0.7,6,35,5,1,44
c64c01fc,198,319,2950,756,102,145,60,90,17,29,2,4.2,2.9,-2.2,15,14,15,4,42
009a4f60,482,650,8233,2877,242,286,181,226,47,91,0,1.5,1.5,-1.5,18,37,22,13,50
a70b8345,168,257,5036,4020,24,24,82,84,62,147,0,0.0,0.0,0.0,0,3,0,0,0
e280527c,576,712,8556,2280,334,380,190,231,32,50,1,1.7,2.2,-0.7,11,51,16,2,66
e280527c,40,49,678,174,22,24,12,14,5,9,0,0.0,0.0,0.0,0,7,0,0,5
bf075f6b,316,490,4819,1577,180,238,94,135,29,54,4,3.8,4.3,0.2,18,24,24,12,46
08593525,572,720,9369,2494,261,307,237,283,45,66,0,1.0,1.1,-1.0,9,40,5,0,62
2b114be3,821,996,11611,2731,485,552,242,288,48,63,7,6.2,7.1,0.8,49,70,40,4,117
be625686,0,0,0,0,0,0,0,0,0,0,0,0.0,0.0,0.0,0,0,0,0,0
5e22e2a4,1,3,8,0,1,3,0,0,0,0,0,0.0,0.0,0.0,0,0,0,0,0
1a4b9094,28,40,429,101,17,18,8,14,1,2,0,0.0,0.0,0.0,0,1,0,0,3
236f02cd,795,1010,12839,4055,410,474,307,381,59,101,2,1.9,2.0,0.1,18,44,17,9,57
52afb588,102,187,1320,610,71,110,21,43,4,15,1,0.9,0.9,0.1,7,9,5,3,16
049751d7,66,88,1073,281,32,40,27,29,4,8,1,0.1,0.1,0.9,4,10,2,0,13
b50ec54b,205,320,3270,999,109,146,78,107,15,36,2,1.2,1.0,0.8,10,22,11,4,37
5d4f7d61,282,413,3833,712,157,218,88,116,12,18,3,2.5,1.5,0.5,16,11,6,0,25
bd527260,103,196,1867,870,45,62,44,78,13,38,2,1.1,1.4,0.9,5,15,7,5,24
8f056768,319,422,5263,1627,160,200,127,153,23,41,1,0.6,0.6,0.4,5,41,5,0,55
f6bdc830,100,120,2071,764,29,34,55,63,14,19,0,0.0,0.0,0.0,1,6,1,0,5
34e12499,1403,1750,28479,10981,474,539,715,799,196,347,1,1.5,2.3,-0.5,12,137,16,1,173
088ca1bd,258,330,4460,1981,112,129,103,125,28,47,1,0.8,0.7,0.2,9,23,4,0,25
ad00b1a8,1126,1645,20622,11328,474,567,516,716,122,279,5,3.8,4.4,1.2,34,133,47,19,203
106bca06,821,1068,12222,3431,442,529,273,332,54,99,0,2.6,3.0,-2.6,44,61,26,6,96
fa274d97,544,655,8314,2992,278,309,220,264,25,41,2,1.1,0.8,0.9,7,41,10,2,52
87436846,829,1001,20830,13852,182,183,432,437,212,374,0,0.0,0.0,0.0,0,8,2,0,0
0d55d942,598,829,17801,12589,84,84,272,275,241,465,0,0.0,0.0,0.0,1,7,0,0,0
8872ed17,857,1124,13787,4613,426,497,319,388,71,139,3,2.0,2.7,1.0,21,105,19,5,118
1238a3f9,134,227,1696,268,90,141,28,48,6,10,0,0.6,0.9,-0.6,7,6,5,1,13
87ebd8c9,0,0,0,0,0,0,0,0,0,0,0,0.0,0.0,0.0,0,0,0,0,0
b3325a30,412,587,7227,2219,183,238,156,197,55,85,0,1.4,1.4,-1.4,23,35,16,1,83
40b58bfc,160,261,1924,384,107,141,29,58,8,13,2,0.8,0.3,1.2,12,21,4,0,14
eec1f7f4,5,7,110,43,2,2,2,4,1,1,0,0.1,0.1,-0.1,1,0,1,0,1
0da32a38,21,31,317,55,17,21,3,4,1,5,0,0.0,0.0,0.0,0,3,0,0,3
313254a3,59,96,953,326,29,33,24,40,5,14,0,0.2,0.2,-0.2,2,2,1,0,6
3effaa34,412,568,4828,1121,249,319,101,136,8,16,3,3.3,3.0,-0.3,16,22,25,2,50
fcb27134,1205,1402,20457,7283,535,588,549,599,85,155,0,0.7,0.7,-0.7,7,75,6,1,80
73000a79,164,204,2615,805,85,91,65,80,9,24,0,0.3,0.2,-0.3,2,17,4,1,18
0d8a37c2,39,47,1078,727,5,5,22,23,12,19,0,0.0,0.0,0.0,0,1,0,0,0
c6cf860f,13,16,258,71,5,6,7,8,1,2,0,0.0,0.0,0.0,0,4,0,0,3
c2211709,805,958,14195,4499,355,423,330,373,91,107,1,0.9,1.5,0.1,15,58,10,1,83
ff98492b,120,165,2201,564,52,64,47,56,16,34,1,1.4,1.8,-0.4,9,7,6,1,14
c05f2f8c,1237,1661,22177,8240,531,618,553,705,132,247,1,1.3,2.4,-0.3,19,106,18,9,132
420c18a1,1096,1439,27929,18554,228,229,549,556,309,638,1,0.4,0.1,0.6,1,13,1,0,2
af0d79a9,1294,1779,20983,8383,694,810,414,571,129,277,8,6.8,9.2,1.2,61,96,61,31,139
4c6facae,1012,1231,17569,4979,449,522,444,498,97,142,3,1.7,2.1,1.3,19,112,19,3,140
90339309,228,296,4410,1772,86,105,104,118,33,56,0,0.1,0.2,-0.1,3,15,4,1,19
0f59a7bf,671,955,10929,3639,346,438,226,318,65,119,6,4.5,4.4,1.5,32,82,25,4,103
861e0116,471,669,9670,3626,162,200,219,283,81,155,1,0.7,1.4,0.3,10,35,8,5,40
7ed08d5c,508,587,8291,2176,250,275,210,229,36,55,0,0.1,0.5,-0.1,3,30,4,1,44
aad48be9,829,1009,16285,6745,276,314,448,501,96,163,0,0.4,0.4,-0.4,4,33,2,0,59
dd669209,317,429,5063,1450,172,197,109,144,26,48,1,1.3,1.6,-0.3,13,21,11,5,24
99f7e9aa,564,690,12118,4561,209,232,239,276,112,168,0,0.1,0.7,-0.1,5,46,7,2,54
3b1ed320,798,968,12339,3797,406,469,315,356,45,79,1,1.2,1.8,-0.2,15,82,17,3,115
7cd6badb,665,817,9932,2379,365,426,228,267,42,63,5,3.6,2.6,1.4,30,53,24,1,87
e5649a78,244,329,4075,1612,131,152,78,106,27,48,1,1.1,2.4,-0.1,14,32,11,4,51
17780d2b,65,94,1204,406,23,32,27,33,10,20,0,0.0,0.0,0.0,1,11,0,0,6
e33c06cf,1586,1767,30018,12163,585,625,815,880,158,206,2,1.2,1.6,0.8,10,131,8,1,140
53e07d0b,40,77,439,71,27,37,7,16,0,6,0,0.5,0.3,-0.5,4,0,0,0,2
934e1968,742,965,11212,3186,416,477,205,265,73,122,8,5.4,6.0,2.6,39,50,39,9,85
bd142efb,1685,1913,32356,10985,534,594,989,1066,146,220,2,1.9,1.0,0.1,9,77,3,1,102
a73c8f95,1265,1433,25285,8771,356,388,747,790,144,215,0,0.0,0.3,0.0,1,63,1,0,89
27270af4,146,199,2343,884,68,85,66,83,6,18,0,0.0,0.1,0.0,0,11,1,0,12
037130ca,150,179,2549,639,78,87,52,58,17,27,0,0.0,0.1,0.0,0,14,1,0,15
f956479d,19,28,282,67,10,12,6,8,1,3,0,0.1,0.0,-0.1,2,3,0,0,2
fd53759d,232,404,4116,1312,96,140,93,145,31,56,3,2.2,2.1,0.8,23,17,24,13,40
df8e7b62,87,117,1502,445,42,49,31,39,10,18,0,0.6,0.4,-0.6,9,7,3,2,10
6f8cd6d0,160,224,2199,499,93,116,47,65,8,11,0,1.1,1.4,-1.1,13,10,10,1,17
ca6f4846,90,122,1140,192,57,68,24,33,3,5,0,0.4,0.3,-0.4,4,4,4,0,8
6b8887c2,22,40,314,61,11,20,8,11,1,2,0,0.4,0.3,-0.4,1,3,0,0,3
a5420709,32,41,464,165,17,21,10,11,2,3,0,0.2,0.3,-0.2,3,2,3,0,10
a5bea1fb,506,713,8219,2674,242,284,206,256,39,104,2,2.7,2.8,-0.7,29,43,21,3,85
e547d3cf,0,0,0,0,0,0,0,0,0,0,0,0.0,0.0,0.0,0,0,0,0,0
652d4c37,477,550,8079,2859,232,253,181,199,52,67,1,1.9,2.2,-0.9,16,72,6,0,97
b492126a,146,223,1787,393,91,120,38,56,3,16,0,1.5,1.3,-1.5,7,9,6,2,21
f86cabbd,194,239,3854,1469,58,69,110,123,21,34,1,0.1,0.0,0.9,2,11,0,0,12
c8c60119,162,229,2503,1081,78,97,69,87,8,24,0,0.0,0.1,0.0,0,10,0,0,15
71ec39ef,515,725,9175,3191,222,281,215,273,58,104,0,0.9,1.3,-0.9,12,57,9,3,79
ce17b5eb,823,1257,22069,16348,198,199,370,381,249,665,0,0.0,0.0,0.0,0,16,0,0,0
056d2d95,759,1142,13435,5740,365,421,282,394,94,239,0,2.2,3.2,-2.2,31,60,26,14,81
73e2f6eb,4,5,121,116,1,1,1,1,2,3,0,0.0,0.0,0.0,0,0,0,0,0
35d64857,1089,1397,21010,7230,379,429,589,677,107,237,0,0.1,0.4,-0.1,4,67,2,1,63
99be8fb5,5,10,64,0,3,4,2,3,0,0,0,0.1,0.0,-0.1,1,0,0,0,0
7d3e7da6,200,235,4128,2944,70,71,92,94,34,66,0,0.0,0.0,0.0,0,0,0,0,0
d248cd8f,2048,2277,40879,15190,622,676,1171,1246,243,316,6,2.0,2.4,4.0,11,201,16,0,183
a9a6fc08,59,90,1965,1513,7,7,26,26,26,56,0,0.0,0.0,0.0,0,4,0,0,1
a3ddb1b9,520,759,9735,2856,219,279,188,247,90,159,8,6.8,6.3,1.2,55,50,28,15,82
6ecbddf6,399,583,6845,1696,190,249,149,203,43,71,3,2.7,3.1,0.3,24,29,22,7,60
d3112d86,219,341,3625,1315,103,142,85,123,21,48,0,0.2,0.4,-0.2,6,29,7,1,40
8fe2a392,65,82,1121,429,30,32,32,38,3,9,1,0.9,0.5,0.1,1,5,1,1,5
7e629adc,2,3,29,0,1,2,1,1,0,0,0,0.0,0.0,0.0,0,0,0,0,0
5360a956,16,21,220,47,11,11,4,7,1,1,0,0.1,0.1,-0.1,2,2,0,0,1
e38f1636,875,1091,17442,7384,255,290,528,607,89,174,0,0.5,0.4,-0.5,1,43,0,0,50
daa78200,145,246,2214,668,74,113,46,63,13,28,1,1.4,1.2,-0.4,10,15,10,3,18
1d8e9add,1920,2183,39174,15815,589,632,1030,1105,285,408,2,0.3,0.8,1.7,7,140,14,1,150
f86cd5df,335,441,5508,1543,161,187,138,157,23,58,0,1.8,1.4,-1.8,11,26,9,3,37
e5a35ae9,189,242,2630,649,98,118,63,74,10,12,0,0.4,0.9,-0.4,5,19,4,1,20
cb64672e,11,13,150,51,8,8,3,5,0,0,0,0.0,0.0,0.0,1,0,2,0,2
c4e87b8b,303,432,3994,727,192,254,76,111,15,17,1,1.9,1.5,-0.9,17,18,7,0,33
dd676a97,35,46,533,197,23,27,7,7,4,6,0,0.4,0.5,-0.4,3,4,1,1,6
f68b64fc,1060,1502,17087,7457,533,637,422,580,74,206,5,3.0,3.2,2.0,21,81,25,8,117
9050ddc4,626,887,11117,4974,284,343,270,369,66,127,0,1.4,1.8,-1.4,12,46,13,6,72
cb11b429,427,799,6858,2924,221,336,152,241,34,115,6,3.8,3.7,2.2,42,52,19,3,76
2077ae86,244,376,3574,1308,136,192,82,121,15,26,1,2.5,2.5,-1.5,15,38,14,0,57
e0d515ef,4,8,60,17,3,5,1,2,0,1,0,0.0,0.0,0.0,0,1,0,0,1
a1257b5e,120,161,2626,917,35,43,62,77,22,38,0,0.0,0.1,0.0,0,11,0,0,7
e7fcf289,664,895,10797,3238,317,391,255,323,53,101,10,7.7,7.5,2.3,59,65,50,2,136
5dfc6ad5,1217,1305,19643,5320,571,610,541,562,62,71,0,0.7,0.8,-0.7,6,87,4,0,86
be42a291,82,112,978,266,58,66,18,27,0,2,0,0.4,0.2,-0.4,2,4,1,0,5
fa661778,554,723,8156,2551,320,361,177,228,31,59,1,1.0,1.6,0.0,10,32,11,1,49
24b8e7bd,5,6,61,7,3,4,1,1,0,0,0,0.1,0.2,-0.1,1,0,0,0,1
6190474d,454,632,5872,1752,292,370,117,162,18,38,2,1.8,2.6,0.2,24,39,24,6,62
80c9e555,3,4,41,4,2,2,1,1,0,0,0,0.0,0.0,0.0,0,0,0,0,0
a4effc55,802,912,14409,5235,302,333,421,455,67,101,0,0.0,0.1,0.0,0,37,1,0,50
384d58d9,732,819,11846,4167,353,380,319,353,43,53,1,0.8,0.5,0.2,10,71,7,0,88
58a2e9f6,196,262,3047,859,100,117,79,104,11,28,0,0.2,0.3,-0.2,4,9,5,2,9
5c4bf6ba,698,1008,18451,12740,179,180,302,310,208,502,0,0.0,0.1,0.0,0,29,1,0,2
d01231f0,114,173,1869,429,53,75,44,55,10,20,1,0.7,0.7,0.3,10,9,4,2,19
29f7cfd9,116,157,1789,328,60,77,43,53,7,12,2,0.7,1.1,1.3,7,7,4,3,7
