id,Gls,Sh,SoT,FK,PK,PKatt,xG,npxG,G-xG,np:G-xG,TotDist
00242b75,2,23,11,0,0,0,2.0,1.9,0.0,0.1,363.4
00963611,2,36,9,0,0,0,3.2,3.2,-1.2,-1.2,561.6
009a4f60,1,21,7,0,0,0,0.8999999999999999,0.8999999999999999,0.1,0.1,1052.1
00f518d8,0,2,0,0,0,0,0.1,0.1,-0.1,-0.1,34.0
0118c54c,2,8,4,0,0,0,0.6,0.6,1.4,1.4,136.8
01834aa0,0,2,1,0,0,0,0.2,0.2,-0.2,-0.2,21.0
042e8a49,5,29,9,0,0,0,2.6,2.6,2.4,2.4,536.5
048a1cbc,1,18,8,4,0,0,1.1,1.1,-0.1,-0.1,381.6
049751d7,0,6,1,0,0,0,0.4,0.4,-0.4,-0.4,135.6
054849d2,0,7,0,0,0,0,0.4,0.4,-0.4,-0.4,121.1
056d2d95,0,11,2,0,0,0,0.6,0.6,-0.6,-0.6,176.0
05ba9d7c,1,5,2,0,0,0,0.2,0.2,0.8,0.8,99.5
05d548d8,0,11,1,0,0,0,1.4,1.4,-1.4,-1.4,102.3
05e2d5ea,0,4,2,0,0,0,0.2,0.2,-0.2,-0.2,100.4
05f99a4a,1,20,6,0,0,1,3.0,2.2,-2.0,-1.2,252.0
061e8e23,0,3,2,0,0,0,0.1,0.1,-0.1,-0.1,137.1
07c7eb0c,0,15,5,0,0,0,0.9,0.9,-0.9,-0.9,241.5
07d3bfec,0,6,2,0,0,0,0.5,0.5,-0.5,-0.5,138.6
08593525,0,0,0,0,0,0,0.0,0.0,0.0,0.0,0.0
091c86e2,2,20,8,0,0,0,1.9,1.9,0.1,0.1,300.0
099e666f,0,6,1,0,0,0,0.3,0.3,-0.3,-0.3,149.4
0a084b35,0,2,0,0,0,0,0.6,0.6,-0.6,-0.6,66.0
0a16eb36,0,12,5,0,0,0,0.7,0.7,-0.7,-0.7,236.4
0a1cb833,0,0,0,0,0,0,0.0,0.0,0.0,0.0,0.0
0a3f6cde,2,19,6,0,0,0,1.9,1.9,0.1,0.1,349.6
0a89e877,2,19,4,0,0,0,0.8,0.8,1.2,1.2,400.9
0b45a8d7,0,0,0,0,0,0,0.0,0.0,0.0,0.0,0.0
0c61c77c,10,45,18,1,4,4,6.2,3.0,3.8,3.0,945.0
0c7a48f8,1,15,5,0,0,0,1.5,1.5,-0.5,-0.5,246.0
0cc5f4a5,4,22,7,0,0,0,3.0,3.0,1.0,1.0,310.2
0cf778df,4,32,9,0,1,1,2.8,2.0,1.2,1.0,608.0
0d55d942,0,1,0,0,0,0,0.1,0.1,-0.1,-0.1,5.5
0d8a37c2,0,0,0,0,0,0,0.0,0.0,0.0,0.0,0.0
0e0102eb,4,31,10,1,0,0,3.6,3.6,0.4,0.4,465.0
0e6bc38c,10,27,13,0,0,1,5.5,4.7,4.5,5.3,337.5
0f59a7bf,1,24,7,2,0,0,1.5,1.5,-0.5,-0.5,528.0
0fbecd11,2,24,4,0,0,0,1.3,1.3,0.7,0.7,516.0
1025db8e,0,13,4,0,0,0,1.3,1.3,-1.3,-1.3,206.7
10549b49,2,17,7,0,0,0,2.4,2.4,-0.4,-0.4,181.9
10745192,3,18,10,0,0,0,1.7,1.7,1.3,1.3,311.4
1238a3f9,1,15,7,0,1,1,1.9,1.1,-0.8999999999999999,-1.1,472.5
13203c45,0,3,1,0,0,0,0.1,0.1,-0.1,-0.1,60.6
13d23b29,0,1,0,0,0,0,0.0,0.0,0.0,0.0,12.0
13ddc856,1,25,9,0,0,0,1.8,1.8,-0.8,-0.8,500.0
13fe7b69,1,6,4,0,0,0,0.5,0.5,0.5,0.5,82.8
14a7af33,1,3,1,0,0,0,0.1,0.1,0.9,0.9,84.3
15413fa5,0,2,1,0,0,0,0.2,0.2,-0.2,-0.2,20.4
15b287da,7,22,7,4,2,2,5.4,3.8,1.6,1.2,378.4
15f24fe7,0,5,1,0,0,0,0.5,0.5,-0.5,-0.5,54.0
15f3ec41,0,4,1,0,0,0,0.2,0.2,-0.2,-0.2,82.0
17376543,0,0,0,0,0,0,0.0,0.0,0.0,0.0,0.0
1866b0f1,0,1,0,0,0,0,0.0,0.0,0.0,0.0,22.7
19a967ab,1,12,6,0,0,0,0.7,0.7,0.3,0.3,232.8
1ae836b1,0,10,4,0,0,0,0.2,0.2,-0.2,-0.2,278.0
1c86aa16,0,0,0,0,0,0,0.0,0.0,0.0,0.0,0.0
1cbe4984,0,15,1,0,0,0,0.5,0.5,-0.5,-0.5,366.0
1d8e9add,0,0,0,0,0,0,0.0,0.0,0.0,0.0,0.0
1df0c0b9,1,6,3,0,0,0,0.5,0.5,0.5,0.5,69.0
1e274a0a,3,7,2,0,1,1,1.0,0.3,2.0,1.7,186.2
1e43fad8,0,0,0,0,0,0,0.0,0.0,0.0,0.0,0.0
1f2c7b55,0,0,0,0,0,0,0.0,0.0,0.0,0.0,0.0
1f3afdcb,0,2,0,0,0,0,0.1,0.1,-0.1,-0.1,51.2
1fc4f3d1,0,4,1,0,0,0,0.2,0.2,-0.2,-0.2,101.2
1fffae99,2,11,5,0,0,0,1.8,1.8,0.2,0.2,119.9
20030c06,3,19,6,0,0,0,2.6,2.6,0.4,0.4,180.5
202b3b68,1,20,6,0,0,0,2.2,2.1,-1.2,-1.1,314.0
204dded0,0,13,5,1,0,0,0.6,0.6,-0.6,-0.6,432.9
2077ae86,4,15,5,0,0,0,1.8,1.8,2.2,2.2,214.5
220ace7e,0,9,0,0,0,0,0.4,0.4,-0.4,-0.4,240.3
22798128,0,2,0,0,0,0,0.2,0.2,-0.2,-0.2,26.8
22919e97,1,20,10,0,0,0,3.3,3.3,-2.3,-2.3,280.0
231c67ff,1,2,2,0,0,0,0.6,0.6,0.4,0.4,16.6
236f02cd,0,6,1,0,0,0,0.5,0.5,-0.5,-0.5,99.0
25ab9c9c,0,0,0,0,0,0,0.0,0.0,0.0,0.0,0.0
271b8617,8,23,7,0,4,4,5.7,2.5,2.3,1.5,386.4
27270af4,0,1,0,0,0,0,0.1,0.1,-0.1,-0.1,9.7
2770726a,2,11,5,0,0,0,2.2,2.2,-0.2,-0.2,163.9
277c49ed,1,3,1,0,0,0,0.4,0.4,0.6,0.6,24.6
2903a856,8,28,13,2,0,1,4.5,3.9,3.5,4.1,540.4
2979c05a,1,25,13,0,0,0,2.1,2.1,-1.1,-1.1,490.0
29ddfb9c,0,0,0,0,0,0,0.0,0.0,0.0,0.0,0.0
29f7cfd9,3,26,8,0,0,0,3.8,3.8,-0.8,-0.8,332.8
2a29eb9b,2,6,3,0,0,0,0.8,0.8,1.2,1.2,60.0
2b114be3,6,52,21,3,0,0,4.6,4.6,1.4,1.4,1071.2
2b83fa49,0,0,0,0,0,0,0.0,0.0,0.0,0.0,0.0
2c0558b8,11,48,20,0,0,0,6.6,6.6,4.4,4.4,705.6
2d61d13a,2,22,6,0,0,0,1.2,1.2,0.8,0.8,308.0
2e77d607,0,3,1,0,0,0,0.2,0.2,-0.2,-0.2,45.0
2f3e911a,3,13,4,6,0,1,2.0,1.2,1.0,1.8,332.8
2f7fec15,0,8,0,0,0,0,0.4,0.4,-0.4,-0.4,164.8
302527b2,1,12,2,0,0,0,1.0,1.0,0.0,0.0,187.2
30261ba1,0,4,0,0,0,0,0.3,0.3,-0.3,-0.3,95.6
30941e96,0,16,3,2,0,0,0.9,0.9,-0.9,-0.9,318.4
30ae134d,4,14,8,0,0,0,1.9,1.9,2.1,2.1,172.2
30c220c3,1,19,7,0,0,0,1.6,1.6,-0.6,-0.6,328.7
313254a3,0,9,0,0,0,0,0.7,0.7,-0.7,-0.7,182.7
33182cb8,0,13,5,0,0,0,1.0,1.0,-1.0,-1.0,188.5
33b554b7,0,9,0,1,0,0,0.6,0.6,-0.6,-0.6,187.2
346d51d9,0,6,0,0,0,0,0.3,0.3,-0.3,-0.3,87.0
34b0387f,7,24,11,0,0,0,3.1,3.1,3.9,3.9,333.6
34b54da7,0,0,0,0,0,0,0.0,0.0,0.0,0.0,0.0
34e12499,3,16,5,0,0,0,1.5,1.5,1.5,1.5,259.2
34e4343c,2,21,9,0,0,0,4.3,4.3,-2.3,-2.3,226.8
35d64857,1,7,2,0,0,0,1.0,1.0,0.0,0.0,107.1
35f67a30,0,4,0,0,0,0,1.0,1.0,-1.0,-1.0,34.4
36578017,0,1,0,0,0,0,0.1,0.1,-0.1,-0.1,34.7
36a3ff67,4,25,6,4,1,1,3.8,3.0,0.2,0.0,415.0
36a59ba4,0,9,2,0,0,0,0.6,0.6,-0.6,-0.6,171.9
36d9dabe,0,5,1,0,0,0,0.1,0.1,-0.1,-0.1,129.0
3745e8bd,1,6,4,0,0,0,0.5,0.5,0.5,0.5,67.2
378825c7,5,28,8,2,1,1,3.9,3.1,1.1,0.9,462.0
37998008,0,0,0,0,0,0,0.0,0.0,0.0,0.0,0.0
37dc1a48,7,43,17,4,0,0,5.8,5.8,1.2,1.2,782.6
37f606f0,1,5,3,0,0,0,0.2,0.2,0.8,0.8,134.0
3b1ed320,0,3,1,0,0,0,0.1,0.1,-0.1,-0.1,73.8
3b61c9ec,0,14,2,3,0,0,0.6,0.6,-0.6,-0.6,387.8
3bb625ac,0,9,1,1,0,0,0.3,0.3,-0.3,-0.3,223.2
3c200e05,0,0,0,0,0,0,0.0,0.0,0.0,0.0,0.0
3c6089ab,4,27,16,0,0,0,5.4,5.4,-1.4,-1.4,342.9
3eb0f2df,0,0,0,0,0,0,0.0,0.0,0.0,0.0,0.0
3eeb80e0,2,10,3,0,0,0,1.6,1.6,0.4,0.4,172.0
3effaa34,4,45,19,0,0,0,7.7,7.7,-3.7,-3.7,589.5
41bff4fa,1,2,1,0,0,0,0.1,0.1,0.9,0.9,44.4
420c18a1,0,0,0,0,0,0,0.0,0.0,0.0,0.0,0.0
437f2b00,5,49,14,0,0,0,5.2,5.2,-0.2,-0.2,798.7
441197b8,1,12,3,0,0,0,1.1,1.1,-0.1,-0.1,145.2
442b56fa,5,24,10,0,0,0,2.5,2.5,2.5,2.5,484.8
44a20f0c,0,8,0,0,0,0,1.6,1.6,-1.6,-1.6,68.0
45a03961,1,17,6,0,0,0,1.0,1.0,0.0,0.0,351.9
45e95f21,1,4,1,0,0,0,0.2,0.2,0.8,0.8,88.4
462475ed,1,14,5,0,0,0,1.5,1.5,-0.5,-0.5,212.8
463503e2,0,0,0,0,0,0,0.0,0.0,0.0,0.0,0.0
47064058,0,0,0,0,0,0,0.0,0.0,0.0,0.0,0.0
48035304,3,13,7,0,0,0,1.8,1.8,1.2,1.2,146.9
48780156,0,0,0,0,0,0,0.0,0.0,0.0,0.0,0.0
49296448,3,24,10,3,0,0,1.2,1.2,1.8,1.8,619.2
496aeede,0,5,0,0,0,0,0.3,0.3,-0.3,-0.3,99.5
49fe9070,6,35,14,0,0,0,5.8,5.8,0.2,0.2,507.5
4aea5077,0,2,0,0,0,0,0.1,0.1,-0.1,-0.1,33.6
4b96c347,0,8,4,0,0,0,0.6,0.6,-0.6,-0.6,148.8
4c6facae,3,17,7,0,0,0,1.1,1.1,1.9,1.9,435.2
4ccd8957,0,5,0,0,0,0,0.4,0.4,-0.4,-0.4,75.0
4e204552,1,6,2,0,0,0,1.2,1.2,-0.2,-0.2,84.0
4f16405e,14,65,25,0,4,4,10.6,7.2,3.4,2.8,1053.0
4f627629,0,6,0,0,0,0,0.6,0.6,-0.6,-0.6,91.2
501055d8,3,20,9,0,0,0,2.5,2.5,0.5,0.5,348.0
50871bcc,0,8,3,0,0,0,1.3,1.3,-1.3,-1.3,113.6
5154b2ba,0,1,0,0,0,0,0.1,0.1,-0.1,-0.1,4.2
526ea7cc,1,10,3,0,0,0,0.6,0.6,0.4,0.4,134.0
52afb588,1,4,1,0,0,0,0.2,0.2,0.8,0.8,60.0
53070b63,1,2,1,0,0,0,0.5,0.5,0.5,0.5,32.2
5360a956,0,0,0,0,0,0,0.0,0.0,0.0,0.0,0.0
5458f670,1,3,2,0,0,0,0.9,0.9,0.1,0.1,39.6
54b4dc4e,3,26,4,7,0,0,1.8,1.8,1.2,1.2,644.8
54e4866f,12,37,14,10,6,7,7.8,2.2,4.2,3.8,836.2
5521f419,3,24,9,2,0,0,2.1,2.1,0.9,0.9,424.8
554bcc91,0,6,1,0,0,0,0.2,0.2,-0.2,-0.2,160.8
555d5edd,3,15,7,1,0,0,0.7,0.7,2.3,2.3,361.5
56413b1f,1,5,2,0,0,0,0.3,0.3,0.7,0.7,92.5
5762be5c,0,3,0,0,0,0,0.2,0.2,-0.2,-0.2,51.9
57d88cf9,4,44,16,2,0,0,4.9,4.9,-0.9,-0.9,739.2
57ec75bf,0,0,0,0,0,0,0.0,0.0,0.0,0.0,0.0
582a5247,0,2,0,0,0,0,0.0,0.0,0.0,0.0,55.2
591477c9,0,6,0,0,0,0,0.4,0.4,-0.4,-0.4,70.8
59e4b92e,0,16,1,0,0,0,0.7,0.7,-0.7,-0.7,380.8
5ad50391,0,8,2,0,0,0,0.6,0.6,-0.6,-0.6,105.6
5c4bf6ba,0,0,0,0,0,0,0.0,0.0,0.0,0.0,0.0
5c50fdbc,1,2,2,0,0,0,0.1,0.1,0.9,0.9,31.8
5c899683,0,0,0,0,0,0,0.0,0.0,0.0,0.0,0.0
5d4f7d61,3,34,14,1,0,0,4.8,4.8,-1.8,-1.8,431.8
5d8e331f,0,13,4,0,0,0,1.5,1.5,-1.5,-1.5,192.4
5dc15574,1,5,2,0,0,1,1.4,0.6,-0.4,0.4,92.0
5ddb8f9f,0,5,0,0,0,0,0.2,0.2,-0.2,-0.2,88.0
5e080f73,0,1,0,0,0,0,0.0,0.0,0.0,0.0,30.1
5e66fa06,1,18,4,0,0,0,1.4,1.4,-0.4,-0.4,313.2
603cb947,5,38,15,2,0,2,7.0,5.4,-2.0,-0.4,611.8
610aa1e9,1,4,1,0,0,0,1.1,1.1,-0.1,-0.1,39.2
61590953,1,6,2,0,0,0,0.5,0.5,0.5,0.5,103.2
6190474d,1,11,4,0,0,0,2.0,2.0,-1.0,-1.0,181.5
626fab5f,0,0,0,0,0,0,0.0,0.0,0.0,0.0,0.0
62ab9184,6,22,13,0,0,0,4.2,4.2,1.8,1.8,277.2
635f2732,0,5,3,0,0,0,0.5,0.5,-0.5,-0.5,103.0
638a4d71,5,55,26,8,0,1,6.3,5.6,-1.3,-0.6,1039.5
65857fdf,0,11,4,1,0,0,0.4,0.4,-0.4,-0.4,539.0
65bf7e2b,0,0,0,0,0,0,0.0,0.0,0.0,0.0,0.0
66385c46,0,0,0,0,0,0,0.0,0.0,0.0,0.0,0.0
663e080e,0,0,0,0,0,0,0.0,0.0,0.0,0.0,0.0
677da306,0,2,1,0,0,0,0.1,0.1,-0.1,-0.1,19.4
689c9cf4,0,1,0,0,0,0,0.0,0.0,0.0,0.0,21.9
691bef82,0,1,1,0,0,0,0.1,0.1,-0.1,-0.1,24.8
69374ff5,0,3,0,0,0,0,0.3,0.3,-0.3,-0.3,54.6
697dc00a,0,2,2,0,0,0,0.3,0.3,-0.3,-0.3,23.2
699fb8db,0,1,0,0,0,0,0.1,0.1,-0.1,-0.1,8.5
6a52a6c6,0,0,0,0,0,0,0.0,0.0,0.0,0.0,0.0
6b8887c2,5,22,7,0,0,0,3.2,3.2,1.8,1.8,270.6
6bd5cd5d,2,5,1,0,1,2,1.8,0.2,0.2,0.8,96.5
6c731625,0,9,3,0,0,0,0.5,0.5,-0.5,-0.5,181.8
6ce43701,6,29,16,0,0,0,5.3,5.3,0.7,0.7,452.4
6e17c802,0,5,3,1,0,0,0.1,0.1,-0.1,-0.1,158.5
6ec6fde0,0,6,1,0,0,0,0.6,0.6,-0.6,-0.6,102.0
6ecbddf6,1,10,2,0,0,0,0.6,0.6,0.4,0.4,190.0
6f8cd6d0,11,68,35,0,0,0,11.3,11.3,-0.3,-0.3,884.0
706a60e1,0,0,0,0,0,0,0.0,0.0,0.0,0.0,0.0
70dcf94d,5,23,11,0,0,0,2.9,2.9,2.1,2.1,404.8
71ec39ef,3,25,7,0,0,0,1.8,1.8,1.2,1.2,425.0
7242b495,0,17,3,1,0,0,1.0,1.0,-1.0,-1.0,334.9
72984eee,0,10,0,0,0,0,1.2,1.2,-1.2,-1.2,167.0
73000a79,0,4,1,0,0,0,0.1,0.1,-0.1,-0.1,77.2
74f2e748,6,26,12,0,0,0,5.9,5.9,0.1,0.1,299.0
76b2817e,0,1,1,0,0,0,0.0,0.0,0.0,0.0,35.5
76fa965f,2,12,5,2,0,0,0.7,0.7,1.3,1.3,249.6
778ccc44,0,2,1,0,0,0,0.3,0.3,-0.3,-0.3,27.4
792ffa71,0,2,0,0,0,0,0.1,0.1,-0.1,-0.1,29.4
79c90e45,1,4,1,0,0,0,0.7,0.7,0.3,0.3,36.8
79ca3e23,0,12,3,0,0,0,0.7,0.7,-0.7,-0.7,223.2
79f7302a,0,0,0,0,0,0,0.0,0.0,0.0,0.0,0.0
7aac47fe,0,2,1,0,0,0,0.1,0.1,-0.1,-0.1,23.0
7bf9400b,0,3,0,0,0,0,0.5,0.5,-0.5,-0.5,36.6
7c56da38,12,46,17,4,2,3,9.7,7.3,2.3,2.7,717.6
7cd6badb,5,30,13,1,0,0,2.5,2.5,2.5,2.5,651.0
7d3e7da6,0,0,0,0,0,0,0.0,0.0,0.0,0.0,0.0
7d450ed3,0,10,3,0,0,0,0.4,0.4,-0.4,-0.4,245.0
7e12a98d,0,2,1,0,0,0,0.2,0.2,-0.2,-0.2,38.2
7e82a78f,1,11,1,2,0,0,0.4,0.4,0.6,0.6,243.1
7ec723b7,0,0,0,0,0,0,0.0,0.0,0.0,0.0,0.0
7ed08d5c,0,0,0,0,0,0,0.0,0.0,0.0,0.0,0.0
7f609bfc,0,0,0,0,0,0,0.0,0.0,0.0,0.0,0.0
7f73bdf4,0,0,0,0,0,0,0.0,0.0,0.0,0.0,0.0
7fa4e703,5,15,6,1,1,1,2.9,2.1,2.1,1.9,241.5
809940aa,3,13,5,0,0,0,2.0,2.0,1.0,1.0,180.7
80f36c88,0,3,1,0,0,0,0.1,0.1,-0.1,-0.1,82.2
815c314f,0,10,2,0,0,0,0.8,0.8,-0.8,-0.8,94.0
826e8b63,0,3,1,1,0,0,0.2,0.2,-0.2,-0.2,66.3
829aa60c,4,14,7,0,0,0,1.5,1.5,2.5,2.5,228.2
834d0be5,1,9,2,0,0,0,1.3,1.3,-0.3,-0.3,134.1
83b9c48f,0,0,0,0,0,0,0.0,0.0,0.0,0.0,0.0
83e1f40e,0,12,1,0,0,0,1.6,1.6,-1.6,-1.6,165.6
857a5abe,0,6,2,0,0,0,0.7,0.7,-0.7,-0.7,60.0
8593f88c,0,21,6,0,0,0,0.9,0.9,-0.9,-0.9,453.6
861e0116,0,10,0,0,0,0,0.2,0.2,-0.2,-0.2,279.0
863ff1ee,3,33,14,0,0,1,4.5,3.7,-1.5,-0.7,429.0
864163f3,1,27,13,1,0,0,2.7,2.7,-1.7,-1.7,437.4
86574238,1,20,10,0,0,0,0.9,0.9,0.1,0.1,502.0
86adbcc7,0,0,0,0,0,0,0.0,0.0,0.0,0.0,0.0
86c75897,0,6,0,0,0,0,0.4,0.4,-0.4,-0.4,72.0
86e119e0,5,24,9,6,3,4,4.0,0.9,1.0,1.1,768.0
87436846,0,0,0,0,0,0,0.0,0.0,0.0,0.0,0.0
8778c910,0,2,1,0,0,0,0.2,0.2,-0.2,-0.2,18.0
8779ddf8,1,17,6,0,0,0,2.5,2.5,-1.5,-1.5,202.3
877bc844,7,34,15,0,0,0,5.6,5.6,1.4,1.4,476.0
8872ed17,1,8,3,0,0,0,1.0,1.0,0.0,0.0,148.0
88d4144a,0,4,0,0,0,0,0.1,0.1,-0.1,-0.1,103.2
88e357ef,9,52,23,1,1,1,6.6,5.8,2.4,2.2,868.4
8a6ab963,0,0,0,0,0,0,0.0,0.0,0.0,0.0,0.0
8b6e0db2,0,0,0,0,0,0,0.0,0.0,0.0,0.0,0.0
8bf58a80,0,1,0,1,0,0,0.0,0.0,0.0,0.0,26.5
8ce30c57,0,0,0,0,0,0,0.0,0.0,0.0,0.0,0.0
8e235926,8,54,30,0,0,0,8.7,8.7,-0.7,-0.7,772.2
8eb55dbb,7,38,15,0,0,0,2.8,2.8,4.2,4.2,744.8
8f056768,1,5,1,0,0,0,0.3,0.3,0.7,0.7,113.5
8f0f2230,0,13,3,0,0,0,1.6,1.6,-1.6,-1.6,158.6
8fe2a392,1,11,1,0,0,0,1.2,1.2,-0.2,-0.2,151.8
8ff2354e,1,7,2,0,0,0,1.0,1.0,0.0,0.0,81.9
90c1f9a4,0,0,0,0,0,0,0.0,0.0,0.0,0.0,0.0
923f4dda,6,28,10,0,1,1,5.1,4.3,0.9,0.7,462.0
92432bc6,1,12,3,0,0,0,1.6,1.6,-0.6,-0.6,274.8
924f9191,1,22,5,0,0,0,2.4,2.4,-1.4,-1.4,345.4
92a16062,0,14,4,0,0,0,0.7,0.7,-0.7,-0.7,287.0
92d83c27,2,16,6,2,0,0,1.8,1.8,0.2,0.2,254.4
934e1968,4,31,16,4,0,0,2.0,2.0,2.0,2.0,728.5
93cba339,1,4,1,0,0,0,0.2,0.2,0.8,0.8,63.6
94302c52,1,6,3,0,0,0,0.6,0.6,0.4,0.4,93.6
94c18565,5,37,15,4,2,2,4.2,2.7,0.8,0.3,806.6
95bb6ddc,2,16,5,0,0,0,1.9,1.9,0.1,0.1,232.0
9642c929,0,2,1,0,0,0,0.1,0.1,-0.1,-0.1,49.8
9662c9ec,0,3,0,0,0,0,0.0,0.0,0.0,0.0,60.0
97d545ae,0,8,4,0,0,0,0.4,0.4,-0.4,-0.4,122.4
99f7e9aa,0,2,0,0,0,0,0.0,0.0,0.0,0.0,35.0
9a2e0ccc,5,13,7,0,1,1,3.5,2.7,1.5,1.3,213.2
9a2e3a23,1,5,3,0,0,0,0.3,0.3,0.7,0.7,86.0
9ab16552,0,0,0,0,0,0,0.0,0.0,0.0,0.0,0.0
9b688ae1,0,0,0,0,0,0,0.0,0.0,0.0,0.0,0.0
9ceb7642,1,3,1,0,0,0,0.3,0.3,0.7,0.7,63.9
9ec9c8b6,0,10,0,1,0,0,0.5,0.5,-0.5,-0.5,196.0
9efa1d25,2,17,6,0,0,0,2.0,2.0,0.0,0.0,316.2
9f77012e,1,18,8,0,0,0,1.5,1.5,-0.5,-0.5,358.2
9f941969,0,0,0,0,0,0,0.0,0.0,0.0,0.0,0.0
9ff8ec4a,0,2,0,0,0,0,0.1,0.1,-0.1,-0.1,34.0
a1257b5e,0,0,0,0,0,0,0.0,0.0,0.0,0.0,0.0
a167537f,8,27,15,1,0,0,3.1,3.1,4.9,4.9,480.6
a2a85828,0,9,1,0,0,0,0.4,0.4,-0.4,-0.4,202.5
a2b1ed42,0,1,0,0,0,0,0.1,0.1,-0.1,-0.1,14.6
a396fb61,3,10,5,0,0,0,1.3,1.3,0.7,0.7,121.0
a3ddb1b9,0,1,1,0,0,0,0.1,0.1,-0.1,-0.1,13.2
a45241d5,0,0,0,0,0,0,0.0,0.0,0.0,0.0,0.0
a4effc55,0,10,3,0,0,0,0.8,0.8,-0.8,-0.8,120.0
a53b661f,2,11,6,0,0,0,1.6,1.6,0.4,0.4,123.2
a5ae8f8e,1,2,1,0,0,0,0.4,0.4,0.6,0.6,10.0
a5ec3ede,0,3,0,0,0,0,0.1,0.1,-0.1,-0.1,38.1
a65ce836,1,7,2,0,0,0,0.4,0.4,0.6,0.6,144.9
a6c58494,2,16,5,0,0,0,0.8,0.8,1.2,1.2,353.6
a70b8345,0,0,0,0,0,0,0.0,0.0,0.0,0.0,0.0
a73c8f95,1,11,1,0,1,2,2.3,0.7,-1.3,-0.7,179.3
a8567629,2,10,4,0,0,0,1.1,1.1,0.9,0.9,213.0
a8ee54ad,1,7,3,0,0,0,0.7,0.7,0.3,0.3,112.7
a9142dc3,0,3,2,0,0,0,0.1,0.1,-0.1,-0.1,73.5
a92ab7be,0,0,0,0,0,0,0.0,0.0,0.0,0.0,0.0
a93b6f4e,1,2,2,0,0,0,0.1,0.1,0.9,0.9,22.6
aad48be9,0,2,1,0,0,0,0.1,0.1,-0.1,-0.1,26.6
ab096c6f,0,0,0,0,0,0,0.0,0.0,0.0,0.0,0.0
ab3f1bdf,0,1,0,0,0,0,0.1,0.1,-0.1,-0.1,9.3
ab5b7dc1,5,39,10,0,2,2,4.2,2.7,0.8,0.3,713.7
ab700320,2,16,4,3,0,0,0.8,0.8,1.2,1.2,348.8
ad00b1a8,1,6,2,0,0,0,0.2,0.2,0.8,0.8,127.2
ad3389d5,0,0,0,0,0,0,0.0,0.0,0.0,0.0,0.0
ae44e8e2,2,26,9,0,0,0,1.6,1.6,0.4,0.4,561.6
ae7058f9,0,9,2,0,0,0,0.9,0.9,-0.9,-0.9,63.9
ae9b998d,0,0,0,0,0,0,0.0,0.0,0.0,0.0,0.0
aeed5c06,8,46,27,0,0,1,8.2,7.4,-0.2,0.6,818.8
af0d79a9,2,12,6,4,0,0,0.7,0.7,1.3,1.3,254.4
af104654,0,0,0,0,0,0,0.0,0.0,0.0,0.0,0.0
af842091,0,6,3,0,0,0,0.7,0.7,-0.7,-0.7,67.8
b116c6e3,3,14,3,0,0,0,2.0,2.0,1.0,1.0,196.0
b1cd37e6,0,1,0,0,0,0,0.0,0.0,0.0,0.0,21.1
b3325a30,4,20,5,0,0,0,1.8,1.8,2.2,2.2,374.0
b3b7f5a6,0,0,0,0,0,0,0.0,0.0,0.0,0.0,0.0
b4705807,2,2,2,0,0,0,0.2,0.2,1.8,1.8,37.8
b492126a,2,20,8,0,0,0,1.7,1.7,0.3,0.3,408.0
b4c816a9,2,23,9,0,0,0,3.0,3.0,-1.0,-1.0,271.4
b56dd813,0,0,0,0,0,0,0.0,0.0,0.0,0.0,0.0
b684a484,4,25,6,0,0,2,3.7,2.1,0.3,1.9,320.0
b74277a0,0,4,0,0,0,0,0.3,0.3,-0.3,-0.3,78.4
b77f44a4,1,7,3,0,0,0,0.6,0.6,0.4,0.4,94.5
b825a650,0,4,0,0,0,0,0.1,0.1,-0.1,-0.1,108.4
b8e740fb,0,8,1,0,0,0,0.7,0.7,-0.7,-0.7,154.4
b90c4a43,0,0,0,0,0,0,0.0,0.0,0.0,0.0,0.0
b9ae8560,2,14,7,2,0,0,1.4,1.4,0.6,0.6,289.8
ba115a40,1,7,4,0,0,0,1.0,1.0,0.0,0.0,65.8
bbd79358,1,3,2,0,0,0,0.4,0.4,0.6,0.6,42.9
bbd86530,0,7,2,0,0,0,0.3,0.3,-0.3,-0.3,161.7
bc249af8,1,10,3,0,0,0,1.6,1.6,-0.6,-0.6,135.0
bc6bd723,2,23,9,1,1,1,3.8,3.0,-1.8,-2.0,425.5
bcb2ccd8,0,0,0,0,0,0,0.0,0.0,0.0,0.0,0.0
bd142efb,1,8,2,0,0,0,1.0,1.0,0.0,0.0,74.4
bd527260,0,0,0,0,0,0,0.0,0.0,0.0,0.0,0.0
bd6351cd,0,2,0,0,0,0,0.2,0.2,-0.2,-0.2,30.4
bd7d2e6d,0,4,2,0,0,0,0.2,0.2,-0.2,-0.2,46.0
bdedffac,0,0,0,0,0,0,0.0,0.0,0.0,0.0,0.0
be42a291,1,6,3,0,0,0,1.3,1.3,-0.3,-0.3,71.4
beb882a8,0,6,1,0,0,0,0.4,0.4,-0.4,-0.4,109.8
bee0bab1,0,0,0,0,0,0,0.0,0.0,0.0,0.0,0.0
bf075f6b,0,24,8,0,0,0,1.9,1.9,-1.9,-1.9,439.2
c05f2f8c,0,1,0,0,0,0,0.0,0.0,0.0,0.0,28.2
c0b3669f,11,43,21,0,1,1,7.9,7.1,3.1,2.9,563.3
c149016b,3,33,10,0,0,0,2.4,2.4,0.6,0.6,567.6
c18d22f5,0,0,0,0,0,0,0.0,0.0,0.0,0.0,0.0
c1b7847c,1,12,4,0,0,0,1.2,1.2,-0.2,-0.2,229.2
c2009df3,0,18,3,0,0,0,1.3,1.3,-1.3,-1.3,277.2
c2211709,5,23,7,0,0,0,3.4,3.4,1.6,1.6,345.0
c3ee18ef,0,0,0,0,0,0,0.0,0.0,0.0,0.0,0.0
c455a2b2,3,21,7,0,0,0,1.8,1.8,1.2,1.2,441.0
c4987edc,0,7,0,0,0,0,0.5,0.5,-0.5,-0.5,98.7
c631f952,0,0,0,0,0,0,0.0,0.0,0.0,0.0,0.0
c64c01fc,2,27,14,0,0,0,3.0,3.0,-1.0,-1.0,423.9
c6608135,0,0,0,0,0,0,0.0,0.0,0.0,0.0,0.0
c68b1b13,0,0,0,0,0,0,0.0,0.0,0.0,0.0,0.0
c68da769,2,13,3,0,1,1,2.2,1.4,-0.2,-0.4,189.8
c691bfe2,6,41,17,0,1,2,6.3,4.6,-0.3,0.4,545.3
c6cf860f,0,0,0,0,0,0,0.0,0.0,0.0,0.0,0.0
c8b3a472,0,1,0,0,0,0,0.1,0.1,-0.1,-0.1,12.3
c8c60119,0,1,0,0,0,0,0.1,0.1,-0.1,-0.1,11.9
c967f6b8,0,2,0,0,0,0,0.1,0.1,-0.1,-0.1,22.0
ca618d23,3,13,7,0,0,0,1.6,1.6,1.4,1.4,180.7
ca8033cb,0,4,1,0,0,0,0.3,0.3,-0.3,-0.3,51.2
caffaf5a,0,6,0,0,0,0,0.2,0.2,-0.2,-0.2,99.0
cb11b429,2,15,5,0,0,0,1.6,1.6,0.4,0.4,189.0
cb64672e,0,0,0,0,0,0,0.0,0.0,0.0,0.0,0.0
cb6d81b3,0,1,0,0,0,0,0.0,0.0,0.0,0.0,15.9
cbac6ec9,0,0,0,0,0,0,0.0,0.0,0.0,0.0,0.0
cc83b74d,0,6,2,0,0,0,0.5,0.5,-0.5,-0.5,99.6
cc86b9a3,3,34,10,0,0,0,4.4,4.4,-1.4,-1.4,581.4
cc971106,0,0,0,0,0,0,0.0,0.0,0.0,0.0,0.0
cd59b9df,0,0,0,0,0,0,0.0,0.0,0.0,0.0,0.0
cd61c7af,0,0,0,0,0,0,0.0,0.0,0.0,0.0,0.0
cd682b6b,0,0,0,0,0,0,0.0,0.0,0.0,0.0,0.0
cd82452e,2,7,2,0,0,0,0.4,0.4,1.6,1.6,149.8
ce17b5eb,0,0,0,0,0,0,0.0,0.0,0.0,0.0,0.0
ce81d82d,0,0,0,0,0,0,0.0,0.0,0.0,0.0,0.0
d01bbb6f,2,38,17,0,0,0,3.9,3.9,-1.9,-1.9,684.0
d1273f09,1,5,2,0,0,0,0.4,0.4,0.6,0.6,88.5
d1b49282,1,8,3,0,0,0,0.6,0.6,0.4,0.4,118.4
d1db4b83,0,1,0,0,0,0,0.0,0.0,0.0,0.0,16.7
d2416c2e,1,6,3,0,0,0,0.7,0.7,0.3,0.3,66.0
d248cd8f,0,6,1,0,0,0,0.7,0.7,-0.7,-0.7,52.8
d28339cb,0,0,0,0,0,0,0.0,0.0,0.0,0.0,0.0
d2c580ce,0,0,0,0,0,0,0.0,0.0,0.0,0.0,0.0
d3d77413,0,1,0,0,0,0,0.1,0.1,-0.1,-0.1,10.4
d4a2533d,0,2,1,0,0,0,0.1,0.1,-0.1,-0.1,40.4
d6862409,4,40,18,0,0,0,3.9,3.9,0.1,0.1,1304.0
d6e53a3a,2,11,7,0,0,0,0.5,0.5,1.5,1.5,188.1
d75f3980,0,3,0,0,0,0,0.1,0.1,-0.1,-0.1,99.0
d781d855,0,12,6,0,0,0,1.2,1.2,-1.2,-1.2,205.2
d82a310a,0,0,0,0,0,0,0.0,0.0,0.0,0.0,0.0
db401046,0,0,0,0,0,0,0.0,0.0,0.0,0.0,0.0
db4ed67b,0,4,0,0,0,0,0.1,0.1,-0.1,-0.1,114.4
dc366c36,0,0,0,0,0,0,0.0,0.0,0.0,0.0,0.0
dc62fbee,2,15,7,1,0,0,0.7,0.7,1.3,1.3,337.5
dcfb17f4,2,15,6,0,0,0,2.0,2.0,0.0,0.0,193.5
dd2e62da,0,1,1,0,0,0,0.2,0.2,-0.2,-0.2,14.5
dd5bbe0d,1,1,1,0,0,0,0.4,0.4,0.6,0.6,8.4
dd676a97,0,1,0,0,0,0,0.1,0.1,-0.1,-0.1,14.0
de4cac2d,3,31,11,0,1,1,4.8,4.0,-1.8,-2.0,508.4
de838f86,2,14,5,0,0,0,1.2,1.2,0.8,0.8,214.2
dee3013b,0,0,0,0,0,0,0.0,0.0,0.0,0.0,0.0
dfb6490a,1,6,2,0,0,0,0.4,0.4,0.6,0.6,118.2
e0b113a7,2,20,5,1,0,0,1.2,1.2,0.8,0.8,400.0
e110ea4b,0,2,1,0,0,0,0.1,0.1,-0.1,-0.1,32.4
e12b0b5b,3,4,3,0,0,0,0.6,0.6,2.4,2.4,68.8
e162b013,0,4,0,0,0,0,0.2,0.2,-0.2,-0.2,106.0
e18098de,0,6,3,0,0,0,0.6,0.6,-0.6,-0.6,100.8
e1830c52,0,0,0,0,0,0,0.0,0.0,0.0,0.0,0.0
e27da244,0,1,0,0,0,0,0.1,0.1,-0.1,-0.1,10.6
e280527c,1,15,5,0,0,0,1.1,1.1,-0.1,-0.1,325.5
e33c06cf,1,17,5,0,0,0,1.1,1.1,-0.1,-0.1,304.3
e3d3fbeb,0,0,0,0,0,0,0.0,0.0,0.0,0.0,0.0
e547d3cf,0,4,0,0,0,0,0.1,0.1,-0.1,-0.1,105.2
e5649a78,2,35,8,5,1,1,1.6,1.6,-0.6,-0.6,854.0
e5a35ae9,1,4,1,0,1,1,1.3,0.5,-0.3,-0.5,66.0
e5d85da8,2,26,8,0,0,0,3.4,3.4,-1.4,-1.4,408.2
e61bdd69,1,7,3,0,0,0,0.4,0.4,0.6,0.6,133.0
e6c43eec,1,3,1,0,0,0,0.2,0.2,0.8,0.8,43.5
e717705a,0,20,1,0,0,0,1.0,1.0,-1.0,-1.0,392.0
e79269bd,0,0,0,0,0,0,0.0,0.0,0.0,0.0,0.0
e7f3e8a7,0,21,5,0,0,0,1.4,1.4,-1.4,-1.4,413.7
e7fcf289,0,2,1,0,0,0,0.2,0.2,-0.2,-0.2,44.6
e82adcab,1,11,4,0,0,0,0.4,0.4,0.6,0.6,275.0
e92cd3f7,0,0,0,0,0,0,0.0,0.0,0.0,0.0,0.0
ea003d07,0,0,0,0,0,0,0.0,0.0,0.0,0.0,0.0
ea0893d6,0,9,1,0,0,0,0.8,0.8,-0.8,-0.8,125.1
ea42c03f,0,5,0,0,0,0,0.7,0.7,-0.7,-0.7,38.0
eac044ad,5,15,12,0,0,0,2.5,2.5,2.5,2.5,229.5
eb6e14be,6,43,11,5,2,3,6.4,4.1,-0.4,-0.1,804.1
ed79b7d3,7,47,19,0,1,1,6.0,5.2,1.0,0.8,719.1
ee644761,0,6,2,0,0,0,0.7,0.7,-0.7,-0.7,56.4
f0a37d36,0,6,0,0,0,0,0.2,0.2,-0.2,-0.2,162.6
f1bc3876,0,0,0,0,0,0,0.0,0.0,0.0,0.0,0.0
f1e855eb,1,14,6,0,0,0,1.1,1.1,-0.1,-0.1,264.6
f24ea523,0,9,2,1,0,0,0.5,0.5,-0.5,-0.5,414.0
f26834c7,8,52,24,0,0,0,5.2,5.2,2.8,2.8,842.4
f27680d9,0,7,1,0,0,0,0.1,0.1,-0.1,-0.1,210.0
f2dd9a21,0,2,0,0,0,0,0.0,0.0,0.0,0.0,64.2
f36c432f,1,13,2,1,0,0,1.2,1.2,-0.2,-0.2,278.2
f4ec4fd0,0,0,0,0,0,0,0.0,0.0,0.0,0.0,0.0
f503ef6e,0,2,0,0,0,0,0.0,0.0,0.0,0.0,59.2
f521b80a,3,12,7,0,0,0,1.1,1.1,1.9,1.9,156.0
f582d5c1,0,0,0,0,0,0,0.0,0.0,0.0,0.0,0.0
f5c4fd91,0,2,2,0,0,0,0.5,0.5,-0.5,-0.5,13.8
f631c17f,2,8,5,0,0,0,1.0,1.0,1.0,1.0,112.0
f67c9d29,4,7,6,0,0,0,1.3,1.3,2.7,2.7,70.7
f68b64fc,2,18,6,0,0,0,2.5,2.4,-0.5,-0.4,190.8
f6bdc830,1,4,1,0,0,0,0.9,0.9,0.1,0.1,45.2
f76022e7,0,7,4,1,0,0,0.7,0.7,-0.7,-0.7,119.0
f7aa75bd,0,6,1,3,0,0,0.2,0.2,-0.2,-0.2,164.4
f86ad3f5,0,3,1,0,0,0,0.3,0.3,-0.3,-0.3,69.0
f86cd5df,0,0,0,0,0,0,0.0,0.0,0.0,0.0,0.0
f93e6e94,0,5,0,0,0,0,0.5,0.5,-0.5,-0.5,94.5
f9446dcd,0,9,2,0,0,0,0.7,0.7,-0.7,-0.7,125.1
f972644c,4,38,13,2,0,0,2.5,2.5,1.5,1.5,855.0
f9dfb7ae,0,1,1,0,0,0,0.1,0.1,-0.1,-0.1,10.8
fa4cabd1,0,0,0,0,0,0,0.0,0.0,0.0,0.0,0.0
fa661778,1,16,4,0,0,0,0.9,0.9,0.1,0.1,300.8
fb377d11,0,9,0,0,0,0,1.0,1.0,-1.0,-1.0,109.8
fbbc8e15,0,0,0,0,0,0,0.0,0.0,0.0,0.0,0.0
fc3697dd,1,25,9,5,0,0,2.1,2.1,-1.1,-1.1,500.0
fc62f087,1,4,1,0,0,0,0.4,0.4,0.6,0.6,32.0
fc8fcbd1,0,4,0,0,0,0,0.1,0.1,-0.1,-0.1,102.4
fcb27134,1,7,2,0,0,0,1.0,1.0,0.0,0.0,95.9
fd53759d,1,9,4,0,0,0,0.5,0.5,0.5,0.5,184.5
fe46e261,0,5,0,0,0,0,0.2,0.2,-0.2,-0.2,116.5
fe641c1a,0,1,0,0,0,0,0.1,0.1,-0.1,-0.1,20.0
ff3d391c,1,1,1,0,0,0,0.1,0.1,0.9,0.9,9.5
ff5ea0bf,0,2,1,0,0,0,0.2,0.2,-0.2,-0.2,17.6
ff98492b,3,36,10,8,2,2,3.2,1.7,-0.2,-0.7,820.8
