id,Gls,Sh,SoT,G/Sh,G/SoT,Dist,FK,PK,PKatt,xG,npxG,G-xG,np:G-xG
8637e09a,0,3,1,0.0,0.0,20.0,0.0,0,0,0.1,0.1,-0.1,-0.1
f9c927de,0,2,0,0.0,0.0,22.1,0.0,0,0,0.1,0.1,-0.1,-0.1
4d034881,6,28,14,0.18,0.36,16.7,0.0,1,2,5.6,4.0,0.4,1.0
48b28bfd,0,2,1,0.0,0.0,16.2,0.0,0,0,0.1,0.1,-0.1,-0.1
c46fa34c,0,1,1,0.0,0.0,31.9,0.0,0,0,0.0,0.0,0.0,0.0
89ac64a6,0,2,0,0.0,0.0,35.2,0.0,0,0,0.0,0.0,0.0,0.0
7230b807,0,4,1,0.0,0.0,13.9,0.0,0,0,0.4,0.4,-0.4,-0.4
1453e3cf,0,0,0,0.0,0.0,0.0,0.0,0,0,0.0,0.0,0.0,0.0
e0d3e18d,0,4,1,0.0,0.0,23.7,0.0,0,0,0.2,0.2,-0.2,-0.2
42ec696a,0,0,0,0.0,0.0,0.0,0.0,0,0,0.0,0.0,0.0,0.0
6ec6fde0,0,1,0,0.0,0.0,33.0,0.0,0,0,0.0,0.0,0.0,0.0
05439de2,0,4,2,0.0,0.0,29.3,3.0,0,0,0.2,0.2,-0.2,-0.2
4601e194,1,6,3,0.17,0.33,16.0,0.0,0,0,0.9,0.9,0.1,0.1
4bd414c1,0,1,1,0.0,0.0,11.5,0.0,0,0,0.1,0.1,-0.1,-0.1
a7a9d95a,1,7,4,0.14,0.25,20.2,0.0,0,1,1.6,0.8,-0.6,0.2
77e84962,0,4,0,0.0,0.0,25.0,0.0,0,0,0.2,0.2,-0.2,-0.2
f7d50789,0,9,3,0.0,0.0,9.5,0.0,0,0,0.8,0.8,-0.8,-0.8
d849ef0f,0,2,0,0.0,0.0,22.8,0.0,0,0,0.1,0.1,-0.1,-0.1
6c811eb7,0,2,0,0.0,0.0,22.4,0.0,0,0,0.1,0.1,-0.1,-0.1
cd1acf9d,0,12,1,0.0,0.0,24.2,1.0,0,0,0.8,0.8,-0.8,-0.8
7a2e46a8,0,0,0,0.0,0.0,0.0,0.0,0,0,0.0,0.0,0.0,0.0
cc700722,0,5,2,0.0,0.0,27.5,0.0,0,0,0.2,0.2,-0.2,-0.2
cea4ee8f,0,17,5,0.0,0.0,14.9,0.0,0,0,2.4,2.4,-2.4,-2.4
67b3d74b,0,2,0,0.0,0.0,18.9,0.0,0,0,0.1,0.1,-0.1,-0.1
c9e99e49,0,5,0,0.0,0.0,25.2,2.0,0,0,0.2,0.2,-0.2,-0.2
24fc70d3,0,4,1,0.0,0.0,20.5,0.0,0,0,0.7,0.7,-0.7,-0.7
555d5edd,0,1,0,0.0,0.0,18.5,0.0,0,0,0.0,0.0,0.0,0.0
5a2cb25d,0,1,0,0.0,0.0,18.7,0.0,0,0,0.0,0.0,0.0,0.0
30941e96,0,4,1,0.0,0.0,26.5,0.0,0,0,0.1,0.1,-0.1,-0.1
a5db0bec,0,15,3,0.0,0.0,16.3,0.0,0,0,0.8,0.8,-0.8,-0.8
2f965a72,0,0,0,0.0,0.0,0.0,0.0,0,0,0.0,0.0,0.0,0.0
fdd60087,0,1,1,0.0,0.0,34.5,0.0,0,0,0.0,0.0,0.0,0.0
089550f5,0,4,2,0.0,0.0,25.6,0.0,0,0,0.2,0.2,-0.2,-0.2
45af8a54,2,20,8,0.1,0.25,18.7,0.0,0,0,2.4,2.4,-0.4,-0.4
5d5219b1,1,9,1,0.11,1.0,18.6,0.0,0,0,0.9,0.9,0.1,0.1
5c2b4f07,0,2,0,0.0,0.0,23.0,0.0,0,0,0.1,0.1,-0.1,-0.1
70d8e84c,0,0,0,0.0,0.0,0.0,0.0,0,0,0.0,0.0,0.0,0.0
8e34b9f5,0,0,0,0.0,0.0,0.0,0.0,0,0,0.0,0.0,0.0,0.0
075fe5a3,0,1,0,0.0,0.0,7.9,0.0,0,0,0.4,0.4,-0.4,-0.4
06df8256,0,1,0,0.0,0.0,12.6,0.0,0,0,0.0,0.0,0.0,0.0
34e38ddf,0,0,0,0.0,0.0,0.0,0.0,0,0,0.0,0.0,0.0,0.0
a1232f4e,0,2,0,0.0,0.0,24.1,0.0,0,0,0.1,0.1,-0.1,-0.1
50ccf47d,0,1,0,0.0,0.0,28.3,0.0,0,0,0.0,0.0,0.0,0.0
dead55e5,0,4,1,0.0,0.0,26.4,0.0,0,0,0.2,0.2,-0.2,-0.2
509a4ccb,0,3,3,0.0,0.0,14.7,0.0,0,0,0.2,0.2,-0.2,-0.2
a58bb1e1,3,23,12,0.13,0.25,16.9,0.0,0,0,3.2,3.2,-0.2,-0.2
f7b10c66,0,0,0,0.0,0.0,0.0,0.0,0,0,0.0,0.0,0.0,0.0
d7c09951,0,6,2,0.0,0.0,24.0,0.0,0,0,0.2,0.2,-0.2,-0.2
c2e41cfb,0,0,0,0.0,0.0,0.0,0.0,0,0,0.0,0.0,0.0,0.0
6a189491,0,0,0,0.0,0.0,0.0,0.0,0,0,0.0,0.0,0.0,0.0
7c0000fd,0,0,0,0.0,0.0,0.0,0.0,0,0,0.0,0.0,0.0,0.0
2973d8ff,1,13,3,0.08,0.33,16.3,0.0,0,0,1.5,1.5,-0.5,-0.5
47064058,0,0,0,0.0,0.0,0.0,0.0,0,0,0.0,0.0,0.0,0.0
7bcc0708,0,0,0,0.0,0.0,0.0,0.0,0,0,0.0,0.0,0.0,0.0
da59a197,0,2,0,0.0,0.0,15.1,0.0,0,0,0.1,0.1,-0.1,-0.1
19e4eab9,0,2,0,0.0,0.0,18.7,0.0,0,0,0.1,0.1,-0.1,-0.1
50dc94ce,3,21,11,0.14,0.27,15.6,0.0,0,0,4.3,4.3,-1.3,-1.3
ff182fdc,1,9,5,0.11,0.2,15.3,0.0,0,0,1.8,1.8,-0.8,-0.8
e204ec12,0,4,1,0.0,0.0,27.4,1.0,0,0,0.1,0.1,-0.1,-0.1
b7e7937d,0,0,0,0.0,0.0,0.0,0.0,0,0,0.0,0.0,0.0,0.0
3b15ef2d,0,0,0,0.0,0.0,0.0,0.0,0,0,0.0,0.0,0.0,0.0
f5b6fb78,0,1,0,0.0,0.0,23.7,0.0,0,0,0.0,0.0,0.0,0.0
3189f61a,3,2,0,0.0,0.0,47.5,0.0,3,3,2.4,0.1,0.6,-0.1
3b8674e6,0,5,0,0.0,0.0,16.1,0.0,0,0,0.3,0.3,-0.3,-0.3
70d74ece,4,21,10,0.19,0.4,12.3,0.0,0,0,3.1,3.1,0.9,0.9
5d0d1ec7,0,0,0,0.0,0.0,0.0,0.0,0,0,0.0,0.0,0.0,0.0
a29b1131,0,6,2,0.0,0.0,18.9,0.0,0,0,0.4,0.4,-0.4,-0.4
ee93c1a9,0,13,3,0.0,0.0,20.0,3.0,0,0,1.1,1.1,-1.1,-1.1
433dc9a2,3,9,5,0.33,0.6,13.6,0.0,0,0,1.6,1.6,1.4,1.4
2e06f387,0,0,0,0.0,0.0,0.0,0.0,0,0,0.0,0.0,0.0,0.0
de40e38c,0,1,0,0.0,0.0,36.5,0.0,0,0,0.0,0.0,0.0,0.0
7aac47fe,0,0,0,0.0,0.0,0.0,0.0,0,0,0.0,0.0,0.0,0.0
6fdac234,0,5,4,0.0,0.0,16.3,0.0,0,0,0.2,0.2,-0.2,-0.2
79370f8c,0,4,0,0.0,0.0,26.7,0.0,0,0,0.1,0.1,-0.1,-0.1
dc62fbee,0,3,1,0.0,0.0,17.4,0.0,0,0,0.4,0.4,-0.4,-0.4
691bef82,0,7,0,0.0,0.0,16.9,0.0,0,0,0.4,0.4,-0.4,-0.4
27f0fcda,0,7,2,0.0,0.0,22.6,0.0,0,0,0.3,0.3,-0.3,-0.3
2db2fd7b,0,0,0,0.0,0.0,0.0,0.0,0,0,0.0,0.0,0.0,0.0
24b98f95,0,1,0,0.0,0.0,15.5,0.0,0,0,0.1,0.1,-0.1,-0.1
52ec54d0,0,5,2,0.0,0.0,22.1,0.0,0,0,0.2,0.2,-0.2,-0.2
5e8936be,0,0,0,0.0,0.0,0.0,0.0,0,0,0.0,0.0,0.0,0.0
d49f3e6b,0,2,1,0.0,0.0,20.5,0.0,0,0,0.1,0.1,-0.1,-0.1
56b5d64e,0,11,4,0.0,0.0,18.2,1.0,0,0,0.7,0.7,-0.7,-0.7
2b5527c4,0,1,0,0.0,0.0,22.3,0.0,0,0,0.0,0.0,0.0,0.0
33b8d077,0,3,0,0.0,0.0,25.6,0.0,0,0,0.1,0.1,-0.1,-0.1
fbffc4b1,0,0,0,0.0,0.0,0.0,0.0,0,0,0.0,0.0,0.0,0.0
4e204552,1,4,3,0.25,0.33,19.6,0.0,0,0,0.7,0.7,0.3,0.3
e40d028b,0,0,0,0.0,0.0,0.0,0.0,0,0,0.0,0.0,0.0,0.0
2bcc6d52,1,2,2,0.5,0.5,19.2,0.0,0,0,0.1,0.1,0.9,0.9
9d12e142,0,0,0,0.0,0.0,0.0,0.0,0,0,0.0,0.0,0.0,0.0
5ab0ea87,0,3,1,0.0,0.0,16.8,0.0,0,0,0.2,0.2,-0.2,-0.2
8a7a5ad7,0,0,0,0.0,0.0,0.0,0.0,0,0,0.0,0.0,0.0,0.0
d1273f09,0,4,0,0.0,0.0,28.2,0.0,0,0,0.1,0.1,-0.1,-0.1
78841da9,0,7,1,0.0,0.0,13.0,0.0,0,0,0.9,0.9,-0.9,-0.9
a65ce836,0,3,0,0.0,0.0,10.2,0.0,0,0,0.2,0.2,-0.2,-0.2
bd6351cd,0,5,2,0.0,0.0,18.3,0.0,0,0,0.3,0.3,-0.3,-0.3
356c9002,0,2,0,0.0,0.0,15.5,0.0,0,0,0.1,0.1,-0.1,-0.1
4958bfb2,0,4,1,0.0,0.0,13.6,0.0,0,0,0.6,0.6,-0.6,-0.6
4d224fe8,1,5,1,0.2,1.0,21.4,0.0,0,0,0.2,0.2,0.8,0.8
1ddbb0da,0,0,0,0.0,0.0,0.0,0.0,0,0,0.0,0.0,0.0,0.0
58a160e1,0,1,0,0.0,0.0,9.5,0.0,0,0,0.1,0.1,-0.1,-0.1
6938d79b,0,1,0,0.0,0.0,17.2,0.0,0,0,0.0,0.0,0.0,0.0
527f063d,2,12,6,0.17,0.33,12.0,0.0,0,0,2.5,2.5,-0.5,-0.5
c0617e2b,0,4,1,0.0,0.0,15.3,0.0,0,0,0.2,0.2,-0.2,-0.2
f76d7a41,0,0,0,0.0,0.0,0.0,0.0,0,0,0.0,0.0,0.0,0.0
a33a0dc0,0,3,1,0.0,0.0,17.8,0.0,0,0,0.1,0.1,-0.1,-0.1
5e1028e5,0,3,1,0.0,0.0,18.2,1.0,0,0,0.2,0.2,-0.2,-0.2
5b54bf3b,0,2,1,0.0,0.0,25.4,1.0,0,0,0.1,0.1,-0.1,-0.1
042d286e,2,10,7,0.2,0.29,17.2,0.0,0,0,0.6,0.6,1.4,1.4
873ce3a2,0,3,0,0.0,0.0,16.9,0.0,0,0,0.2,0.2,-0.2,-0.2
96b03fe2,0,1,0,0.0,0.0,8.8,0.0,0,0,0.1,0.1,-0.1,-0.1
0ac94a23,0,2,0,0.0,0.0,16.7,0.0,0,0,0.1,0.0,-0.1,0.0
e85fb9b8,0,2,1,0.0,0.0,10.0,0.0,0,0,0.1,0.1,-0.1,-0.1
2696b6a9,0,0,0,0.0,0.0,0.0,0.0,0,0,0.0,0.0,0.0,0.0
163bbd4a,1,5,2,0.2,0.5,14.4,0.0,0,0,0.7,0.7,0.3,0.3
b20f5a66,0,0,0,0.0,0.0,0.0,0.0,0,0,0.0,0.0,0.0,0.0
04ac8285,0,0,0,0.0,0.0,0.0,0.0,0,0,0.0,0.0,0.0,0.0
042e8a49,1,2,1,0.5,1.0,14.9,0.0,0,0,0.1,0.1,0.9,0.9
7b18b6db,0,2,1,0.0,0.0,12.4,0.0,0,0,0.1,0.1,-0.1,-0.1
0331786b,0,0,0,0.0,0.0,0.0,0.0,0,0,0.0,0.0,0.0,0.0
a6951bf8,0,1,0,0.0,0.0,29.4,0.0,0,0,0.0,0.0,0.0,0.0
2d3f7367,0,1,0,0.0,0.0,24.7,0.0,0,0,0.0,0.0,0.0,0.0
6ceef869,0,0,0,0.0,0.0,0.0,0.0,0,0,0.0,0.0,0.0,0.0
beb391dd,3,7,4,0.43,0.75,12.1,0.0,0,0,1.5,1.5,1.5,1.5
fb938d24,3,11,5,0.27,0.6,16.7,0.0,0,0,1.1,1.1,1.9,1.9
01eb744d,0,11,5,0.0,0.0,18.2,0.0,0,0,1.1,1.1,-1.1,-1.1
69960ac3,0,2,0,0.0,0.0,13.9,0.0,0,0,0.1,0.1,-0.1,-0.1
7b4c1f6e,0,0,0,0.0,0.0,0.0,0.0,0,0,0.0,0.0,0.0,0.0
a190d597,1,5,1,0.2,1.0,13.2,0.0,0,0,1.1,1.1,-0.1,-0.1
4fa7cb9b,0,6,2,0.0,0.0,18.5,0.0,0,0,0.4,0.4,-0.4,-0.4
1840e36d,0,0,0,0.0,0.0,0.0,0.0,0,0,0.0,0.0,0.0,0.0
0ef89a37,3,33,14,0.09,0.21,19.2,1.0,0,0,2.8,2.8,0.2,0.2
16657b95,0,7,1,0.0,0.0,17.7,0.0,0,0,0.4,0.4,-0.4,-0.4
0ab1f153,0,4,0,0.0,0.0,16.5,0.0,0,0,0.8,0.8,-0.8,-0.8
44eb9093,0,2,1,0.0,0.0,17.6,0.0,0,0,0.1,0.1,-0.1,-0.1
29c02c9f,0,0,0,0.0,0.0,0.0,0.0,0,0,0.0,0.0,0.0,0.0
db4ed67b,0,4,1,0.0,0.0,24.7,0.0,0,0,0.1,0.1,-0.1,-0.1
d9565625,0,2,0,0.0,0.0,16.2,0.0,0,0,0.1,0.1,-0.1,-0.1
6822ea0c,0,1,1,0.0,0.0,31.1,0.0,0,0,0.0,0.0,0.0,0.0
94b2001f,0,0,0,0.0,0.0,0.0,0.0,0,0,0.0,0.0,0.0,0.0
f08490a6,1,4,2,0.25,0.5,25.0,0.0,0,0,0.1,0.1,0.9,0.9
44781702,0,5,0,0.0,0.0,23.5,0.0,0,0,0.2,0.2,-0.2,-0.2
e46012d4,0,7,4,0.0,0.0,24.0,3.0,0,0,0.4,0.4,-0.4,-0.4
532d2690,1,1,1,0.0,0.0,21.1,0.0,1,1,0.9,0.1,0.1,-0.1
ae4e2852,0,1,0,0.0,0.0,24.5,0.0,0,0,0.0,0.0,0.0,0.0
41df88b8,0,0,0,0.0,0.0,0.0,0.0,0,0,0.0,0.0,0.0,0.0
c8e65157,0,0,0,0.0,0.0,0.0,0.0,0,0,0.0,0.0,0.0,0.0
fe641c1a,0,1,1,0.0,0.0,27.7,0.0,0,0,0.0,0.0,0.0,0.0
111c3236,0,6,2,0.0,0.0,23.9,0.0,0,0,0.2,0.2,-0.2,-0.2
f7ee69fb,0,2,0,0.0,0.0,26.9,0.0,0,0,0.1,0.1,-0.1,-0.1
e7986081,1,12,5,0.08,0.2,17.8,1.0,0,0,1.7,1.7,-0.7,-0.7
b19db005,3,18,8,0.17,0.38,17.1,0.0,0,0,2.4,2.4,0.6,0.6
54b4dc4e,0,9,1,0.0,0.0,22.0,1.0,0,0,0.7,0.7,-0.7,-0.7
47af88b8,0,1,1,0.0,0.0,9.0,0.0,0,0,0.1,0.1,-0.1,-0.1
fbb23472,0,5,0,0.0,0.0,22.1,0.0,0,0,0.6,0.6,-0.6,-0.6
2c44a35d,0,5,2,0.0,0.0,21.0,0.0,0,0,0.2,0.2,-0.2,-0.2
5832ebfe,0,4,1,0.0,0.0,25.8,1.0,0,0,0.5,0.5,-0.5,-0.5
85686f86,0,0,0,0.0,0.0,0.0,0.0,0,0,0.0,0.0,0.0,0.0
4e133a88,2,8,3,0.25,0.67,14.0,2.0,0,0,2.5,2.5,-0.5,-0.5
19cda00b,2,18,8,0.11,0.25,20.0,1.0,0,0,1.5,1.5,0.5,0.5
549c6ba7,0,0,0,0.0,0.0,0.0,0.0,0,0,0.0,0.0,0.0,0.0
aeed5c06,0,0,0,0.0,0.0,0.0,0.0,0,0,0.0,0.0,0.0,0.0
d2110326,0,1,1,0.0,0.0,6.7,0.0,0,0,0.1,0.1,-0.1,-0.1
fc62f087,0,2,0,0.0,0.0,5.4,0.0,0,0,0.7,0.7,-0.7,-0.7
31c69ef1,0,4,1,0.0,0.0,9.1,0.0,0,0,0.3,0.3,-0.3,-0.3
8104e41e,0,0,0,0.0,0.0,0.0,0.0,0,0,0.0,0.0,0.0,0.0
ac861941,0,2,0,0.0,0.0,21.4,0.0,0,0,0.1,0.1,-0.1,-0.1
19053e31,0,5,1,0.0,0.0,20.0,0.0,0,0,0.5,0.5,-0.5,-0.5
cc83b74d,0,5,2,0.0,0.0,14.3,0.0,0,0,1.0,1.0,-1.0,-1.0
c9cb972b,0,0,0,0.0,0.0,0.0,0.0,0,0,0.0,0.0,0.0,0.0
d072a976,0,1,0,0.0,0.0,34.6,0.0,0,0,0.0,0.0,0.0,0.0
1a992676,0,1,0,0.0,0.0,16.9,0.0,0,0,0.1,0.1,-0.1,-0.1
ff0ab48c,1,1,1,1.0,1.0,8.5,0.0,0,0,0.6,0.6,0.4,0.4
481c9ece,0,2,0,0.0,0.0,6.2,0.0,0,0,0.6,0.6,-0.6,-0.6
e0921a4f,5,21,10,0.24,0.5,18.2,0.0,0,0,3.6,3.6,1.4,1.4
4c45cdc2,0,5,1,0.0,0.0,20.5,0.0,0,0,0.2,0.2,-0.2,-0.2
3bb7f478,5,29,13,0.17,0.38,13.1,0.0,0,0,3.5,3.5,1.5,1.5
a382462b,0,2,1,0.0,0.0,32.6,0.0,0,0,0.0,0.0,0.0,0.0
f0fc9d0e,0,5,0,0.0,0.0,9.5,0.0,0,0,1.0,1.0,-1.0,-1.0
3bb7b8b4,0,0,0,0.0,0.0,0.0,0.0,0,0,0.0,0.0,0.0,0.0
a1c5b23e,0,2,0,0.0,0.0,26.7,0.0,0,0,0.1,0.1,-0.1,-0.1
73d6a176,0,1,1,0.0,0.0,16.1,0.0,0,0,0.1,0.1,-0.1,-0.1
0b4f388a,1,9,4,0.11,0.25,11.0,0.0,0,0,2.2,2.2,-1.2,-1.2
980522ec,2,28,12,0.07,0.17,23.8,5.0,0,0,2.4,2.4,-0.4,-0.4
7f3b388c,0,3,0,0.0,0.0,25.1,0.0,0,0,0.1,0.1,-0.1,-0.1
1e43fad8,0,0,0,0.0,0.0,0.0,0.0,0,0,0.0,0.0,0.0,0.0
66116290,0,11,2,0.0,0.0,20.6,1.0,0,1,1.5,0.8,-1.5,-0.8
c886b062,1,11,2,0.09,0.5,16.0,1.0,0,0,0.9,0.9,0.1,0.1
0aeeed3f,0,11,4,0.0,0.0,21.3,0.0,0,0,0.6,0.6,-0.6,-0.6
4e358a2d,0,8,1,0.0,0.0,12.3,0.0,0,0,1.7,1.7,-1.7,-1.7
691f64f5,1,4,0,0.0,0.0,32.0,0.0,1,2,1.7,0.1,-0.7,-0.1
874d7a32,0,2,1,0.0,0.0,18.4,0.0,0,0,0.1,0.1,-0.1,-0.1
bece776f,3,26,11,0.12,0.27,23.9,4.0,0,0,1.8,1.8,1.2,1.2
51a3c4c8,1,8,2,0.13,0.5,12.9,0.0,0,0,1.1,1.1,-0.1,-0.1
8aafd64f,0,1,1,0.0,0.0,8.8,0.0,0,0,0.1,0.1,-0.1,-0.1
87575fd9,1,5,1,0.2,1.0,11.6,0.0,0,0,0.4,0.4,0.6,0.6
e2dde94c,1,7,3,0.14,0.33,24.1,0.0,0,0,0.9,0.9,0.1,0.1
13ac19de,0,5,1,0.0,0.0,31.9,1.0,0,1,1.0,0.2,-1.0,-0.2
7c1a0c67,0,2,1,0.0,0.0,11.8,0.0,0,0,0.1,0.1,-0.1,-0.1
101da2b5,0,5,1,0.0,0.0,21.0,0.0,0,0,0.2,0.2,-0.2,-0.2
ccd88b8e,0,3,1,0.0,0.0,15.7,0.0,0,0,0.2,0.2,-0.2,-0.2
d9d43555,0,3,0,0.0,0.0,15.5,0.0,0,0,0.5,0.5,-0.5,-0.5
41f32541,0,1,0,0.0,0.0,10.5,0.0,0,0,0.1,0.1,-0.1,-0.1
375622c5,0,0,0,0.0,0.0,0.0,0.0,0,0,0.0,0.0,0.0,0.0
4c370d81,4,17,7,0.24,0.57,14.6,0.0,0,0,2.4,2.4,1.6,1.6
e288d4b3,0,7,3,0.0,0.0,26.2,0.0,0,0,1.1,1.1,-1.1,-1.1
ed1e53f3,1,7,3,0.14,0.33,15.7,0.0,0,0,1.0,1.0,0.0,0.0
2327c29e,0,3,1,0.0,0.0,17.9,0.0,0,0,0.1,0.1,-0.1,-0.1
6c7762c3,0,0,0,0.0,0.0,0.0,0.0,0,0,0.0,0.0,0.0,0.0
b853e0ad,0,6,0,0.0,0.0,25.3,1.0,0,0,0.3,0.3,-0.3,-0.3
0d10333c,0,4,1,0.0,0.0,24.0,0.0,0,0,0.4,0.4,-0.4,-0.4
1971591f,0,0,0,0.0,0.0,0.0,0.0,0,0,0.0,0.0,0.0,0.0
a8327abd,0,1,0,0.0,0.0,20.9,0.0,0,0,0.0,0.0,0.0,0.0
b4825073,0,0,0,0.0,0.0,0.0,0.0,0,0,0.0,0.0,0.0,0.0
42276181,0,2,0,0.0,0.0,19.0,0.0,0,0,0.1,0.1,-0.1,-0.1
ac3fb1be,0,0,0,0.0,0.0,0.0,0.0,0,0,0.0,0.0,0.0,0.0
c952f633,0,2,0,0.0,0.0,19.3,0.0,0,0,0.1,0.1,-0.1,-0.1
63d17038,0,0,0,0.0,0.0,0.0,0.0,0,0,0.0,0.0,0.0,0.0
7ba6d84e,0,0,0,0.0,0.0,0.0,0.0,0,0,0.0,0.0,0.0,0.0
37f606f0,0,1,0,0.0,0.0,24.9,0.0,0,0,0.0,0.0,0.0,0.0
c5adc293,0,0,0,0.0,0.0,0.0,0.0,0,0,0.0,0.0,0.0,0.0
8d3d3b0a,0,0,0,0.0,0.0,0.0,0.0,0,0,0.0,0.0,0.0,0.0
fe2d2289,0,0,0,0.0,0.0,0.0,0.0,0,0,0.0,0.0,0.0,0.0
c6056d58,0,2,0,0.0,0.0,8.4,0.0,0,0,0.4,0.4,-0.4,-0.4
88e357ef,0,17,3,0.0,0.0,19.9,0.0,0,0,1.0,1.0,-1.0,-1.0
50c1ff86,1,4,1,0.25,1.0,13.4,0.0,0,0,0.2,0.2,0.8,0.8
fc4f85b1,1,5,1,0.2,1.0,12.0,0.0,0,0,0.3,0.3,0.7,0.7
d5980989,0,1,0,0.0,0.0,24.7,0.0,0,0,0.0,0.0,0.0,0.0
3708e9fa,0,2,2,0.0,0.0,16.5,0.0,0,0,0.1,0.1,-0.1,-0.1
7a11550b,0,2,0,0.0,0.0,18.6,0.0,0,0,0.1,0.1,-0.1,-0.1
01e5f06e,0,0,0,0.0,0.0,0.0,0.0,0,0,0.0,0.0,0.0,0.0
cc86b9a3,0,7,3,0.0,0.0,20.2,0.0,0,0,0.4,0.4,-0.4,-0.4
4d3e9033,0,0,0,0.0,0.0,0.0,0.0,0,0,0.0,0.0,0.0,0.0
9efa1d25,0,6,2,0.0,0.0,21.1,0.0,0,0,0.3,0.3,-0.3,-0.3
2d24d7a2,0,2,0,0.0,0.0,25.2,0.0,0,0,0.1,0.1,-0.1,-0.1
d2448564,1,2,1,0.5,1.0,8.3,0.0,0,0,0.6,0.6,0.4,0.4
58eee997,0,0,0,0.0,0.0,0.0,0.0,0,0,0.0,0.0,0.0,0.0
df69b544,4,22,11,0.18,0.36,18.0,2.0,0,0,2.7,2.7,1.3,1.3
54e4866f,0,0,0,0.0,0.0,0.0,0.0,0,0,0.0,0.0,0.0,0.0
ffbbc83b,1,5,1,0.2,1.0,23.6,0.0,0,0,0.5,0.5,0.5,0.5
b1f4086c,2,12,6,0.17,0.33,24.4,3.0,0,0,0.8,0.8,1.2,1.2
e6bc67d7,0,10,1,0.0,0.0,23.1,1.0,0,0,0.4,0.4,-0.4,-0.4
048a1cbc,4,10,4,0.4,1.0,16.4,0.0,0,0,2.7,2.7,1.3,1.3
ac1f056e,0,5,2,0.0,0.0,15.2,0.0,0,0,0.5,0.5,-0.5,-0.5
819b3158,0,9,1,0.0,0.0,23.0,2.0,0,0,0.7,0.7,-0.7,-0.7
c7842dab,0,1,0,0.0,0.0,27.3,0.0,0,0,0.0,0.0,0.0,0.0
0174ba21,0,0,0,0.0,0.0,0.0,0.0,0,0,0.0,0.0,0.0,0.0
8696bc90,0,1,0,0.0,0.0,14.2,0.0,0,0,0.0,0.0,0.0,0.0
e42d61c7,0,3,0,0.0,0.0,26.6,0.0,0,0,0.1,0.1,-0.1,-0.1
e6ad16b2,1,2,1,0.5,1.0,10.7,0.0,0,0,0.8,0.8,0.2,0.2
74419746,0,0,0,0.0,0.0,0.0,0.0,0,0,0.0,0.0,0.0,0.0
e7d59f4f,0,1,0,0.0,0.0,10.0,0.0,0,0,0.1,0.1,-0.1,-0.1
8454388c,0,6,0,0.0,0.0,16.9,0.0,0,0,0.4,0.4,-0.4,-0.4
61f63784,1,2,1,0.5,1.0,5.7,0.0,0,0,0.9,0.4,0.1,0.6
935e6b8f,0,9,2,0.0,0.0,21.0,0.0,0,0,0.8,0.8,-0.8,-0.8
28eea0fc,0,4,2,0.0,0.0,28.0,0.0,0,0,0.1,0.1,-0.1,-0.1
0a89e877,0,2,0,0.0,0.0,25.7,0.0,0,0,0.1,0.1,-0.1,-0.1
c3ee18ef,0,0,0,0.0,0.0,0.0,0.0,0,0,0.0,0.0,0.0,0.0
436a9dd0,0,4,0,0.0,0.0,23.5,0.0,0,0,0.2,0.2,-0.2,-0.2
a8542814,2,14,6,0.14,0.33,19.9,1.0,0,0,1.1,1.0,0.9,1.0
92e7e919,4,33,17,0.12,0.24,18.7,0.0,0,0,3.1,3.1,0.9,0.9
2e7ff968,0,0,0,0.0,0.0,0.0,0.0,0,0,0.0,0.0,0.0,0.0
cff7dcb0,3,10,3,0.1,0.33,19.9,0.0,2,2,2.1,0.5,0.9,0.5
816192f0,0,1,0,0.0,0.0,23.7,0.0,0,0,0.0,0.0,0.0,0.0
d02e0cab,0,2,0,0.0,0.0,19.7,0.0,0,0,0.1,0.1,-0.1,-0.1
3f65d5ce,0,0,0,0.0,0.0,0.0,0.0,0,0,0.0,0.0,0.0,0.0
d5c04323,0,2,0,0.0,0.0,9.7,0.0,0,0,0.2,0.2,-0.2,-0.2
f2d063ec,1,3,1,0.33,1.0,14.4,0.0,0,0,0.6,0.6,0.4,0.4
f4eb377b,0,0,0,0.0,0.0,0.0,0.0,0,0,0.0,0.0,0.0,0.0
99de6b6f,0,0,0,0.0,0.0,0.0,0.0,0,0,0.0,0.0,0.0,0.0
4cc82fe1,0,2,0,0.0,0.0,8.6,0.0,0,0,0.2,0.2,-0.2,-0.2
497228f9,0,1,1,0.0,0.0,13.0,0.0,0,0,0.1,0.1,-0.1,-0.1
05d548d8,1,4,2,0.25,0.5,10.2,0.0,0,0,0.5,0.5,0.5,0.5
5042e5c2,0,3,0,0.0,0.0,12.4,0.0,0,0,0.2,0.2,-0.2,-0.2
2f3452eb,0,2,0,0.0,0.0,27.6,0.0,0,0,0.1,0.1,-0.1,-0.1
43b78598,4,21,8,0.19,0.5,12.7,0.0,0,0,3.6,3.6,0.4,0.4
8387afe6,0,4,0,0.0,0.0,25.8,0.0,0,0,0.1,0.1,-0.1,-0.1
5cb1d026,1,4,1,0.25,1.0,15.1,0.0,0,0,0.8,0.8,0.2,0.2
54f2d108,1,2,0,0.0,0.0,37.6,0.0,1,1,0.8,0.1,0.2,-0.1
2f557579,3,17,5,0.12,0.4,18.7,1.0,1,1,3.0,2.2,0.0,-0.2
a0b4bb3e,1,8,5,0.13,0.2,18.4,2.0,0,0,1.3,1.3,-0.3,-0.3
14e8e9d7,0,0,0,0.0,0.0,0.0,0.0,0,0,0.0,0.0,0.0,0.0
cf182add,2,13,7,0.15,0.29,12.8,0.0,0,0,1.9,1.9,0.1,0.1
ce9e8024,0,4,1,0.0,0.0,11.7,0.0,0,0,0.2,0.2,-0.2,-0.2
7cab69b5,0,0,0,0.0,0.0,0.0,0.0,0,0,0.0,0.0,0.0,0.0
b66315ae,4,19,8,0.11,0.25,16.3,0.0,2,2,3.9,2.4,0.1,-0.4
79083382,0,0,0,0.0,0.0,0.0,0.0,0,0,0.0,0.0,0.0,0.0
c17bfb65,1,10,4,0.1,0.25,18.8,0.0,0,0,1.4,1.4,-0.4,-0.4
9bcd6455,1,4,3,0.25,0.33,21.1,0.0,0,0,0.7,0.7,0.3,0.3
def899bd,0,0,0,0.0,0.0,0.0,0.0,0,0,0.0,0.0,0.0,0.0
1bacc518,0,5,0,0.0,0.0,19.8,0.0,0,0,0.3,0.3,-0.3,-0.3
abb3bb95,3,14,7,0.21,0.43,13.3,1.0,0,0,2.1,2.1,0.9,0.9
13c44fc5,0,0,0,0.0,0.0,0.0,0.0,0,0,0.0,0.0,0.0,0.0
4dbdf7f7,0,4,1,0.0,0.0,20.5,0.0,0,0,0.2,0.2,-0.2,-0.2
95a24690,0,1,0,0.0,0.0,15.1,0.0,0,0,0.1,0.1,-0.1,-0.1
f36c432f,0,0,0,0.0,0.0,0.0,0.0,0,0,0.0,0.0,0.0,0.0
2319ebe3,0,0,0,0.0,0.0,0.0,0.0,0,0,0.0,0.0,0.0,0.0
cfd8d664,0,0,0,0.0,0.0,0.0,0.0,0,0,0.0,0.0,0.0,0.0
7111d552,0,9,3,0.0,0.0,15.1,0.0,0,0,0.5,0.5,-0.5,-0.5
2d61d13a,0,2,1,0.0,0.0,5.3,0.0,0,0,0.4,0.4,-0.4,-0.4
79c90e45,1,5,3,0.2,0.33,15.1,0.0,0,0,0.8,0.8,0.2,0.2
5afafbfe,0,0,0,0.0,0.0,0.0,0.0,0,0,0.0,0.0,0.0,0.0
d4931a5a,0,0,0,0.0,0.0,0.0,0.0,0,0,0.0,0.0,0.0,0.0
21a66f6a,5,32,15,0.16,0.33,16.3,2.0,0,0,3.2,3.2,1.8,1.8
9f84febe,0,0,0,0.0,0.0,0.0,0.0,0,0,0.0,0.0,0.0,0.0
d3272fba,0,4,0,0.0,0.0,18.8,0.0,0,0,0.2,0.2,-0.2,-0.2
3d50bcdb,0,6,0,0.0,0.0,16.8,0.0,0,0,0.5,0.5,-0.5,-0.5
51dbeea9,0,2,1,0.0,0.0,19.1,0.0,0,0,0.1,0.1,-0.1,-0.1
f25c8e3a,1,5,1,0.2,1.0,21.3,0.0,0,0,0.3,0.3,0.7,0.7
38ac43d3,0,4,1,0.0,0.0,13.1,0.0,0,0,1.3,1.3,-1.3,-1.3
862fa9fb,0,1,0,0.0,0.0,21.0,0.0,0,0,0.1,0.1,-0.1,-0.1
aae44006,0,1,0,0.0,0.0,21.5,0.0,0,0,0.0,0.0,0.0,0.0
49296448,0,4,0,0.0,0.0,16.9,0.0,0,0,0.7,0.7,-0.7,-0.7
aef6e670,1,2,1,0.5,1.0,12.7,0.0,0,0,0.6,0.6,0.4,0.4
dab0da1c,2,9,4,0.22,0.5,14.0,0.0,0,0,2.5,2.5,-0.5,-0.5
4c3a6744,1,6,3,0.17,0.33,14.7,0.0,0,0,1.4,1.4,-0.4,-0.4
55126f3b,2,6,2,0.33,1.0,20.4,0.0,0,0,0.6,0.6,1.4,1.4
731e29b8,0,2,1,0.0,0.0,20.8,0.0,0,0,0.1,0.1,-0.1,-0.1
eda40760,0,14,6,0.0,0.0,27.4,5.0,0,0,0.6,0.6,-0.6,-0.6
d2bff301,0,0,0,0.0,0.0,0.0,0.0,0,0,0.0,0.0,0.0,0.0
cce181df,0,0,0,0.0,0.0,0.0,0.0,0,0,0.0,0.0,0.0,0.0
d9a5d930,0,14,7,0.0,0.0,19.5,0.0,0,0,1.2,1.2,-1.2,-1.2
6f639ec7,0,3,2,0.0,0.0,22.7,0.0,0,0,0.2,0.2,-0.2,-0.2
da974c7b,0,3,1,0.0,0.0,16.2,0.0,0,0,0.2,0.2,-0.2,-0.2
9d60028d,0,1,0,0.0,0.0,24.0,0.0,0,0,0.0,0.0,0.0,0.0
e16dd48e,1,5,2,0.2,0.5,18.6,0.0,0,0,1.2,1.2,-0.2,-0.2
cd1b2304,0,0,0,0.0,0.0,0.0,0.0,0,0,0.0,0.0,0.0,0.0
603cb947,5,17,7,0.24,0.57,21.3,2.0,1,1,2.3,1.6,2.7,2.4
43cd8b69,2,8,3,0.25,0.67,16.7,0.0,0,0,1.5,1.5,0.5,0.5
6ce1f46f,1,12,4,0.08,0.25,24.3,0.0,0,0,0.5,0.5,0.5,0.5
5631b735,0,2,0,0.0,0.0,20.8,0.0,0,0,0.1,0.1,-0.1,-0.1
580d52dd,0,6,1,0.0,0.0,20.1,0.0,0,0,0.4,0.4,-0.4,-0.4
292a652a,0,0,0,0.0,0.0,0.0,0.0,0,0,0.0,0.0,0.0,0.0
ccc66d00,0,0,0,0.0,0.0,0.0,0.0,0,0,0.0,0.0,0.0,0.0
beda9675,0,1,0,0.0,0.0,25.2,0.0,0,0,0.1,0.1,-0.1,-0.1
19e4dca5,0,3,0,0.0,0.0,8.3,0.0,0,0,0.2,0.2,-0.2,-0.2
099b9c78,0,0,0,0.0,0.0,0.0,0.0,0,0,0.0,0.0,0.0,0.0
ebc56869,0,0,0,0.0,0.0,0.0,0.0,0,0,0.0,0.0,0.0,0.0
99813635,0,3,1,0.0,0.0,15.0,0.0,0,0,0.6,0.6,-0.6,-0.6
591477c9,0,1,0,0.0,0.0,7.5,0.0,0,0,0.4,0.4,-0.4,-0.4
abe66106,1,9,3,0.11,0.33,22.6,0.0,0,0,0.7,0.7,0.3,0.3
119b9a8e,2,6,2,0.33,1.0,10.5,0.0,0,0,0.6,0.6,1.4,1.4
8e088e04,0,0,0,0.0,0.0,0.0,0.0,0,0,0.0,0.0,0.0,0.0
6a829019,0,2,1,0.0,0.0,30.7,0.0,0,0,0.1,0.1,-0.1,-0.1
c4987edc,0,1,0,0.0,0.0,7.3,0.0,0,0,0.1,0.1,-0.1,-0.1
2c20f2fb,0,0,0,0.0,0.0,0.0,0.0,0,0,0.0,0.0,0.0,0.0
4dbd0916,0,4,0,0.0,0.0,23.6,1.0,0,0,0.2,0.2,-0.2,-0.2
4f28a6ff,0,8,3,0.0,0.0,11.5,0.0,0,0,0.8,0.8,-0.8,-0.8
4a6914ff,0,0,0,0.0,0.0,0.0,0.0,0,0,0.0,0.0,0.0,0.0
8d78e732,8,24,15,0.25,0.4,13.9,1.0,2,2,6.9,5.3,1.1,0.7
d6e53a3a,2,16,6,0.13,0.33,17.2,0.0,0,0,1.0,1.0,1.0,1.0
ad10eae0,0,6,0,0.0,0.0,23.9,0.0,0,0,0.5,0.5,-0.5,-0.5
f5deef4c,0,2,1,0.0,0.0,18.7,0.0,0,0,0.1,0.1,-0.1,-0.1
810e3c74,0,3,1,0.0,0.0,26.8,0.0,0,0,0.1,0.1,-0.1,-0.1
0e100630,0,0,0,0.0,0.0,0.0,0.0,0,0,0.0,0.0,0.0,0.0
6e5497ca,0,1,0,0.0,0.0,29.4,0.0,0,0,0.0,0.0,0.0,0.0
82dbf623,2,11,5,0.18,0.4,10.5,0.0,0,0,2.0,2.0,0.0,0.0
02c15616,0,2,0,0.0,0.0,24.9,0.0,0,0,0.1,0.1,-0.1,-0.1
8f62b6ee,0,0,0,0.0,0.0,0.0,0.0,0,0,0.0,0.0,0.0,0.0
f00de885,0,0,0,0.0,0.0,0.0,0.0,0,0,0.0,0.0,0.0,0.0
88a359d4,1,1,1,1.0,1.0,9.8,0.0,0,0,0.3,0.3,0.7,0.7
1a2935f6,0,0,0,0.0,0.0,0.0,0.0,0,0,0.0,0.0,0.0,0.0
a69e4806,2,19,4,0.11,0.5,19.0,1.0,0,0,1.9,1.9,0.1,0.1
e4ed2628,0,3,1,0.0,0.0,14.6,0.0,0,0,0.2,0.2,-0.2,-0.2
b05e2dbd,0,2,0,0.0,0.0,29.1,0.0,0,0,0.1,0.1,-0.1,-0.1
5eae500a,2,10,4,0.2,0.5,11.6,1.0,0,0,1.8,1.8,0.2,0.2
bef09ca8,0,0,0,0.0,0.0,0.0,0.0,0,0,0.0,0.0,0.0,0.0
01a49bd2,0,0,0,0.0,0.0,0.0,0.0,0,0,0.0,0.0,0.0,0.0
526541e5,0,3,0,0.0,0.0,17.8,1.0,0,0,0.2,0.2,-0.2,-0.2
892d5bb1,1,12,3,0.08,0.33,18.0,0.0,0,0,1.3,1.3,-0.3,-0.3
2a8683b9,0,5,0,0.0,0.0,22.6,3.0,0,0,0.4,0.4,-0.4,-0.4
16b9d5cf,0,1,0,0.0,0.0,8.4,0.0,0,0,0.1,0.1,-0.1,-0.1
6853490f,1,3,1,0.33,1.0,11.2,0.0,0,0,1.2,1.2,-0.2,-0.2
864163f3,0,5,3,0.0,0.0,16.5,0.0,0,0,0.6,0.6,-0.6,-0.6
afa0d4e0,1,8,3,0.13,0.33,7.2,0.0,0,0,2.4,2.4,-1.4,-1.4
c691bfe2,4,24,7,0.17,0.57,12.5,0.0,0,1,8.1,7.2,-4.1,-3.2
c707411f,1,6,2,0.17,0.5,8.7,0.0,0,0,1.1,1.1,-0.1,-0.1
88a9ea33,0,4,1,0.0,0.0,16.6,0.0,0,0,0.3,0.3,-0.3,-0.3
9ae9eaea,0,0,0,0.0,0.0,0.0,0.0,0,0,0.0,0.0,0.0,0.0
7a20d90a,0,1,0,0.0,0.0,10.4,0.0,0,0,0.1,0.1,-0.1,-0.1
603116a7,1,4,2,0.25,0.5,21.2,0.0,0,0,0.6,0.6,0.4,0.4
e3d0b0c4,0,3,0,0.0,0.0,8.9,0.0,0,0,0.2,0.2,-0.2,-0.2
05a84d52,6,24,13,0.17,0.31,13.7,0.0,2,2,5.6,4.0,0.4,0.0
f0da930c,2,3,2,0.67,1.0,14.5,0.0,0,0,0.4,0.4,1.6,1.6
5c4dc0ff,1,5,1,0.2,1.0,13.4,0.0,0,0,0.5,0.5,0.5,0.5
e26f559f,0,0,0,0.0,0.0,0.0,0.0,0,0,0.0,0.0,0.0,0.0
a022e78c,1,6,4,0.17,0.25,15.3,0.0,0,0,0.4,0.4,0.6,0.6
a3b0ed18,0,0,0,0.0,0.0,0.0,0.0,0,0,0.0,0.0,0.0,0.0
9139bb12,0,5,1,0.0,0.0,17.4,0.0,0,0,0.2,0.2,-0.2,-0.2
d5f2f82b,1,3,2,0.33,0.5,9.2,0.0,0,0,0.4,0.4,0.6,0.6
8b788c01,1,12,2,0.08,0.5,18.5,0.0,0,0,1.0,1.0,0.0,0.0
7f97771d,1,5,1,0.2,1.0,13.2,0.0,0,0,0.3,0.3,0.7,0.7
f7036e1c,0,4,1,0.0,0.0,13.4,0.0,0,0,0.5,0.5,-0.5,-0.5
3ef0fa48,0,0,0,0.0,0.0,0.0,0.0,0,0,0.0,0.0,0.0,0.0
11fd2b75,0,1,0,0.0,0.0,28.6,0.0,0,0,0.0,0.0,0.0,0.0
eba1e557,0,1,0,0.0,0.0,28.2,0.0,0,0,0.0,0.0,0.0,0.0
55abe554,0,0,0,0.0,0.0,0.0,0.0,0,0,0.0,0.0,0.0,0.0
29733c72,1,8,1,0.13,1.0,18.3,1.0,0,0,1.0,1.0,0.0,0.0
eb7822d7,0,0,0,0.0,0.0,0.0,0.0,0,0,0.0,0.0,0.0,0.0
b217ef29,0,6,0,0.0,0.0,10.4,0.0,0,0,0.5,0.5,-0.5,-0.5
c0cddebe,0,5,2,0.0,0.0,14.1,0.0,0,0,0.8,0.8,-0.8,-0.8
1adcf39e,0,3,0,0.0,0.0,15.3,0.0,0,0,0.2,0.2,-0.2,-0.2
0e6bc38c,0,2,1,0.0,0.0,16.1,0.0,0,0,0.1,0.1,-0.1,-0.1
005ca692,1,7,1,0.14,1.0,18.6,0.0,0,0,0.4,0.4,0.6,0.6
b74277a0,2,7,2,0.29,1.0,18.6,0.0,0,0,0.4,0.4,1.6,1.6
493924a7,0,3,0,0.0,0.0,12.6,0.0,0,0,0.4,0.4,-0.4,-0.4
42fd9c7f,4,29,11,0.14,0.36,13.4,0.0,0,0,5.8,5.8,-1.8,-1.8
4887118d,0,1,0,0.0,0.0,17.9,0.0,0,0,0.1,0.1,-0.1,-0.1
01c3aff5,1,3,2,0.33,0.5,15.4,0.0,0,0,0.2,0.2,0.8,0.8
d93c2511,0,1,0,0.0,0.0,24.1,0.0,0,0,0.0,0.0,0.0,0.0
0a6dbbf7,0,0,0,0.0,0.0,0.0,0.0,0,0,0.0,0.0,0.0,0.0
48b3dd60,0,0,0,0.0,0.0,0.0,0.0,0,0,0.0,0.0,0.0,0.0
8f696594,1,16,5,0.06,0.2,16.7,1.0,0,0,2.8,2.8,-1.8,-1.8
5271c8f1,0,2,1,0.0,0.0,29.1,0.0,0,0,0.1,0.1,-0.1,-0.1
3cefcaef,0,9,2,0.0,0.0,20.0,0.0,0,0,0.4,0.4,-0.4,-0.4
f99fe221,0,3,0,0.0,0.0,26.9,0.0,0,0,0.1,0.1,-0.1,-0.1
89b2c8a9,3,19,10,0.16,0.3,18.6,0.0,0,0,3.5,3.5,-0.5,-0.5
d70ce98e,12,53,24,0.21,0.46,19.1,10.0,1,1,6.5,5.7,5.5,5.3
e162b013,1,5,5,0.2,0.2,13.8,0.0,0,0,0.5,0.5,0.5,0.5
85613cf0,0,9,5,0.0,0.0,15.8,0.0,0,0,1.1,1.1,-1.1,-1.1
2784f898,2,5,3,0.4,0.67,13.2,0.0,0,0,0.4,0.4,1.6,1.6
2f90f6b8,2,10,3,0.0,0.0,21.3,0.0,2,2,2.3,0.7,-0.3,-0.7
0b90bb97,2,5,5,0.4,0.4,10.7,0.0,0,0,1.9,1.9,0.1,0.1
a9aa0d1d,0,12,3,0.0,0.0,18.6,0.0,0,0,1.1,1.1,-1.1,-1.1
807e869a,1,7,3,0.14,0.33,20.2,0.0,0,0,0.3,0.3,0.7,0.7
314f2124,0,1,0,0.0,0.0,13.5,0.0,0,0,0.0,0.0,0.0,0.0
ead61f73,0,1,0,0.0,0.0,24.1,0.0,0,0,0.0,0.0,0.0,0.0
30223b33,0,0,0,0.0,0.0,0.0,0.0,0,0,0.0,0.0,0.0,0.0
a8741470,0,0,0,0.0,0.0,0.0,0.0,0,0,0.0,0.0,0.0,0.0
6025fab1,0,7,4,0.0,0.0,20.0,0.0,0,0,0.7,0.7,-0.7,-0.7
3e96f3e7,0,0,0,0.0,0.0,0.0,0.0,0,0,0.0,0.0,0.0,0.0
c43e5e7e,3,13,6,0.23,0.5,14.9,0.0,0,0,1.8,1.8,1.2,1.2
bfae110f,2,7,4,0.29,0.5,15.3,0.0,0,0,0.8,0.8,1.2,1.2
6941883f,0,1,0,0.0,0.0,12.4,0.0,0,0,0.1,0.1,-0.1,-0.1
129af0db,0,2,0,0.0,0.0,8.4,0.0,0,0,0.4,0.4,-0.4,-0.4
e97150c0,0,0,0,0.0,0.0,0.0,0.0,0,0,0.0,0.0,0.0,0.0
11b9265b,0,1,0,0.0,0.0,28.6,0.0,0,0,0.0,0.0,0.0,0.0
fb517645,0,0,0,0.0,0.0,0.0,0.0,0,0,0.0,0.0,0.0,0.0
2b622f01,5,26,10,0.19,0.5,15.7,0.0,0,0,3.3,3.3,1.7,1.7
3c6089ab,0,7,2,0.0,0.0,14.9,0.0,0,0,0.8,0.8,-0.8,-0.8
b233e8e4,0,1,0,0.0,0.0,13.2,0.0,0,0,0.0,0.0,0.0,0.0
a2abe631,0,0,0,0.0,0.0,0.0,0.0,0,0,0.0,0.0,0.0,0.0
e50623a0,0,1,0,0.0,0.0,34.0,0.0,0,0,0.0,0.0,0.0,0.0
79019bf4,0,1,0,0.0,0.0,29.9,0.0,0,0,0.0,0.0,0.0,0.0
d4aa40b8,1,6,3,0.17,0.33,21.2,0.0,0,0,0.6,0.6,0.4,0.4
2946f9a1,0,4,1,0.0,0.0,15.6,0.0,0,0,0.2,0.2,-0.2,-0.2
4b6960d2,0,1,1,0.0,0.0,9.0,0.0,0,0,0.6,0.6,-0.6,-0.6
1f9328da,1,8,3,0.13,0.33,21.2,0.0,0,0,0.3,0.3,0.7,0.7
de5b5570,0,2,1,0.0,0.0,29.0,0.0,0,0,0.1,0.1,-0.1,-0.1
03bd0bf4,0,5,0,0.0,0.0,12.2,0.0,0,0,0.2,0.2,-0.2,-0.2
f35430a4,0,0,0,0.0,0.0,0.0,0.0,0,0,0.0,0.0,0.0,0.0
ecada4fc,0,0,0,0.0,0.0,0.0,0.0,0,0,0.0,0.0,0.0,0.0
960acc0a,0,7,1,0.0,0.0,29.9,0.0,0,0,0.2,0.2,-0.2,-0.2
5cdddffa,2,9,2,0.22,1.0,20.3,0.0,0,0,0.5,0.5,1.5,1.5
c5bdb6e3,0,3,1,0.0,0.0,15.2,0.0,0,0,0.4,0.4,-0.4,-0.4
3984a078,0,0,0,0.0,0.0,0.0,0.0,0,0,0.0,0.0,0.0,0.0
4f1e6a0b,2,11,4,0.18,0.5,14.3,0.0,0,0,2.5,2.5,-0.5,-0.5
a9dc785c,0,0,0,0.0,0.0,0.0,0.0,0,0,0.0,0.0,0.0,0.0
8778c910,0,0,0,0.0,0.0,0.0,0.0,0,0,0.0,0.0,0.0,0.0
69384e5d,5,24,16,0.21,0.31,18.9,8.0,0,0,3.4,3.4,1.6,1.6
0193a8bf,0,5,2,0.0,0.0,14.0,0.0,0,0,0.5,0.5,-0.5,-0.5
2b8360f1,0,0,0,0.0,0.0,0.0,0.0,0,0,0.0,0.0,0.0,0.0
c14bc029,1,14,3,0.07,0.33,17.4,0.0,0,0,0.7,0.7,0.3,0.3
0534149c,0,0,0,0.0,0.0,0.0,0.0,0,0,0.0,0.0,0.0,0.0
39769cff,0,0,0,0.0,0.0,0.0,0.0,0,0,0.0,0.0,0.0,0.0
6cafd68d,1,2,1,0.5,1.0,12.8,0.0,0,0,0.4,0.4,0.6,0.6
12e6d21a,0,4,0,0.0,0.0,18.4,0.0,0,0,0.2,0.2,-0.2,-0.2
afb0c500,0,0,0,0.0,0.0,0.0,0.0,0,0,0.0,0.0,0.0,0.0
93a50d2c,0,0,0,0.0,0.0,0.0,0.0,0,0,0.0,0.0,0.0,0.0
c7526c18,0,3,2,0.0,0.0,20.3,0.0,0,0,0.1,0.1,-0.1,-0.1
ee8508c0,0,0,0,0.0,0.0,0.0,0.0,0,0,0.0,0.0,0.0,0.0
15eb04ec,0,6,2,0.0,0.0,16.0,0.0,0,0,0.9,0.9,-0.9,-0.9
d1661819,0,0,0,0.0,0.0,0.0,0.0,0,0,0.0,0.0,0.0,0.0
1d1691ad,0,0,0,0.0,0.0,0.0,0.0,0,0,0.0,0.0,0.0,0.0
3b9858f5,0,0,0,0.0,0.0,0.0,0.0,0,0,0.0,0.0,0.0,0.0
947e036f,1,1,1,1.0,1.0,10.0,0.0,0,0,0.5,0.5,0.5,0.5
e7ee38c3,0,0,0,0.0,0.0,0.0,0.0,0,0,0.0,0.0,0.0,0.0
e9c0c1b2,0,0,0,0.0,0.0,0.0,0.0,0,0,0.0,0.0,0.0,0.0
e90dc1d5,0,6,1,0.0,0.0,13.5,0.0,0,0,0.5,0.5,-0.5,-0.5
8652a85c,0,4,1,0.0,0.0,9.5,0.0,0,0,0.7,0.7,-0.7,-0.7
43a166b4,3,3,3,1.0,1.0,10.4,0.0,0,0,0.9,0.9,2.1,2.1
82b1198a,0,0,0,0.0,0.0,0.0,0.0,0,0,0.0,0.0,0.0,0.0
0d267745,0,4,0,0.0,0.0,10.1,0.0,0,0,0.4,0.4,-0.4,-0.4
28b1f3ce,2,6,3,0.17,0.33,23.2,0.0,1,1,1.0,0.3,1.0,0.7
ed90babd,0,0,0,0.0,0.0,0.0,0.0,0,0,0.0,0.0,0.0,0.0
dff153a4,0,0,0,0.0,0.0,0.0,0.0,0,0,0.0,0.0,0.0,0.0
7460ca0d,0,5,0,0.0,0.0,27.3,1.0,0,1,1.0,0.2,-1.0,-0.2
529f49ab,0,8,3,0.0,0.0,28.3,1.0,0,0,0.3,0.3,-0.3,-0.3
881ef58c,0,3,1,0.0,0.0,22.0,1.0,0,0,0.1,0.1,-0.1,-0.1
00672021,0,2,0,0.0,0.0,22.4,1.0,0,0,0.1,0.1,-0.1,-0.1
b7ca5c51,0,2,0,0.0,0.0,23.1,0.0,0,0,0.1,0.1,-0.1,-0.1
eed332df,2,2,2,1.0,1.0,20.0,0.0,0,0,0.4,0.4,1.6,1.6
4a5a45c7,1,9,5,0.11,0.2,21.4,0.0,0,0,0.7,0.7,0.3,0.3
3b61c9ec,0,0,0,0.0,0.0,0.0,0.0,0,0,0.0,0.0,0.0,0.0
c906ce0f,0,2,0,0.0,0.0,15.9,0.0,0,0,0.1,0.1,-0.1,-0.1
4515f00d,0,1,0,0.0,0.0,14.0,0.0,0,0,0.3,0.3,-0.3,-0.3
6639e500,0,2,1,0.0,0.0,27.4,0.0,0,0,0.1,0.1,-0.1,-0.1
8fd9996f,0,14,2,0.0,0.0,20.7,0.0,0,0,0.6,0.6,-0.6,-0.6
6e592fa4,0,2,1,0.0,0.0,26.0,0.0,0,0,0.1,0.1,-0.1,-0.1
7ec7738e,0,10,2,0.0,0.0,20.3,3.0,0,0,1.1,1.1,-1.1,-1.1
a5549ec1,0,1,1,0.0,0.0,6.1,0.0,0,0,0.5,0.5,-0.5,-0.5
6fe90922,0,13,4,0.0,0.0,17.1,1.0,0,0,0.6,0.6,-0.6,-0.6
51a56075,0,0,0,0.0,0.0,0.0,0.0,0,0,0.0,0.0,0.0,0.0
a40d5a0c,0,1,0,0.0,0.0,14.0,0.0,0,0,0.1,0.1,-0.1,-0.1
74bafc9c,0,6,1,0.0,0.0,18.0,0.0,0,0,0.7,0.7,-0.7,-0.7
061e8e23,0,3,0,0.0,0.0,20.5,1.0,0,0,0.2,0.2,-0.2,-0.2
32c0491f,0,1,0,0.0,0.0,20.3,0.0,0,0,0.1,0.1,-0.1,-0.1
adfc9123,2,2,2,1.0,1.0,10.2,0.0,0,0,1.0,1.0,1.0,1.0
fe2db476,0,3,0,0.0,0.0,9.7,0.0,0,0,0.5,0.5,-0.5,-0.5
96094cbc,0,1,0,0.0,0.0,19.6,0.0,0,0,0.0,0.0,0.0,0.0
ad6df2d5,2,14,3,0.0,0.0,26.6,0.0,2,2,2.1,0.5,-0.1,-0.5
867239d3,2,14,7,0.07,0.14,26.5,1.0,1,1,1.8,1.0,0.2,0.0
5e861944,0,11,1,0.0,0.0,22.8,3.0,0,0,0.7,0.7,-0.7,-0.7
6bd05d38,0,0,0,0.0,0.0,0.0,0.0,0,0,0.0,0.0,0.0,0.0
ccbbe661,0,8,1,0.0,0.0,15.7,0.0,0,0,0.6,0.6,-0.6,-0.6
7f609bfc,0,1,0,0.0,0.0,14.2,0.0,0,0,0.0,0.0,0.0,0.0
d28b8f40,0,1,0,0.0,0.0,8.3,0.0,0,0,0.1,0.1,-0.1,-0.1
6228469d,1,7,4,0.14,0.25,21.9,1.0,0,1,1.0,0.2,0.0,0.8
1bf33a9a,1,8,3,0.13,0.33,17.1,0.0,0,0,0.8,0.8,0.2,0.2
34c3b935,0,0,0,0.0,0.0,0.0,0.0,0,0,0.0,0.0,0.0,0.0
8794e251,0,4,0,0.0,0.0,17.8,0.0,0,0,0.6,0.6,-0.6,-0.6
9a1f2e1c,0,1,0,0.0,0.0,9.1,0.0,0,0,0.1,0.1,-0.1,-0.1
d003e213,0,0,0,0.0,0.0,0.0,0.0,0,0,0.0,0.0,0.0,0.0
0c2ac3cb,1,3,3,0.33,0.33,16.0,0.0,0,0,0.7,0.7,0.3,0.3
bd4f5f94,0,3,0,0.0,0.0,14.4,0.0,0,0,0.2,0.2,-0.2,-0.2
e4086af3,0,1,0,0.0,0.0,27.1,0.0,0,0,0.0,0.0,0.0,0.0
89f951b5,1,20,6,0.05,0.17,22.9,0.0,0,0,1.3,1.3,-0.3,-0.3
47fd5136,0,2,2,0.0,0.0,28.1,2.0,0,0,0.1,0.1,-0.1,-0.1
08511d65,0,9,1,0.0,0.0,11.9,0.0,0,0,0.5,0.5,-0.5,-0.5
a1d5bd30,2,30,9,0.03,0.11,21.0,5.0,1,1,3.1,2.3,-1.1,-1.3
3353737a,0,2,0,0.0,0.0,22.0,0.0,0,0,0.1,0.1,-0.1,-0.1
36a3ff67,1,10,3,0.1,0.33,16.7,1.0,0,0,1.5,1.5,-0.5,-0.5
2f895007,0,1,0,0.0,0.0,23.3,0.0,0,0,0.1,0.1,-0.1,-0.1
1432d037,0,0,0,0.0,0.0,0.0,0.0,0,0,0.0,0.0,0.0,0.0
0f5e0b8a,0,4,1,0.0,0.0,22.7,0.0,0,0,0.1,0.1,-0.1,-0.1
f61c7c4e,1,8,5,0.13,0.2,14.9,0.0,0,0,1.1,1.1,-0.1,-0.1
733e7ad8,0,1,0,0.0,0.0,29.4,0.0,0,0,0.0,0.0,0.0,0.0
09586899,2,13,7,0.15,0.29,16.2,0.0,0,0,1.5,1.5,0.5,0.5
335fa267,0,3,3,0.0,0.0,14.5,0.0,0,0,0.8,0.8,-0.8,-0.8
2e4f5f03,0,6,3,0.0,0.0,17.9,0.0,0,0,0.3,0.3,-0.3,-0.3
4dedd469,0,1,1,0.0,0.0,25.8,0.0,0,0,0.0,0.0,0.0,0.0
6434f10d,0,4,0,0.0,0.0,18.2,0.0,0,0,0.2,0.2,-0.2,-0.2
1fb1c435,0,5,1,0.0,0.0,11.5,0.0,0,0,0.6,0.6,-0.6,-0.6
149895bf,1,16,7,0.06,0.14,19.3,1.0,0,0,1.7,1.7,-0.7,-0.7
715bf047,0,5,2,0.0,0.0,16.5,0.0,0,0,0.8,0.8,-0.8,-0.8
b6b2b820,0,0,0,0.0,0.0,0.0,0.0,0,0,0.0,0.0,0.0,0.0
e0991c04,0,0,0,0.0,0.0,0.0,0.0,0,0,0.0,0.0,0.0,0.0
716e7308,0,2,1,0.0,0.0,12.8,0.0,0,0,0.1,0.1,-0.1,-0.1
1e26e376,0,0,0,0.0,0.0,0.0,0.0,0,0,0.0,0.0,0.0,0.0
dea698d9,6,47,11,0.11,0.45,19.1,6.0,1,1,4.9,4.1,1.1,0.9
1a6b7ea4,1,6,3,0.17,0.33,22.3,0.0,0,0,0.2,0.2,0.8,0.8
89d10e53,0,5,2,0.0,0.0,19.6,1.0,0,0,0.5,0.5,-0.5,-0.5
d38174c3,0,0,0,0.0,0.0,0.0,0.0,0,0,0.0,0.0,0.0,0.0
80f36c88,0,1,0,0.0,0.0,26.9,0.0,0,0,0.0,0.0,0.0,0.0
14b8fcdf,0,0,0,0.0,0.0,0.0,0.0,0,0,0.0,0.0,0.0,0.0
0b5a292a,0,3,0,0.0,0.0,27.2,1.0,0,0,0.1,0.1,-0.1,-0.1
c0c7ff58,0,17,4,0.0,0.0,24.8,0.0,0,0,1.0,1.0,-1.0,-1.0
86dd16a8,0,1,0,0.0,0.0,27.9,0.0,0,0,0.0,0.0,0.0,0.0
7c9fa389,0,0,0,0.0,0.0,0.0,0.0,0,0,0.0,0.0,0.0,0.0
c8bfb695,0,0,0,0.0,0.0,0.0,0.0,0,0,0.0,0.0,0.0,0.0
e342ad68,5,50,13,0.06,0.23,17.6,1.0,2,2,7.1,5.5,-2.1,-2.5
5f424f35,0,5,1,0.0,0.0,14.5,0.0,0,0,0.4,0.4,-0.4,-0.4
032f894e,1,3,1,0.33,1.0,23.2,0.0,0,0,0.8,0.8,0.2,0.2
2c0f8e9e,0,4,1,0.0,0.0,20.0,2.0,0,0,0.2,0.2,-0.2,-0.2
da7b447d,0,4,1,0.0,0.0,10.6,0.0,0,0,0.2,0.2,-0.2,-0.2
60359288,0,0,0,0.0,0.0,0.0,0.0,0,0,0.0,0.0,0.0,0.0
dbf053da,1,3,2,0.33,0.5,12.5,0.0,0,0,1.2,1.2,-0.2,-0.2
0d82903c,0,6,0,0.0,0.0,16.3,0.0,0,0,0.3,0.3,-0.3,-0.3
2b114be3,4,12,5,0.33,0.8,17.7,2.0,0,0,1.6,1.6,2.4,2.4
791abba1,0,4,0,0.0,0.0,19.2,0.0,0,0,0.2,0.2,-0.2,-0.2
90d7dda6,0,5,2,0.0,0.0,17.6,0.0,0,0,0.3,0.3,-0.3,-0.3
88c89891,0,0,0,0.0,0.0,0.0,0.0,0,0,0.0,0.0,0.0,0.0
f6ac68c1,0,0,0,0.0,0.0,0.0,0.0,0,0,0.0,0.0,0.0,0.0
b1062a37,0,1,0,0.0,0.0,10.6,0.0,0,0,0.1,0.1,-0.1,-0.1
5d4f7d61,0,6,2,0.0,0.0,15.2,0.0,0,0,0.7,0.7,-0.7,-0.7
0f888175,0,0,0,0.0,0.0,0.0,0.0,0,0,0.0,0.0,0.0,0.0
89565ac5,0,3,1,0.0,0.0,15.9,0.0,0,0,0.2,0.2,-0.2,-0.2
c3a8bcd8,1,16,5,0.06,0.2,28.2,10.0,0,0,0.8,0.8,0.2,0.2
106bca06,1,5,3,0.2,0.33,17.7,0.0,0,0,1.2,1.2,-0.2,-0.2
746fec7d,0,1,0,0.0,0.0,14.2,0.0,0,0,0.0,0.0,0.0,0.0
fa274d97,0,10,3,0.0,0.0,24.2,0.0,0,0,0.6,0.6,-0.6,-0.6
824bd41a,0,1,1,0.0,0.0,11.5,0.0,0,0,0.0,0.0,0.0,0.0
a45eac1f,1,14,5,0.07,0.2,16.2,0.0,0,0,1.5,1.5,-0.5,-0.5
07750704,1,3,1,0.33,1.0,16.7,0.0,0,0,0.1,0.1,0.9,0.9
d04b94db,0,0,0,0.0,0.0,0.0,0.0,0,0,0.0,0.0,0.0,0.0
b3325a30,0,8,3,0.0,0.0,18.7,0.0,0,0,1.1,1.1,-1.1,-1.1
7fb301af,0,0,0,0.0,0.0,0.0,0.0,0,0,0.0,0.0,0.0,0.0
d3aaad90,0,6,4,0.0,0.0,20.3,0.0,0,0,0.3,0.3,-0.3,-0.3
6421ec64,0,4,1,0.0,0.0,20.1,1.0,0,0,0.4,0.4,-0.4,-0.4
9c94165b,0,4,1,0.0,0.0,19.1,0.0,0,0,0.2,0.2,-0.2,-0.2
ab6928f2,1,4,1,0.25,1.0,9.0,0.0,0,0,1.5,1.5,-0.5,-0.5
4c5b714f,0,3,0,0.0,0.0,27.0,0.0,0,0,0.1,0.1,-0.1,-0.1
f209b81e,2,10,5,0.2,0.4,23.0,0.0,0,0,0.6,0.6,1.4,1.4
3eb22ec9,4,12,6,0.33,0.67,16.7,0.0,0,0,1.7,1.7,2.3,2.3
e2716bd0,3,13,3,0.23,1.0,12.3,1.0,0,0,1.9,1.9,1.1,1.1
70cf63ca,0,7,2,0.0,0.0,16.9,0.0,0,0,0.4,0.4,-0.4,-0.4
86e7deaf,0,1,0,0.0,0.0,9.9,0.0,0,0,0.0,0.0,0.0,0.0
0acf0e1c,0,2,1,0.0,0.0,19.5,0.0,0,0,0.1,0.1,-0.1,-0.1
fd4ee68b,0,2,0,0.0,0.0,10.0,0.0,0,0,0.3,0.3,-0.3,-0.3
73000a79,0,0,0,0.0,0.0,0.0,0.0,0,0,0.0,0.0,0.0,0.0
2acd49b9,0,4,0,0.0,0.0,26.6,0.0,0,0,0.1,0.1,-0.1,-0.1
30f5ffa9,0,2,0,0.0,0.0,7.7,0.0,0,0,0.6,0.6,-0.6,-0.6
58ce23e5,0,4,1,0.0,0.0,16.8,0.0,0,0,0.3,0.3,-0.3,-0.3
b6964eb6,0,4,0,0.0,0.0,12.6,0.0,0,0,0.2,0.2,-0.2,-0.2
cbbfa2e7,0,4,0,0.0,0.0,15.0,0.0,0,0,0.2,0.2,-0.2,-0.2
4d982baf,1,11,2,0.09,0.5,15.9,0.0,0,0,1.7,1.7,-0.7,-0.7
fed17f5a,2,12,5,0.17,0.4,22.9,0.0,0,0,0.7,0.7,1.3,1.3
4c6facae,0,5,0,0.0,0.0,24.9,1.0,0,0,0.3,0.3,-0.3,-0.3
3626daea,0,1,0,0.0,0.0,21.7,0.0,0,0,0.0,0.0,0.0,0.0
cf8ef0a1,0,2,0,0.0,0.0,32.7,0.0,0,0,0.0,0.0,0.0,0.0
5939baa2,0,1,0,0.0,0.0,27.0,0.0,0,0,0.1,0.1,-0.1,-0.1
ee3519f5,0,3,0,0.0,0.0,15.6,0.0,0,0,0.1,0.1,-0.1,-0.1
b400bde0,5,23,10,0.22,0.5,15.2,0.0,0,0,3.0,3.0,2.0,2.0
ca3e2783,0,0,0,0.0,0.0,0.0,0.0,0,0,0.0,0.0,0.0,0.0
bafcf742,0,0,0,0.0,0.0,0.0,0.0,0,0,0.0,0.0,0.0,0.0
5eecec3d,0,2,1,0.0,0.0,9.1,0.0,0,0,0.4,0.4,-0.4,-0.4
1b7ec703,1,9,3,0.11,0.33,15.4,0.0,0,0,1.6,1.6,-0.6,-0.6
12c50af5,0,0,0,0.0,0.0,0.0,0.0,0,0,0.0,0.0,0.0,0.0
a6154613,1,38,9,0.03,0.11,16.4,2.0,0,0,4.5,4.5,-3.5,-3.5
f6db3bd5,0,0,0,0.0,0.0,0.0,0.0,0,0,0.0,0.0,0.0,0.0
e33c06cf,0,2,0,0.0,0.0,6.4,0.0,0,0,0.2,0.2,-0.2,-0.2
615c4d8f,0,8,1,0.0,0.0,19.6,1.0,0,0,0.4,0.4,-0.4,-0.4
d8b97bb3,1,6,3,0.17,0.33,15.0,0.0,0,0,0.7,0.7,0.3,0.3
53e07d0b,0,6,2,0.0,0.0,11.3,0.0,0,0,0.8,0.8,-0.8,-0.8
01b8a2b2,0,0,0,0.0,0.0,0.0,0.0,0,0,0.0,0.0,0.0,0.0
2475dcc6,6,19,8,0.21,0.5,13.3,0.0,2,2,4.8,3.2,1.2,0.8
f0661424,3,9,5,0.33,0.6,14.8,0.0,0,0,1.9,1.9,1.1,1.1
7272a72a,2,10,7,0.2,0.29,23.2,0.0,0,0,1.2,1.2,0.8,0.8
e73c9bb2,1,5,2,0.0,0.0,29.4,1.0,1,2,1.8,0.2,-0.8,-0.2
6f51e382,0,0,0,0.0,0.0,0.0,0.0,0,0,0.0,0.0,0.0,0.0
5148dcc5,0,5,3,0.0,0.0,19.7,0.0,0,0,0.2,0.2,-0.2,-0.2
77d7c96f,0,1,0,0.0,0.0,14.1,0.0,0,0,0.1,0.1,-0.1,-0.1
f956479d,0,1,0,0.0,0.0,11.5,0.0,0,0,0.1,0.1,-0.1,-0.1
7d9397f8,0,0,0,0.0,0.0,0.0,0.0,0,0,0.0,0.0,0.0,0.0
56f7a928,0,12,7,0.0,0.0,28.2,1.0,0,0,0.4,0.4,-0.4,-0.4
c5fd13e9,0,2,1,0.0,0.0,11.8,0.0,0,0,0.3,0.3,-0.3,-0.3
9e1035f8,0,3,0,0.0,0.0,20.1,0.0,0,0,0.2,0.2,-0.2,-0.2
58a9a4d9,0,2,0,0.0,0.0,27.2,0.0,0,0,0.1,0.1,-0.1,-0.1
c8c60119,0,0,0,0.0,0.0,0.0,0.0,0,0,0.0,0.0,0.0,0.0
71ec39ef,1,3,2,0.33,0.5,15.8,0.0,0,0,0.2,0.2,0.8,0.8
1a6f2a66,0,0,0,0.0,0.0,0.0,0.0,0,0,0.0,0.0,0.0,0.0
c47541e0,1,6,3,0.17,0.33,16.0,0.0,0,0,1.4,1.4,-0.4,-0.4
21512407,0,1,0,0.0,0.0,27.8,1.0,0,0,0.1,0.1,-0.1,-0.1
3eed9821,0,0,0,0.0,0.0,0.0,0.0,0,0,0.0,0.0,0.0,0.0
1880614f,3,14,6,0.21,0.5,21.5,0.0,0,0,1.9,1.9,1.1,1.1
a3ddb1b9,1,9,4,0.11,0.25,18.0,0.0,0,0,0.9,0.9,0.1,0.1
08aa17d0,0,0,0,0.0,0.0,0.0,0.0,0,0,0.0,0.0,0.0,0.0
0e21fc3c,0,2,1,0.0,0.0,12.4,0.0,0,0,0.2,0.2,-0.2,-0.2
c2111b45,0,0,0,0.0,0.0,0.0,0.0,0,0,0.0,0.0,0.0,0.0
0959c2a2,0,4,1,0.0,0.0,24.0,0.0,0,0,0.2,0.2,-0.2,-0.2
e06683ca,2,10,5,0.2,0.4,12.5,0.0,0,0,2.0,2.0,0.0,0.0
392a7aea,2,8,1,0.13,1.0,20.0,1.0,1,1,1.7,1.0,0.3,0.0
9f8e9423,0,4,1,0.0,0.0,10.0,0.0,0,0,0.9,0.9,-0.9,-0.9
fd51b456,1,6,2,0.17,0.5,14.3,0.0,0,0,1.3,1.3,-0.3,-0.3
44ac04e9,1,12,1,0.08,1.0,17.2,0.0,0,0,1.1,1.1,-0.1,-0.1
dad4b285,0,3,2,0.0,0.0,15.9,0.0,0,0,0.2,0.2,-0.2,-0.2
0375723e,0,1,0,0.0,0.0,22.8,0.0,0,0,0.0,0.0,0.0,0.0
d0d79694,0,0,0,0.0,0.0,0.0,0.0,0,0,0.0,0.0,0.0,0.0
1467af0d,0,2,1,0.0,0.0,18.4,0.0,0,0,0.1,0.1,-0.1,-0.1
ba23a904,1,6,1,0.17,1.0,9.9,0.0,0,0,1.7,1.7,-0.7,-0.7
c67cd65c,0,1,0,0.0,0.0,29.1,0.0,0,0,0.0,0.0,0.0,0.0
67cdbc0e,0,5,0,0.0,0.0,16.4,0.0,0,0,0.3,0.3,-0.3,-0.3
e38f1636,0,1,0,0.0,0.0,9.3,0.0,0,0,0.1,0.1,-0.1,-0.1
db750822,0,1,0,0.0,0.0,16.6,0.0,0,0,0.0,0.0,0.0,0.0
03df04ff,0,0,0,0.0,0.0,0.0,0.0,0,0,0.0,0.0,0.0,0.0
aa8e289e,3,13,6,0.08,0.17,27.9,0.0,2,2,2.1,0.5,0.9,0.5
5064d4c1,0,1,0,0.0,0.0,17.6,0.0,0,0,0.0,0.0,0.0,0.0
1d8e9add,0,2,0,0.0,0.0,9.1,0.0,0,0,0.7,0.7,-0.7,-0.7
1bebde9d,0,0,0,0.0,0.0,0.0,0.0,0,0,0.0,0.0,0.0,0.0
c24544c7,1,5,2,0.2,0.5,18.1,0.0,0,0,0.4,0.4,0.6,0.6
07ab6542,0,2,0,0.0,0.0,8.6,0.0,0,0,0.2,0.2,-0.2,-0.2
d0d8dd44,0,3,1,0.0,0.0,12.4,0.0,0,0,0.2,0.2,-0.2,-0.2
46a8347f,0,0,0,0.0,0.0,0.0,0.0,0,0,0.0,0.0,0.0,0.0
61b0b44d,0,0,0,0.0,0.0,0.0,0.0,0,0,0.0,0.0,0.0,0.0
86dd77d1,0,4,0,0.0,0.0,30.2,1.0,0,0,0.1,0.1,-0.1,-0.1
984a5a64,0,0,0,0.0,0.0,0.0,0.0,0,0,0.0,0.0,0.0,0.0
e0900238,0,1,0,0.0,0.0,23.6,0.0,0,0,0.0,0.0,0.0,0.0
d83bbc54,0,2,1,0.0,0.0,13.5,0.0,0,0,0.2,0.2,-0.2,-0.2
346d51d9,0,2,1,0.0,0.0,6.4,0.0,0,0,0.4,0.4,-0.4,-0.4
eb58eef0,2,12,2,0.17,1.0,17.4,0.0,0,0,0.7,0.7,1.3,1.3
2f7acede,0,4,0,0.0,0.0,26.2,0.0,0,0,0.1,0.1,-0.1,-0.1
48a2b92a,0,1,1,0.0,0.0,11.9,0.0,0,0,0.1,0.1,-0.1,-0.1
5dfc6ad5,1,10,3,0.1,0.33,22.6,0.0,0,0,0.4,0.4,0.6,0.6
4b803b3c,0,1,0,0.0,0.0,7.8,0.0,0,0,0.1,0.1,-0.1,-0.1
fa661778,0,7,1,0.0,0.0,25.4,0.0,0,0,0.3,0.3,-0.3,-0.3
0e61c46b,0,0,0,0.0,0.0,0.0,0.0,0,0,0.0,0.0,0.0,0.0
6190474d,0,0,0,0.0,0.0,0.0,0.0,0,0,0.0,0.0,0.0,0.0
7b9ecf02,0,0,0,0.0,0.0,0.0,0.0,0,0,0.0,0.0,0.0,0.0
b65c42cf,0,3,0,0.0,0.0,16.8,0.0,0,0,0.2,0.2,-0.2,-0.2
be927d03,0,1,0,0.0,0.0,31.3,0.0,0,0,0.0,0.0,0.0,0.0
a4effc55,0,3,1,0.0,0.0,9.8,0.0,0,0,0.4,0.4,-0.4,-0.4
9907b1c8,2,7,3,0.29,0.67,13.1,0.0,0,0,0.8,0.8,1.2,1.2
b2db927b,0,0,0,0.0,0.0,0.0,0.0,0,0,0.0,0.0,0.0,0.0
732b0cf9,0,1,1,0.0,0.0,10.5,0.0,0,0,0.1,0.1,-0.1,-0.1
ed87a229,0,0,0,0.0,0.0,0.0,0.0,0,0,0.0,0.0,0.0,0.0
a5296e55,0,4,1,0.0,0.0,20.1,0.0,0,0,0.2,0.2,-0.2,-0.2
51cf8561,0,2,0,0.0,0.0,28.3,0.0,0,0,0.1,0.1,-0.1,-0.1
321f83a2,0,3,2,0.0,0.0,23.7,0.0,0,0,0.1,0.1,-0.1,-0.1
6622454d,3,56,21,0.05,0.14,24.3,3.0,0,0,4.5,4.5,-1.5,-1.5
cc1a0c57,0,0,0,0.0,0.0,0.0,0.0,0,0,0.0,0.0,0.0,0.0
b6a6e0a7,1,5,2,0.2,0.5,21.7,0.0,0,0,0.2,0.2,0.8,0.8
