id,Touches,Def Pen,Def 3rd,Mid 3rd,Att 3rd,Att Pen,Live,Att,Succ,Tkld,Carries,TotDist,PrgDist,PrgC,1/3,CPA,Mis,Dis,Rec,PrgR
a7e4760c,157,9,49,80,31,0,157,3,2,1,70,381,239,3,4,0,4,2,71,8
32c2d95f,2027,259,1276,738,46,27,2027,23,21,2,1040,5366,2909,16,7,1,16,6,1182,1
a4c3f7af,1356,30,252,870,258,21,1355,60,31,29,786,4914,2328,43,23,4,40,31,908,50
469d3d84,29,1,6,10,14,4,29,3,2,1,16,123,52,2,2,0,3,2,17,0
16714a62,1203,127,587,598,24,16,1203,1,1,0,687,3746,2202,13,4,0,5,7,701,1
26777636,184,0,12,107,68,6,184,15,9,6,112,838,341,13,12,2,11,5,147,17
288e1e13,747,68,336,383,36,9,747,7,6,1,376,1848,1032,11,6,0,8,5,460,3
3dd738a1,1970,63,417,953,614,35,1970,71,36,35,921,5482,3172,85,60,9,47,26,1172,155
48b28bfd,661,10,110,439,124,17,661,17,10,7,395,2337,1422,36,24,4,14,9,441,27
c46fa34c,748,12,174,494,87,2,748,16,11,5,382,1634,900,6,2,0,6,7,557,12
c46fa34c,841,34,217,566,73,0,841,14,12,2,542,2920,1654,21,20,0,11,7,564,13
9b398aea,41,2,5,25,11,2,41,0,0,0,17,100,79,3,1,1,0,0,27,2
462475ed,620,11,32,338,255,69,620,18,10,8,318,1204,334,11,13,4,41,23,482,126
5314e067,1382,55,390,633,367,17,1382,34,21,13,607,3159,1978,43,36,6,31,16,705,64
0f4c0bad,3,0,0,1,2,0,3,0,0,0,1,6,6,0,0,0,0,0,2,0
8fa8f8d2,917,733,911,7,0,0,917,2,2,0,406,2210,1483,0,0,0,3,0,368,0
bdedd861,525,8,28,219,280,43,525,12,7,5,249,1297,628,24,25,4,16,12,365,79
8870154f,509,427,509,0,0,0,509,0,0,0,231,1692,1287,0,0,0,0,0,137,0
0a63446f,375,23,108,154,116,8,375,6,4,2,159,1141,649,21,13,2,10,3,194,38
c9e99e49,1745,24,244,1012,506,36,1745,30,16,14,1049,4226,2553,41,47,5,22,24,1389,131
d7bf3d19,1407,58,284,878,261,11,1407,51,27,24,791,4983,2345,44,42,4,53,36,912,62
22721b88,1641,79,461,807,401,20,1641,43,23,20,806,4782,2657,74,66,5,37,25,817,98
bcc81786,1548,121,531,758,280,11,1548,39,24,15,655,3921,2519,46,48,4,31,20,721,59
aeed036d,0,0,0,0,0,0,0,0,0,0,0,0,0,0,0,0,0,0,0,0
ef9c1c95,1884,61,342,1165,397,46,1884,32,21,11,946,4992,2430,52,33,3,55,39,1181,86
872cd68c,4,1,2,1,1,0,4,0,0,0,2,8,0,0,0,0,0,2,1,0
a5db0bec,2457,35,306,1572,605,106,2457,97,58,39,1741,9785,4654,96,69,28,58,65,1956,163
fa18c72e,436,3,44,212,191,17,436,38,23,15,286,1956,967,30,25,8,21,15,317,45
2f965a72,552,482,550,2,0,0,552,0,0,0,291,1571,1116,0,0,0,0,0,221,0
9dd5da03,1107,47,349,540,230,7,1107,31,11,20,528,3164,1687,45,31,4,28,9,596,49
6a827d8e,1772,61,364,790,657,87,1771,203,101,102,1013,7446,4352,137,96,53,82,33,1123,275
d3ce9f1f,102,3,31,59,14,1,102,0,0,0,56,256,147,2,1,1,3,1,57,2
06df8256,1243,97,576,648,24,9,1243,1,1,0,799,4027,2654,18,4,0,4,5,865,2
5046b7d4,785,4,27,380,384,105,782,17,6,11,459,2332,700,31,21,17,102,59,557,173
f449640d,975,44,291,504,191,15,975,31,18,13,462,2550,1482,36,31,5,25,22,485,63
f449640d,1066,31,270,533,283,11,1066,51,30,21,523,3430,2081,63,46,5,21,15,547,82
4e7bfc23,806,17,145,524,142,2,806,4,4,0,449,2183,1208,15,11,0,13,10,567,13
8ff07990,345,10,20,174,154,28,345,15,3,12,194,803,336,10,13,5,30,9,272,60
8ff07990,337,8,25,178,138,32,337,17,10,7,193,913,435,17,17,3,10,6,259,38
7fecbcdb,1540,58,480,759,312,17,1540,26,15,11,647,3223,2009,60,41,9,21,14,746,79
b2bd0f6c,1606,9,188,774,681,92,1605,76,34,42,1114,7785,3715,112,105,26,80,82,1173,265
a1d04509,452,21,76,208,172,24,451,6,3,3,224,995,412,12,13,4,20,17,282,63
0557ff4f,890,29,181,532,186,31,890,53,33,20,457,2297,1250,27,19,7,42,39,670,63
6a189491,359,13,117,164,83,10,359,10,2,8,154,893,434,15,8,4,12,6,173,29
80556f08,782,18,110,472,209,11,782,30,18,12,456,2453,1078,20,16,1,28,18,518,58
65391fa7,39,6,18,21,0,0,39,0,0,0,16,54,47,0,0,0,0,0,17,0
2515040a,42,7,22,20,0,0,42,0,0,0,22,114,32,0,1,0,0,0,20,0
2515040a,1052,142,581,449,31,17,1052,1,1,0,493,2308,1213,5,2,0,4,2,609,4
8ca253a3,603,27,80,287,245,66,602,26,10,16,298,1375,544,22,18,6,56,16,426,116
74dc806c,1234,0,71,645,553,58,1231,207,116,91,882,7166,3650,121,104,30,56,64,940,114
b7e7937d,705,639,704,1,0,0,705,0,0,0,331,2022,1463,0,0,0,0,0,231,0
30395d3b,1103,6,114,486,517,63,1103,50,34,16,610,4386,1991,66,47,14,65,54,741,163
8a2248b4,1213,1142,1213,0,0,0,1213,0,0,0,520,2423,1732,0,0,0,1,0,489,0
fbf76716,149,1,21,58,73,4,149,9,2,7,71,548,200,6,9,2,6,4,102,19
378825c7,1582,91,523,769,305,25,1582,28,12,16,751,4433,2726,61,41,4,31,10,854,93
6fbde63a,111,1,6,68,37,3,111,1,1,0,83,373,161,5,4,0,0,0,94,6
9001138b,343,3,20,184,140,62,343,15,5,10,159,596,217,6,5,7,33,16,248,52
28dabd43,1227,951,1216,11,0,0,1227,0,0,0,516,2852,2096,0,0,0,0,0,376,0
433dc9a2,1384,47,276,692,421,46,1384,32,18,14,813,3767,2003,50,28,13,29,22,996,152
07a821e4,197,3,32,140,26,0,197,0,0,0,115,435,175,0,3,0,2,4,153,4
380a15e2,37,28,37,0,0,0,37,0,0,0,10,109,72,0,0,0,0,0,10,0
de40e38c,59,4,21,28,11,0,59,0,0,0,26,151,85,0,1,0,2,0,31,4
6191093d,1277,20,183,759,367,47,1276,86,57,29,682,4740,2142,58,61,11,59,61,776,81
c69ef855,1214,55,276,811,136,9,1214,9,5,4,508,2090,934,8,8,0,30,18,659,20
7d937aa1,1081,20,184,605,306,23,1081,33,17,16,587,3396,1756,41,31,10,29,25,676,45
8c2c48a9,13,0,0,13,0,0,13,0,0,0,9,9,3,0,0,0,0,0,7,0
f3642ba8,724,13,83,476,175,29,724,7,4,3,373,1507,776,7,11,2,24,15,593,50
6c8ddd52,5,0,0,5,0,0,5,0,0,0,1,0,0,0,0,0,0,0,2,0
403f5d20,782,37,237,429,124,3,782,10,6,4,377,1829,1220,15,14,0,10,4,481,35
e90af77c,738,8,87,319,346,33,738,29,14,15,450,2764,1276,39,28,9,43,30,480,82
46291841,702,21,144,440,124,2,702,6,1,5,365,1437,692,5,9,0,16,8,480,12
0b0cbe5b,1147,21,177,442,556,128,1147,130,50,80,697,5147,2771,102,60,54,103,52,727,195
249cdcff,56,47,56,0,0,0,56,0,0,0,16,121,80,0,0,0,0,0,13,0
f3085377,44,2,21,18,6,1,44,2,1,1,17,159,65,2,4,0,2,1,18,1
20e73fac,1536,36,237,814,497,36,1533,32,10,22,818,3974,1910,53,35,5,40,24,992,167
e8a65bc8,21,0,0,7,14,5,21,5,2,3,18,138,95,7,2,5,1,1,17,2
6e2c94ad,426,1,22,203,207,43,424,25,12,13,296,1451,425,14,11,6,33,36,343,74
0589c701,6,0,0,0,6,1,6,1,0,1,4,21,10,1,0,1,0,0,3,1
16324e1d,1703,228,958,704,57,28,1703,2,2,0,782,4060,2317,14,11,0,8,2,848,1
f83c8d6c,969,36,95,505,377,83,968,28,13,15,544,2317,947,26,26,8,79,45,729,155
e40d028b,450,367,444,7,0,0,450,1,1,0,197,938,707,0,0,0,0,0,170,0
8746d5d0,941,54,343,468,141,4,941,33,13,20,440,1798,972,20,18,2,20,11,545,49
26975a92,1113,898,1105,8,1,1,1113,0,0,0,470,3630,2782,0,1,1,0,0,260,0
148e136f,2511,18,269,1382,901,131,2510,107,56,51,1484,11318,6733,224,158,47,64,70,1984,270
0118c54c,1657,93,638,795,236,13,1657,25,12,13,920,4057,2447,32,23,2,22,8,1010,51
2a657da0,1080,10,177,483,449,35,1080,53,25,28,556,4191,2025,62,40,6,54,30,659,133
677ee102,699,73,243,403,59,6,699,0,0,0,261,1142,501,5,5,1,5,3,308,7
5ee6e943,600,524,600,0,0,0,600,0,0,0,214,1611,1160,0,0,0,1,0,152,0
94f8d10c,996,97,540,426,33,27,996,0,0,0,552,2641,1553,13,2,0,3,1,611,2
8577e60a,6,2,2,3,2,0,6,1,1,0,3,33,9,0,1,0,1,1,1,0
c58270f8,77,3,9,27,41,11,77,5,3,2,54,306,154,4,7,2,5,3,63,21
7b9c2d84,203,12,52,131,23,1,203,5,3,2,112,748,387,9,4,0,6,4,121,6
79b2399c,1208,52,327,591,312,27,1208,27,18,9,595,3733,1840,45,36,4,34,33,694,74
950ff24d,89,75,89,0,0,0,89,0,0,0,46,203,161,0,0,0,0,0,39,0
b4a014b1,2110,267,1092,949,81,38,2110,8,6,2,1099,4796,3022,20,15,2,16,2,1235,9
2384dbed,4,0,0,1,3,0,4,0,0,0,2,12,9,0,1,0,0,0,3,2
5b5724d2,1246,75,365,547,341,17,1246,26,10,16,663,3575,2177,53,46,6,28,25,731,99
f54d2149,54,3,6,46,5,0,54,1,1,0,30,116,49,0,2,0,1,1,42,2
527f063d,523,20,72,156,301,114,518,21,12,9,280,1250,419,16,10,11,37,12,371,122
31a62dc7,2058,97,529,988,559,32,2058,27,16,11,942,4716,2709,58,61,8,31,19,1068,181
5b54bf3b,411,10,61,185,172,10,411,16,8,8,232,1412,683,21,24,4,17,13,255,51
edd1466a,1184,85,355,535,303,8,1184,32,17,15,481,2908,1723,48,41,1,19,12,580,68
7961f7aa,476,5,50,169,260,22,476,34,18,16,248,1539,595,20,17,4,23,22,314,83
279ddf6a,1879,64,537,1038,326,15,1879,31,23,8,849,3943,1801,25,22,3,30,17,1075,49
4207e578,635,19,54,253,338,102,635,25,10,15,335,1754,614,28,12,14,65,22,454,141
873ce3a2,264,5,43,187,37,7,264,6,4,2,182,876,302,4,6,0,6,4,211,15
5113d9a7,652,59,338,298,21,7,652,0,0,0,403,1770,948,1,0,0,0,2,465,0
e8b5ad37,42,4,26,15,1,1,42,1,1,0,21,111,71,1,0,0,0,0,29,0
3010aefb,884,13,120,368,412,67,884,45,21,24,483,3598,1545,63,37,13,71,48,591,186
166a981d,377,19,102,207,76,11,377,14,6,8,174,1118,596,13,8,2,10,8,219,27
3f5b4635,1878,110,803,987,99,18,1878,7,3,4,849,4497,2980,22,8,0,17,9,1118,20
cfd8dde3,370,9,51,168,154,25,370,14,8,6,202,696,300,9,6,1,12,11,272,45
c693347d,342,20,36,155,154,42,342,8,5,3,178,709,214,6,7,2,29,20,266,58
beb391dd,657,11,56,228,379,79,657,52,23,29,408,2782,1363,62,29,27,38,28,493,198
5d42d487,104,3,22,49,35,9,104,5,3,2,58,413,247,9,6,2,8,7,66,11
909222de,813,9,59,375,386,89,812,70,33,37,514,2475,918,32,31,21,81,57,595,180
2434f24a,1253,1076,1244,11,0,0,1253,1,1,0,541,2691,1733,0,1,1,1,0,473,0
9980269a,694,20,36,313,355,111,693,34,19,15,341,1776,774,32,19,17,75,25,546,132
67b7357e,251,22,108,134,11,4,251,1,1,0,133,796,371,1,3,0,6,1,147,0
8f325097,601,41,268,286,55,3,601,14,8,6,306,1841,1054,12,9,1,19,8,346,14
06f33dc8,778,34,59,465,259,57,778,30,12,18,409,1898,536,17,14,4,76,41,604,123
3e092724,2225,45,381,1411,447,16,2223,30,19,11,1092,4539,2425,29,18,3,31,24,1662,44
1ec7e1c5,1757,186,919,795,54,25,1757,10,8,2,974,5637,3407,21,16,3,8,4,1073,5
3067cbef,468,61,281,188,3,3,468,1,1,0,258,1190,536,1,0,0,2,1,282,0
797f6070,45,0,4,19,23,3,45,7,1,6,27,136,26,2,2,1,3,2,32,5
29c02c9f,732,25,173,353,208,28,732,16,10,6,429,1834,952,22,20,5,8,10,533,80
fd2bc67d,2780,301,1581,1163,43,25,2780,5,4,1,1485,6386,3588,10,5,1,9,5,2015,2
44f8c299,673,17,105,414,161,24,673,14,5,9,266,1365,597,19,16,4,21,12,424,39
92232aad,1426,69,386,643,406,36,1426,24,9,15,561,2372,1236,31,18,0,31,11,754,105
0be95d34,782,2,98,330,368,45,782,67,36,31,463,3109,1648,69,39,19,43,26,512,151
d33c706e,1658,11,71,692,912,158,1655,94,54,40,835,4442,1918,79,34,33,126,64,1281,345
e7986081,690,15,33,289,377,141,688,43,27,16,394,1978,873,44,20,29,65,41,492,164
a6138e4a,622,32,148,387,97,9,622,22,14,8,329,2284,1140,30,16,1,19,26,358,17
47af88b8,2231,188,909,1281,56,20,2231,18,11,7,1483,8657,5927,38,18,3,10,5,1622,3
e53ab10b,235,6,18,92,126,35,235,3,2,1,96,401,205,9,3,5,18,9,175,31
19cda00b,1748,16,119,711,937,136,1747,84,41,42,1086,6038,3283,98,74,35,48,44,1342,277
244bc2c8,274,10,37,123,124,43,274,32,17,15,160,1138,564,20,12,17,28,14,177,63
aeed5c06,692,10,75,260,364,68,692,36,20,16,486,3044,1592,60,32,27,34,24,552,148
1bfb6fef,446,28,153,215,80,2,446,6,0,6,180,893,415,8,5,0,9,6,201,24
26383ea5,156,139,156,0,0,0,156,0,0,0,80,463,309,0,0,0,0,1,61,0
6c6ecdd4,239,13,65,152,22,6,239,0,0,0,73,252,41,0,0,0,10,1,91,2
79584585,159,2,21,130,10,0,159,5,4,1,112,464,193,0,3,0,2,6,136,0
247accfd,1737,137,655,847,247,18,1737,27,16,11,893,4448,2104,37,29,3,19,16,945,68
d2aa8ac0,1448,51,274,937,246,13,1448,7,4,3,626,2995,1254,15,11,2,21,27,850,35
92b56413,735,8,113,427,197,15,735,23,9,14,391,1378,558,7,11,1,25,17,539,78
10650926,729,42,238,463,36,1,729,13,8,5,414,2060,944,6,4,0,13,13,457,4
4be0b467,491,7,44,169,288,90,491,31,15,16,287,1947,824,34,16,20,36,35,359,157
19053e31,343,2,47,178,124,11,343,34,14,20,242,1613,772,24,19,5,23,22,243,64
7f622eef,168,9,47,108,14,1,168,4,4,0,88,472,250,4,3,0,3,7,113,6
ad82197c,97,14,66,25,7,1,97,2,1,1,43,270,140,0,2,0,2,0,48,3
933d3b51,60,6,29,30,1,0,60,0,0,0,29,156,97,0,0,0,0,1,44,0
43e7a164,1840,212,1065,750,38,17,1840,13,8,5,799,4048,2076,7,5,1,14,13,961,3
083525e5,110,12,42,64,6,2,110,1,1,0,50,279,143,0,0,0,1,0,58,1
ccb1c3af,50,0,6,29,16,2,50,0,0,0,32,188,86,2,2,0,4,4,38,5
67ac5bb8,776,70,354,411,14,11,776,1,0,1,475,2632,1548,5,2,0,4,2,508,0
6421dd73,1273,12,156,484,658,79,1273,91,40,51,813,5684,2753,119,70,19,90,50,872,256
6481421d,877,12,156,380,366,40,877,62,32,30,613,4598,2369,75,52,15,62,39,660,128
9daeac61,415,24,138,209,73,1,415,14,7,7,235,1368,762,13,15,1,7,5,249,22
1a992676,1785,9,163,1029,611,67,1785,58,43,15,1142,7091,3733,93,87,18,35,42,1450,169
ff0ab48c,1738,75,364,931,456,41,1738,29,13,16,1011,5414,3306,86,51,14,20,12,1084,157
0e12089d,317,261,316,1,0,0,317,0,0,0,121,780,553,0,0,0,1,0,107,0
f09a8b75,1455,9,144,833,508,35,1453,87,49,38,829,5149,2654,60,63,14,45,40,1032,110
167d5018,1323,166,617,640,76,25,1323,11,9,2,540,3219,1675,9,8,1,12,3,629,3
4fdf1fd9,1625,228,910,677,47,29,1625,10,6,4,855,5075,3441,20,9,0,9,3,956,4
5f4ce4b6,420,8,49,199,178,18,420,21,10,11,258,1215,526,14,15,4,26,18,306,61
ae82fa48,132,1,9,63,61,9,130,5,3,2,72,303,154,6,4,1,9,2,78,13
bc7b4580,787,34,203,373,222,9,787,14,8,6,348,2344,1459,44,39,2,10,6,373,55
33508c78,840,18,129,521,195,13,840,4,3,1,440,1719,912,12,13,1,11,7,605,31
745ca0a3,51,0,2,35,14,3,51,3,1,2,36,256,127,5,1,1,1,1,41,9
79135368,2428,28,367,1538,543,14,2427,47,29,18,1283,5983,2672,39,39,2,47,35,1574,59
66116290,1031,30,70,527,435,132,1027,34,14,20,613,2098,663,22,20,5,111,46,780,166
bece776f,1426,7,91,668,677,120,1420,82,47,35,1000,5558,2505,62,53,26,53,44,1091,175
6644712a,22,0,3,11,8,0,22,1,0,1,18,94,48,1,1,0,1,0,18,2
05816e19,1081,18,140,469,501,60,1081,78,37,40,666,4573,2412,82,54,14,77,49,735,193
375622c5,1289,15,188,852,270,17,1289,50,27,23,735,4914,2710,55,26,4,40,28,831,57
375622c5,116,4,21,68,28,4,116,2,1,1,84,542,246,4,3,2,4,4,84,7
9dafff2a,75,1,19,49,7,0,75,1,1,0,36,162,100,1,0,0,2,2,43,5
9dafff2a,183,11,37,112,34,4,183,3,1,2,63,331,155,3,4,0,2,7,93,4
132a82f1,112,11,58,51,4,0,112,1,0,1,51,165,68,0,2,0,2,0,58,1
822d51d7,469,11,95,281,104,9,469,25,16,9,288,1683,957,21,27,3,29,9,304,21
90eb507d,1755,97,615,764,390,19,1755,21,11,10,728,4054,2234,43,32,2,30,15,830,110
9f90c06b,252,41,155,94,6,2,252,1,1,0,129,596,304,2,1,1,3,1,158,0
90f87966,2552,196,1048,1404,108,50,2552,6,4,2,1556,8114,5326,39,17,3,13,5,1754,12
6ff8ef56,263,8,16,133,116,19,263,3,1,2,115,526,164,6,8,3,7,17,180,40
574aa9ec,66,15,44,23,0,0,66,0,0,0,37,215,146,1,0,0,1,0,38,0
4b96c347,1048,19,172,494,396,66,1048,46,19,27,602,3300,1656,43,31,10,47,47,728,127
9f6325f9,59,6,20,28,11,1,59,2,0,2,29,130,49,0,1,0,1,2,30,2
23c63b7f,323,7,29,153,146,61,323,25,17,8,187,945,432,21,7,17,26,15,248,74
23593121,374,5,35,247,96,4,374,10,6,4,230,1090,453,7,11,0,9,7,275,26
6ed1a2a2,1144,13,139,697,321,16,1144,58,32,26,799,3940,1995,36,38,4,45,29,904,65
4c700f46,910,44,300,574,43,5,910,7,6,1,536,2355,1373,5,1,0,5,2,629,1
1040e783,203,22,100,88,16,0,203,1,0,1,85,346,178,2,0,0,3,0,109,3
ea0ff634,847,31,86,441,324,101,847,8,3,5,410,1214,350,9,3,5,44,18,573,111
9836e892,5,0,0,1,4,0,5,0,0,0,4,37,20,0,0,0,0,1,3,1
ce84946a,37,4,9,11,18,3,37,4,1,3,23,222,152,6,2,1,1,3,24,11
f7b1d4e0,836,10,100,354,392,22,836,30,10,20,417,2522,1182,40,30,5,52,23,489,124
3befc2b6,1023,56,260,657,114,9,1023,4,2,2,532,2149,1080,17,8,0,14,7,595,10
c6056d58,1993,188,950,1006,45,29,1993,3,2,1,1131,6017,4254,30,8,0,4,2,1258,2
a0434482,1407,32,219,918,289,53,1407,37,23,14,860,5241,2173,45,33,8,42,42,975,63
132bb875,275,243,272,3,0,0,275,0,0,0,120,624,475,0,0,0,0,0,86,0
3708e9fa,1351,13,129,664,575,62,1351,51,29,22,900,6275,2815,80,66,18,51,32,997,151
c27dfb82,638,15,107,289,246,21,638,9,7,2,370,2287,1366,50,33,5,23,7,412,77
4d3e9033,118,102,117,1,0,0,118,0,0,0,57,275,180,0,0,0,0,0,45,0
7c6d6c96,1354,188,709,625,26,13,1354,1,1,0,732,3865,1998,5,1,0,10,6,784,1
3acddfdd,100,3,9,43,49,6,100,2,1,1,66,402,210,9,3,2,3,3,76,11
c5a500ca,1944,34,255,755,968,177,1936,162,88,74,1185,8544,4470,174,112,74,137,102,1340,349
06c48679,1186,104,477,604,122,6,1186,30,21,9,550,3644,2333,42,27,2,17,11,651,24
d2448564,117,0,17,51,54,3,117,11,7,4,77,492,212,9,3,1,8,5,81,21
d2448564,267,5,44,86,143,14,267,25,13,12,173,1190,487,16,8,3,17,7,174,74
8b298f56,2079,45,336,1291,472,21,2078,37,23,14,1148,5501,2737,41,28,2,40,28,1435,62
53283127,106,6,28,67,11,1,106,0,0,0,58,197,73,1,2,1,3,1,70,3
0ee664db,7,0,0,2,5,3,7,0,0,0,2,2,0,0,0,0,0,0,5,3
92b1763b,32,0,3,10,20,5,32,2,0,2,14,59,30,1,0,0,4,0,22,8
5d8d7454,1877,115,653,879,363,16,1877,50,29,21,757,4180,2163,57,51,2,44,25,848,86
9453d2f4,387,6,27,203,163,30,387,14,10,4,186,836,279,9,13,3,37,19,287,61
923f4dda,498,14,34,255,216,40,498,24,9,15,291,1432,533,16,15,4,46,31,430,93
bc270726,1234,1014,1223,11,0,0,1234,1,1,0,528,3701,2901,0,1,1,1,0,338,0
82671804,1726,99,594,978,172,27,1726,19,15,4,1187,5839,3062,32,29,6,17,11,1187,14
ec400194,1948,100,554,870,543,46,1948,23,11,12,942,6353,3425,95,75,10,34,24,1046,183
9f29c204,370,27,120,168,87,5,370,8,5,3,140,678,389,10,4,0,7,4,174,18
0b4d8274,791,5,75,316,415,67,791,51,21,30,437,2843,1454,59,45,15,41,29,555,152
d880dc16,76,5,36,39,1,1,76,1,1,0,29,182,88,0,0,0,0,0,35,0
0a89e877,1290,48,316,617,365,28,1290,22,13,9,693,3556,2093,52,40,10,32,11,771,135
3681cfff,2575,238,1246,1297,47,22,2575,14,8,6,1313,6020,3736,16,8,2,17,7,1804,4
c4bbea9f,1918,241,1088,799,52,28,1918,4,3,1,895,4674,2373,12,2,0,18,5,1005,5
97b87472,37,5,15,17,5,0,37,1,1,0,14,59,12,0,0,0,2,0,11,0
d14229f3,440,11,37,197,207,46,440,15,3,12,235,1040,461,18,9,7,27,5,305,78
7ffaf233,272,5,15,120,137,38,272,11,6,5,122,648,234,11,3,5,32,10,214,46
885b7aa7,425,10,76,293,61,4,425,11,6,5,223,1400,632,13,8,0,12,10,252,12
3767b3b7,159,10,75,79,7,1,159,2,2,0,76,448,222,4,1,1,4,0,72,3
3767b3b7,433,28,167,209,61,4,433,9,6,3,231,1129,676,7,6,0,9,6,226,9
8ff4872e,990,38,285,454,262,16,990,23,16,7,374,2783,1589,49,31,6,27,20,475,73
42eaa028,1255,8,89,610,578,83,1255,123,75,48,908,6017,3214,112,74,33,80,65,1009,199
3e87d087,724,39,256,357,117,2,724,11,5,6,266,1422,692,21,15,0,10,10,342,30
a671316d,17,3,3,4,10,1,17,0,0,0,11,44,32,1,1,0,2,0,12,4
46d50339,759,41,228,387,146,6,759,2,1,1,299,1171,792,10,10,1,13,3,481,46
22a62523,2,0,0,1,1,0,2,0,0,0,2,7,4,0,0,0,0,0,2,0
dd73120f,35,0,3,13,21,2,35,3,1,2,27,190,91,3,1,1,1,0,25,6
7d9b37bf,293,1,26,117,156,26,293,13,5,8,161,1020,363,17,8,11,22,18,192,54
2e52206e,612,21,72,296,251,55,612,21,14,7,289,1242,478,6,6,1,37,17,418,87
7cab69b5,1345,148,664,646,40,17,1345,2,1,1,710,3989,2259,10,7,0,10,2,808,1
e4a26a91,467,30,134,302,32,2,467,8,4,4,228,1164,578,10,3,0,6,4,280,3
a56bd2ee,519,438,514,5,0,0,519,0,0,0,222,1576,1188,0,0,0,0,0,165,0
acde3581,119,1,13,43,65,9,119,15,4,11,91,685,251,11,6,6,15,16,90,38
0eb03d5b,1000,109,516,478,16,2,1000,7,5,2,577,3310,2042,11,6,0,4,0,569,0
f36c432f,175,3,15,85,78,14,175,5,1,4,106,607,303,7,8,1,11,3,130,17
39901146,193,3,7,87,100,24,193,8,2,6,86,358,112,5,3,2,16,10,146,31
f323d995,1870,258,943,856,77,49,1870,7,4,3,955,4971,3215,10,4,1,12,3,1114,11
d29202c2,104,1,9,45,51,9,104,13,5,8,61,299,77,2,4,2,12,11,86,28
b8d22478,785,5,92,295,416,53,784,89,46,43,533,3448,1780,62,40,22,35,40,571,134
81d3318f,1256,4,115,646,523,92,1252,82,39,43,889,6392,3260,109,79,32,71,59,994,221
cc77354e,1709,122,840,803,83,17,1709,15,10,5,1046,5696,3511,19,16,0,8,7,1077,7
19a12bed,597,34,226,286,93,10,597,29,22,7,299,2272,1290,24,16,5,16,10,320,17
b4c816a9,150,2,5,63,82,33,150,6,4,2,84,389,134,7,4,6,20,7,120,46
8b66d9cc,716,6,59,341,339,40,716,81,44,37,490,3310,1746,59,37,18,39,37,551,102
a4527d33,40,36,40,0,0,0,40,0,0,0,19,96,56,0,0,0,0,0,11,0
51dbeea9,1632,123,554,947,136,22,1632,4,4,0,945,4564,2715,31,15,2,8,7,1145,44
8c955557,226,2,15,57,162,33,226,39,16,23,160,1511,596,25,16,15,21,11,165,63
0515a4cb,1136,138,530,581,32,13,1136,4,3,1,453,2525,1546,10,8,3,10,3,532,3
796b1c41,629,6,70,391,177,20,629,41,24,17,348,1848,836,21,16,2,33,23,410,60
2677a1de,1477,5,72,627,797,129,1473,80,46,34,787,4829,2364,80,53,33,88,69,971,235
aef6e670,1676,98,542,1058,88,7,1676,13,5,8,1071,5924,3373,23,24,1,8,12,1233,6
b1adaefa,83,9,44,37,2,2,83,0,0,0,34,228,145,0,0,0,0,0,45,0
c0b3669f,51,2,5,22,26,8,51,4,1,3,33,202,82,3,3,2,6,9,38,15
ab096c6f,2316,149,990,1078,261,32,2316,19,12,7,1060,5902,4016,43,22,2,22,5,1484,56
6b2c894b,1279,75,431,587,291,4,1279,53,25,28,552,4511,2779,88,62,2,35,15,592,57
fcbcbd94,596,15,45,266,291,77,593,24,15,9,374,1875,631,25,10,17,67,25,464,133
86574238,50,0,5,42,3,0,50,0,0,0,40,151,37,0,0,0,5,2,45,3
a46472d0,1266,99,590,647,41,15,1266,10,8,2,760,5060,3004,33,11,1,14,9,816,6
e6eadfb8,1313,53,390,664,270,5,1313,27,17,10,672,3636,2335,49,57,0,17,9,742,76
dc366c36,985,817,981,4,0,0,985,1,1,0,471,2950,1902,0,0,0,0,0,342,0
4d1666ff,2420,245,1228,1143,79,24,2420,15,13,2,1377,8121,5465,32,15,1,15,9,1478,3
77cf6852,1793,123,580,854,377,21,1793,22,8,14,698,3444,1963,53,27,6,34,13,803,74
9a506145,661,39,187,422,56,8,661,7,4,3,347,1451,710,7,5,0,13,5,387,0
41e7ef1c,679,20,135,298,251,35,679,22,12,10,307,1162,639,18,15,8,17,9,421,110
3d3b0206,164,5,23,88,54,2,164,4,1,3,81,390,135,2,2,0,9,8,104,20
4bf69118,1606,56,393,797,438,8,1606,41,23,18,695,3105,1842,37,35,1,30,15,775,108
397ba086,3,0,2,1,0,0,3,0,0,0,1,2,0,0,0,0,0,2,1,0
7cdda3bf,35,1,5,17,15,4,35,5,1,4,22,117,64,2,1,1,4,2,19,1
7cdda3bf,1336,24,103,605,647,134,1336,97,42,55,770,4842,2715,100,62,27,89,60,1016,246
770d7eb8,2574,87,568,1249,792,27,2573,83,36,47,1437,9115,5216,132,114,5,67,48,1541,169
15e99107,45,1,2,17,26,10,45,2,1,1,15,115,31,1,2,1,5,0,29,12
08082af0,739,80,400,321,22,9,739,7,4,3,321,1773,1020,6,6,0,10,2,353,2
fe006f82,46,1,5,25,17,2,46,0,0,0,26,230,149,6,1,1,1,0,24,2
542cc80f,1215,24,252,675,301,21,1215,23,12,11,621,3496,1429,28,29,5,37,16,769,72
ae6941ec,256,20,91,160,5,1,256,0,0,0,147,909,640,3,2,0,2,0,182,1
2d22cea7,8,0,0,4,4,3,8,0,0,0,7,65,49,2,2,1,2,0,7,2
6e5b5a45,1968,169,851,1062,79,17,1968,17,13,4,1087,6872,4266,46,26,2,16,9,1210,8
d512db65,77,1,6,41,31,12,76,11,6,5,43,254,52,1,2,1,3,5,56,12
8f4d116f,1577,65,361,1005,221,45,1577,8,2,6,605,2562,950,9,10,2,20,14,844,28
7cf431a5,606,14,99,290,235,33,606,33,12,21,390,2449,1371,37,36,10,32,12,430,75
20730eae,374,16,36,160,180,52,374,17,9,8,217,1158,503,17,16,10,25,27,287,76
2fa2a875,1381,1132,1365,16,0,0,1381,1,1,0,692,4871,2678,0,1,0,0,1,531,0
f5044e54,1760,67,363,1057,356,39,1760,30,15,15,868,4150,2023,35,39,10,32,25,1279,81
c3e4ecbb,1171,123,511,517,152,13,1171,12,8,4,484,2606,1396,17,12,2,17,7,584,40
1b82f8df,813,37,171,523,123,14,813,4,2,2,415,1654,776,18,11,4,16,8,478,22
6b9f2f3e,252,34,136,100,16,1,252,1,0,1,134,659,308,4,4,0,3,0,143,2
29ef0f49,402,17,30,180,195,49,402,20,7,12,244,1009,363,15,14,9,47,26,319,95
f7691f63,1017,23,226,509,294,11,1017,25,16,9,598,3239,1720,35,26,2,25,14,644,68
0f52f925,2072,56,436,896,767,29,2072,40,22,18,1025,5133,3111,83,62,8,57,31,1120,177
ccee698e,620,6,83,186,356,80,620,23,11,12,385,2576,1197,53,35,18,29,19,478,125
d7553721,14,0,4,7,3,0,14,0,0,0,8,38,17,0,0,0,0,0,11,0
6bca20fe,496,5,91,325,83,3,496,8,4,4,303,1443,747,9,12,1,12,11,352,5
f00de885,1143,994,1135,8,0,0,1143,0,0,0,556,2865,1982,0,0,0,2,0,521,0
7c2965bb,919,7,65,308,562,59,919,62,28,34,540,3745,2000,74,53,21,49,23,591,168
c76577a0,151,2,11,71,69,15,150,2,1,1,76,289,94,2,2,0,12,8,108,24
20094685,2459,18,385,1670,423,18,2459,25,13,12,1733,8661,4973,61,68,5,19,14,1959,44
934a0957,15,0,4,8,3,0,15,1,0,1,8,56,15,0,0,0,2,2,9,1
e1df6989,49,1,10,25,15,1,49,0,0,0,35,228,120,3,5,0,1,0,33,0
dc709ab5,724,76,396,317,15,7,724,1,1,0,366,1898,1089,8,2,1,5,1,384,1
d4133fa1,2676,101,754,1759,175,4,2676,14,11,3,1298,5439,2075,9,13,0,20,17,1831,8
91e58f66,705,31,149,508,57,5,705,6,4,2,367,1656,810,7,8,0,14,10,413,8
fcb38f57,1202,1030,1196,7,0,0,1202,1,1,0,524,3256,2283,0,0,0,1,0,413,0
bc0bfc64,77,0,6,34,38,14,77,3,1,2,49,127,28,1,2,1,9,3,66,17
46907171,894,6,77,343,486,89,893,68,27,41,676,4073,1898,70,47,36,77,59,717,239
22bfb57e,532,6,62,300,179,20,532,33,26,7,345,2261,1146,34,32,4,27,33,431,55
171bf11d,22,0,1,6,16,4,22,2,1,1,15,95,39,1,1,0,2,1,19,6
c26a3918,1977,112,642,943,410,19,1977,22,13,9,812,4008,2154,45,45,4,24,15,1008,98
1d2d5cc8,1043,922,1038,6,0,0,1043,0,0,0,606,2880,1752,0,1,1,2,0,495,0
c20bdcd7,76,5,20,43,14,1,76,2,1,1,36,228,113,2,1,0,2,0,47,8
c801616a,1392,28,225,880,295,15,1388,11,8,3,651,2518,1038,16,16,3,33,23,951,42
392d98fc,38,1,5,16,17,6,38,1,0,1,22,125,71,2,0,0,2,1,25,11
706a60e1,480,9,45,217,225,45,480,45,19,26,311,2083,1139,35,32,19,37,27,368,113
e54a9890,1297,56,416,570,321,13,1297,51,23,28,558,4258,2541,75,48,8,25,22,595,67
9ae9eaea,949,40,232,602,119,5,949,6,1,5,632,3209,2050,25,24,2,5,4,635,39
e3d0b0c4,2748,205,1101,1585,80,50,2748,8,8,0,1773,9407,5501,22,8,1,13,6,1856,4
5c4dc0ff,41,0,0,16,26,6,41,4,3,1,26,230,141,4,4,0,4,1,33,8
0d2158d5,1115,47,194,715,214,6,1115,17,12,5,495,2150,960,17,21,1,38,11,677,44
d5f2f82b,2534,189,848,1553,141,29,2534,7,6,1,1511,7625,4571,19,22,1,7,8,1893,13
468fdbad,1757,69,357,1125,289,28,1754,27,19,8,1072,5205,2445,46,43,9,20,30,1289,46
f4319ee8,375,3,42,222,114,4,375,8,4,4,215,1047,319,6,6,2,9,6,286,30
1ad8cb67,1923,164,834,1028,77,17,1923,6,6,0,1127,5671,3699,28,20,2,8,2,1214,7
3ef0fa48,702,6,60,248,408,77,702,53,25,28,493,3299,1832,69,40,16,48,23,521,152
eba1e557,27,0,5,14,8,1,27,1,1,0,21,135,97,4,2,1,2,0,19,2
0e6bc38c,328,6,22,116,198,56,328,29,20,9,179,1063,568,22,8,14,21,21,240,81
42fd9c7f,1123,0,22,392,725,212,1121,118,65,53,760,5250,2851,114,66,58,60,44,995,311
8f534f8e,139,9,80,57,2,1,139,1,1,0,78,361,164,0,0,0,0,0,102,1
6c9642ae,273,9,77,155,46,2,273,9,4,5,147,805,393,6,4,1,10,5,165,7
b931d9d1,493,28,195,218,88,1,493,13,8,5,187,1137,606,17,11,1,16,4,193,20
c39d9657,236,28,116,116,7,0,236,1,1,0,115,357,161,1,0,0,2,0,139,1
8325870c,269,42,124,121,25,5,269,1,0,1,145,794,454,5,9,0,3,2,149,1
4887118d,133,4,18,34,83,17,133,10,5,5,93,610,336,15,6,6,10,9,97,37
d21e361a,219,3,30,98,97,13,219,27,8,19,137,1163,482,13,15,6,18,15,150,34
8f696594,1821,4,74,733,1031,128,1819,104,60,44,1190,6208,3283,108,97,37,82,64,1351,281
6690ef25,1601,133,842,693,80,8,1601,12,11,1,826,4255,2584,23,15,2,17,10,1007,5
c6e5d20f,2518,89,421,1701,427,9,2518,43,28,15,1403,6445,3389,39,47,1,36,28,1571,44
e68f2cb4,977,14,116,448,436,50,977,73,41,32,624,4402,2107,62,52,8,68,55,664,140
e067808c,200,6,12,94,96,37,200,9,4,5,94,434,153,5,7,2,25,12,142,37
33887998,1252,1044,1240,12,1,0,1252,0,0,0,562,3854,2698,0,0,0,1,0,362,0
3cefcaef,2268,76,493,1149,645,54,2268,72,55,17,1452,8128,4734,111,84,21,36,37,1513,212
49000148,421,10,81,199,148,17,421,30,17,13,243,1760,739,20,16,2,17,18,273,49
0fb21da9,169,27,82,67,21,2,169,2,1,1,54,384,244,6,3,0,4,2,58,4
e162b013,1139,39,251,489,408,53,1139,16,8,8,622,3798,2286,62,47,8,15,10,710,151
ce492295,1494,188,842,631,26,13,1494,13,12,1,951,4601,1844,4,1,0,5,3,999,2
9fc0f253,512,47,235,265,13,5,512,0,0,0,258,1048,693,1,2,0,2,1,289,0
cb9ec45d,59,6,25,28,6,0,59,1,0,1,27,142,74,1,1,1,1,0,22,2
b66d1d8a,633,52,310,249,82,12,633,8,3,5,285,1131,598,13,6,3,4,4,319,19
c6ac6579,146,5,9,81,59,27,146,4,1,3,102,438,143,3,3,3,10,5,114,22
e6777e6b,1678,214,973,689,25,19,1678,3,3,0,977,5277,3184,6,5,1,2,3,1059,0
e493cff8,22,1,5,12,5,0,22,3,0,3,13,39,12,0,1,0,3,0,14,3
7e82a78f,1814,9,138,970,724,58,1814,51,20,31,1021,5431,2177,67,56,21,48,48,1282,228
84d94b91,1812,111,396,1183,257,14,1812,54,34,20,902,4711,2447,25,44,3,34,25,1085,31
4a57580c,906,31,219,411,294,36,906,42,21,21,442,3308,1576,51,33,9,33,26,495,97
f10983ae,527,23,143,240,147,15,527,11,5,6,241,1354,662,19,12,2,17,10,258,38
e97150c0,832,66,354,459,21,0,832,0,0,0,499,2795,1722,8,5,0,7,3,560,0
3eaf8817,583,9,32,259,295,60,582,21,13,8,398,1744,501,28,14,13,47,34,494,164
3eaf8817,63,7,8,25,30,12,63,0,0,0,32,94,29,2,0,1,7,2,47,9
6ca88b2a,1249,85,417,610,237,12,1249,32,16,16,602,3485,1961,35,30,2,35,12,649,79
28a65a2c,40,40,40,0,0,0,40,1,1,0,25,122,89,0,0,0,0,0,12,0
63a10528,71,4,12,20,39,12,71,5,3,2,43,220,85,5,2,3,6,4,52,14
af0c835b,829,16,129,435,278,47,829,26,16,10,502,2431,1308,38,24,11,24,27,590,93
176674ab,163,2,15,67,85,18,163,19,7,12,106,724,313,12,7,3,21,14,119,39
e50623a0,158,5,69,87,3,1,158,0,0,0,94,552,322,5,1,0,1,1,108,0
4749367a,212,16,87,101,25,0,212,1,0,1,122,558,298,7,4,0,4,2,122,10
f1b2365a,1140,63,221,694,240,62,1140,10,5,5,442,1953,943,23,14,2,39,27,731,91
e110ea4b,46,1,11,19,16,2,46,2,1,1,32,127,50,0,1,0,3,1,30,3
77f278a0,164,0,11,69,85,21,164,13,10,3,108,640,339,15,7,9,12,7,122,36
76c131da,22,0,2,8,13,2,22,1,1,0,15,155,50,2,1,1,3,0,13,5
61590953,599,26,176,340,87,3,599,18,13,5,337,1470,876,19,10,0,5,5,390,43
03bd0bf4,206,21,89,112,5,3,206,0,0,0,118,465,317,2,0,0,0,0,133,0
df819670,17,0,6,10,2,0,17,0,0,0,11,54,9,0,0,0,4,1,10,0
df819670,201,9,56,129,18,1,201,10,5,5,116,828,352,11,3,0,8,4,121,3
5cdddffa,2281,29,290,1594,435,25,2281,88,64,24,1641,8704,4894,81,81,3,57,50,1805,61
69384e5d,1328,1,66,652,635,109,1323,124,75,48,947,7021,3838,125,86,32,69,72,1120,138
813aae2f,257,4,32,96,130,24,257,5,2,3,115,618,272,8,6,2,11,6,141,36
2054d037,692,17,56,325,327,94,690,52,18,34,458,3243,1444,63,37,21,67,34,531,115
91f2da4c,1014,9,144,419,482,79,1013,126,52,74,649,6195,2667,95,97,23,125,86,648,185
7c56da38,789,14,92,373,335,40,789,39,23,16,533,3122,1642,52,42,12,29,20,632,130
7b9a9e25,517,7,64,224,239,45,517,37,22,15,324,2446,1277,53,41,15,33,30,369,95
6043997c,301,27,144,154,5,1,301,4,2,2,179,1099,722,6,3,1,6,3,202,1
a08b974a,1442,34,216,645,609,118,1442,138,66,72,887,6117,2658,85,62,29,98,57,920,210
7b9a86e6,175,1,19,70,92,22,175,23,8,15,113,1040,419,14,9,8,12,7,120,47
c977ef13,24,19,24,0,0,0,24,1,1,0,14,53,14,0,0,0,0,0,13,0
9e27e5de,1220,52,282,838,113,28,1220,7,2,5,567,2798,1289,15,21,1,22,15,790,20
243f4a0b,2284,81,641,1504,160,3,2284,23,16,7,1279,5390,2322,20,20,1,31,29,1530,20
ea02beaf,1185,35,246,481,473,127,1185,32,12,20,647,3456,1411,42,26,16,65,48,759,202
e3e05edf,1388,48,356,641,407,20,1388,54,29,25,653,3627,1905,52,44,6,38,26,744,109
29d8ad3f,1273,185,808,440,30,21,1273,10,8,2,627,2918,1230,5,5,1,13,6,667,1
f86ca403,372,7,52,257,66,13,372,3,1,2,159,673,257,6,1,1,6,2,254,17
19f8e480,1440,76,418,690,346,9,1440,29,12,17,677,3246,1932,49,31,7,18,13,766,82
779847d6,1372,149,665,665,60,21,1372,29,22,7,712,3882,2336,22,16,0,15,10,678,7
d8fc044e,21,1,8,9,4,1,21,0,0,0,9,18,8,0,0,0,0,0,10,1
51450467,12,0,3,9,0,0,12,0,0,0,9,33,18,0,0,0,0,0,9,0
475583ff,838,55,304,371,170,6,838,13,7,6,293,1223,627,10,9,3,24,8,339,30
dff153a4,1417,44,297,946,184,1,1417,9,5,4,792,3765,2034,10,9,0,5,8,1123,6
450e277f,1228,198,722,473,38,25,1228,1,1,0,536,2332,1203,1,2,0,6,2,712,4
58ae47b2,1387,6,77,667,654,43,1384,30,18,12,907,3946,2155,55,55,7,40,31,997,149
2f8f43f3,223,9,39,140,46,2,223,2,1,1,120,557,253,6,1,1,0,5,155,7
b684a484,174,8,20,74,82,34,174,6,1,5,80,337,107,3,3,1,17,11,105,36
743fdcd3,252,12,53,161,44,3,252,8,8,0,160,848,423,6,9,0,7,9,162,7
76806215,257,231,257,0,0,0,257,0,0,0,143,690,376,0,0,0,2,0,112,0
09f24df6,22,0,5,12,5,0,22,1,1,0,12,91,46,1,1,0,1,2,12,1
a44d3a3c,16,0,2,7,8,4,16,1,1,0,9,84,51,2,0,2,1,1,11,4
97fb4608,378,18,103,190,87,3,378,10,8,2,165,965,637,20,14,0,4,7,239,30
f18d7ab2,214,6,82,125,7,0,214,2,1,1,108,571,248,4,1,0,3,1,127,0
57e3f0c7,1828,12,124,816,924,170,1818,182,101,81,1291,9002,4197,139,134,62,110,110,1475,293
6b200d45,1923,186,1017,842,70,29,1923,9,6,3,951,3616,2154,15,10,2,9,6,1259,3
42c8ede1,12,0,0,7,6,1,12,1,0,1,11,158,18,2,1,0,1,1,10,4
b6dac747,1199,30,253,830,130,6,1199,19,12,7,614,3122,1486,19,11,0,18,14,775,16
a634b9d2,390,12,84,218,90,5,390,4,2,2,196,1042,696,14,9,1,3,1,228,30
64ba07c0,241,13,119,96,27,0,241,7,3,4,118,544,302,5,4,0,2,2,132,2
1ef37668,928,59,256,464,221,4,928,15,7,8,333,1538,920,20,15,0,18,6,405,23
43af5b1b,5,0,0,0,5,1,5,0,0,0,1,4,0,0,0,0,0,0,3,1
6453830e,1,0,0,0,1,0,1,0,0,0,1,6,2,0,0,0,0,0,1,1
fca455cc,82,5,16,59,8,2,82,1,1,0,25,92,27,0,0,0,4,0,42,0
516dc25b,1054,30,210,676,178,8,1054,13,10,3,594,3144,1605,25,20,0,19,9,713,31
7add56e1,58,3,15,29,15,0,58,3,3,0,37,199,80,4,3,0,1,2,39,5
854a2041,16,1,3,10,3,0,16,0,0,0,10,80,45,1,0,0,0,0,11,2
2ef637bd,673,15,182,306,192,11,673,20,8,12,275,1263,768,27,8,5,10,10,390,65
b92edde2,1735,67,474,857,413,9,1735,28,15,13,874,5155,3128,93,62,4,29,11,970,107
c252c705,36,28,36,0,0,0,36,0,0,0,8,69,49,0,0,0,0,0,9,0
51c30111,854,22,161,541,162,5,854,15,12,3,524,2691,1477,19,15,1,9,7,582,11
b0547a87,754,19,107,342,321,43,754,58,22,36,448,3128,1471,58,37,12,57,30,493,115
8794e251,1172,31,202,788,197,9,1172,22,15,7,868,5360,3170,47,33,2,14,9,935,24
0630eb63,276,3,30,101,154,33,276,25,11,14,188,1551,789,28,22,14,24,12,201,65
9a1f2e1c,871,37,208,462,210,9,871,20,11,9,479,2847,1767,48,30,4,16,15,527,63
bd4f5f94,279,14,96,147,39,2,279,0,0,0,146,608,373,4,3,0,2,2,165,14
e4086af3,711,40,243,358,118,8,711,26,13,13,344,1971,1145,23,11,4,15,8,375,21
8dbff17c,982,80,505,448,36,21,982,5,4,1,615,3080,1691,11,2,0,6,2,628,6
276cce2e,2429,104,654,1127,682,17,2429,30,22,8,982,6067,3411,74,64,6,34,30,1195,129
d504b3e1,1500,20,190,788,568,75,1499,151,93,58,1019,8221,4397,135,123,31,75,74,1163,145
5c2da10f,321,18,25,162,136,50,319,6,5,1,164,737,356,18,4,8,24,16,229,60
bcf1b2e9,1186,989,1170,16,1,1,1186,3,3,0,566,3297,2426,0,0,0,1,1,423,0
7a137df4,8,1,4,2,2,0,8,0,0,0,8,20,11,0,1,0,0,0,8,0
beae3a73,1697,83,371,710,627,97,1697,50,17,33,867,4310,1897,63,51,7,85,50,1021,187
ea0aa7e0,225,12,60,104,63,9,225,5,2,3,105,728,319,10,5,1,9,11,113,30
aa21406e,10,0,1,6,3,0,10,0,0,0,6,16,4,0,1,0,1,0,8,3
86df8ac0,0,0,0,0,0,0,0,0,0,0,0,0,0,0,0,0,0,0,0,0
1f8c7aa9,409,13,31,217,166,28,409,11,8,3,184,935,374,10,10,4,17,9,295,48
0eeafda5,498,43,278,208,14,13,498,4,2,2,295,1340,857,2,0,0,4,1,322,2
0aa874f4,1855,97,523,1175,176,27,1855,39,26,13,927,5274,2544,25,25,1,40,24,1035,12
ed45c4a5,2424,31,295,1365,790,53,2422,56,37,19,1362,6655,3188,72,58,8,66,38,1621,126
9b6d9b53,1058,51,295,512,264,12,1058,26,16,10,538,3107,1635,41,28,6,26,24,562,79
3071a619,543,24,48,262,235,62,543,13,8,5,267,1276,425,10,9,1,38,22,408,103
cac76a72,1300,1137,1296,4,0,0,1300,0,0,0,547,3090,1870,0,0,0,0,0,448,0
17f29fb0,2,0,0,1,1,0,2,0,0,0,1,8,7,0,0,0,0,1,1,0
fbbb9269,1501,63,429,724,362,30,1501,45,20,25,771,4423,2518,75,50,11,39,31,873,109
68a87d66,168,3,20,80,71,15,168,8,3,5,95,521,161,7,7,4,21,8,125,38
90fcf472,811,9,72,320,442,88,810,67,45,22,474,3856,2073,68,39,26,46,30,573,160
2b16cb1a,1409,8,77,642,733,166,1407,252,143,109,1066,9343,5211,202,103,95,123,80,1155,309
93c942fb,1,0,0,0,1,0,1,0,0,0,1,6,5,0,0,0,0,0,1,0
d63e2912,1729,63,441,938,366,28,1729,20,12,8,841,3438,1989,37,29,3,24,15,942,111
57c433c8,39,1,1,14,25,2,39,4,3,1,20,152,71,2,1,1,9,4,27,16
5d59e0df,541,21,34,235,274,71,539,15,3,12,280,1019,333,15,7,7,54,30,400,99
972aeb2a,818,76,421,374,30,10,818,12,9,3,405,2142,1128,7,3,1,11,8,508,4
bb4a42be,446,1,40,197,223,34,446,37,26,11,302,2265,1267,57,26,18,20,28,335,88
bb4a42be,2,0,0,0,2,0,2,0,0,0,1,15,0,0,0,0,0,1,1,0
60d90c55,1337,1138,1332,5,0,0,1337,0,0,0,593,3836,2667,0,0,0,1,0,439,0
24eb7ed6,579,4,48,267,269,29,579,48,29,19,326,2574,1069,35,30,6,38,28,389,77
8802c1d5,274,4,44,131,104,9,274,8,2,6,182,1022,522,16,12,4,12,9,200,31
bced0375,1912,95,453,1213,279,27,1912,71,50,21,1089,5546,2879,37,43,0,54,33,1247,36
c650629d,774,6,88,537,164,25,774,49,29,20,470,2242,1339,29,26,3,28,20,569,52
a8b4a643,275,16,81,142,53,7,275,16,5,11,155,955,374,10,6,1,12,7,172,21
11ced928,419,17,32,158,232,90,418,15,4,11,226,649,195,8,4,7,39,24,338,90
6e7f1353,1694,16,264,1056,410,32,1694,57,33,24,1094,6270,3062,72,71,5,56,48,1182,96
5e22e2a4,1909,72,489,1252,194,12,1909,44,28,16,902,4913,2328,37,31,0,41,32,1116,20
1a4b9094,1788,67,407,825,577,27,1788,102,55,47,1039,6887,3397,111,67,7,41,30,1036,115
bfdb33aa,1144,4,111,463,610,132,1143,131,62,69,871,7386,4274,163,115,56,91,67,907,272
4315f30d,2508,180,1105,1310,106,6,2508,16,9,7,1228,5855,3459,21,11,1,23,11,1736,25
6bde367b,2336,82,470,1308,610,20,2332,118,79,39,1206,7164,3911,61,53,8,65,43,1274,41
b2459674,4,0,0,2,2,1,4,0,0,0,3,7,0,0,0,0,3,0,4,1
4db2157a,1096,42,222,696,193,5,1096,14,11,3,505,2410,1145,17,12,0,15,11,703,19
834b5c4c,1243,1099,1238,5,0,0,1243,0,0,0,561,3099,2130,0,0,0,1,0,450,0
7fb301af,72,4,16,31,25,1,72,0,0,0,38,140,69,3,4,0,2,3,43,9
c4527123,85,3,23,58,4,1,85,0,0,0,47,201,89,0,0,0,1,0,48,0
8b28686a,872,82,414,455,11,1,872,4,4,0,456,2352,1405,3,3,0,4,6,498,1
4c5b714f,1719,63,334,846,544,33,1719,32,8,24,862,4263,2365,58,42,12,45,20,985,166
ea540835,709,40,163,484,66,7,709,5,4,1,303,1145,472,6,2,0,9,15,388,4
d6f88a1d,900,34,175,625,110,0,900,25,15,10,474,2282,1102,11,10,0,15,15,540,9
4914ed4a,770,60,265,330,179,10,770,13,9,4,303,1343,725,16,9,1,21,9,367,75
86e7deaf,2081,201,740,1274,77,19,2081,2,2,0,1323,6894,4549,19,21,0,5,3,1584,4
0fe7f7bc,26,0,0,14,12,0,26,0,0,0,13,103,31,1,1,0,1,1,20,7
0f8418aa,1578,51,273,976,345,43,1578,56,33,23,956,4625,2375,58,37,7,54,39,1043,76
c2211709,2051,73,416,1298,354,26,2051,43,32,11,986,4869,2011,38,35,6,37,35,1251,52
d9a66c60,265,13,34,116,117,44,265,11,8,3,102,540,188,5,4,1,16,9,188,38
2e0367a6,1297,6,116,542,690,49,1296,132,83,49,797,6355,3289,107,97,17,89,63,839,157
0670ee51,50,0,11,34,5,0,50,0,0,0,36,308,220,1,3,0,0,0,35,1
7768df30,1293,141,627,647,28,16,1293,5,5,0,585,3191,1598,3,4,1,12,1,675,0
7b075c75,1099,111,570,514,20,13,1099,8,6,2,622,3328,1972,9,3,0,5,6,701,1
ae59b359,412,11,75,301,45,6,412,11,8,3,268,1533,761,13,15,1,6,10,292,10
84549a07,437,8,63,202,182,25,437,36,22,14,278,1842,957,32,20,8,20,8,317,85
6fb7edd3,1,0,0,1,0,0,1,0,0,0,1,3,0,0,0,0,0,1,2,1
ef2e5e1a,1385,31,240,959,201,25,1385,13,10,3,824,3420,1837,24,26,2,16,17,899,33
0c291a1a,369,14,88,194,89,3,369,6,2,4,146,605,275,6,7,0,8,6,181,21
f6db3bd5,336,297,335,1,0,0,336,0,0,0,158,1045,768,0,0,0,1,0,119,0
821233cc,1386,117,790,571,35,18,1386,4,3,1,719,3375,1709,1,4,0,9,2,882,2
62a54183,2,0,0,2,0,0,2,0,0,0,0,0,0,0,0,0,0,0,0,0
8417953b,64,52,64,0,0,0,64,0,0,0,35,227,172,0,0,0,0,0,19,0
b99bec05,1429,97,417,666,361,32,1429,33,16,17,607,3702,2126,60,33,7,34,19,710,105
d8b97bb3,272,3,27,105,145,47,272,18,8,10,153,922,317,19,6,7,30,12,186,74
ff3a6a60,148,0,9,98,43,6,148,4,3,1,76,353,148,5,2,1,10,6,117,23
15e1afd5,96,13,49,46,2,0,96,0,0,0,39,200,117,1,1,0,1,0,52,0
a0f9b535,2018,20,231,941,879,98,2017,148,82,66,1212,9223,5316,184,125,39,99,69,1456,279
8da74c05,2288,116,572,1455,279,21,2288,67,40,27,1060,4859,2622,31,35,3,43,33,1664,60
b056e3da,905,779,905,0,0,0,905,0,0,0,417,2279,1518,0,0,0,1,0,329,0
d520120b,1056,53,98,508,455,139,1055,23,11,12,436,1781,518,17,8,12,68,33,762,150
ed0c3318,670,28,81,409,191,55,670,24,15,9,347,1319,450,14,8,2,60,31,469,61
4f255115,375,20,98,244,39,6,375,10,6,4,189,1013,458,5,5,1,5,9,213,7
5148dcc5,689,15,79,333,290,60,689,23,14,9,404,2076,1080,32,28,8,22,15,500,116
77d7c96f,909,27,174,514,225,26,909,6,1,5,551,2976,1736,35,22,3,18,7,592,99
2b9fdeea,1656,9,96,811,775,156,1654,116,58,57,1175,7353,3473,141,92,55,93,59,1317,299
f4bc42b1,1295,14,185,510,626,110,1295,116,72,44,885,6969,3869,149,75,61,83,61,970,225
275e2c51,1482,160,730,733,31,22,1482,0,0,0,664,2679,1557,9,5,0,6,2,919,3
c76b7567,1480,12,201,681,616,71,1480,32,21,11,899,3972,1800,47,55,16,69,43,1093,193
6f8cd6d0,1239,15,135,546,598,146,1234,146,101,45,766,7216,3424,133,90,53,95,92,942,221
56f7a928,1180,32,218,719,264,16,1179,35,18,17,652,3260,1988,37,29,2,27,18,748,41
2c92d3c0,579,16,71,254,258,46,579,40,20,20,350,2047,721,32,17,10,61,32,396,118
88f130ed,551,66,314,232,10,5,551,6,5,1,300,1740,1108,6,0,0,8,5,301,0
ef7cd87a,1703,51,279,1081,362,17,1703,59,42,17,1011,4599,2208,38,44,2,45,40,1174,55
c8c60119,311,13,100,178,35,2,311,4,3,1,183,1328,918,10,7,0,5,4,204,14
71ec39ef,1211,38,259,810,153,9,1211,13,10,3,682,3392,1395,9,18,0,20,13,774,16
1a6f2a66,141,1,10,86,46,6,141,6,2,4,78,414,183,5,5,0,8,5,110,13
c47541e0,1372,20,130,604,652,118,1372,90,52,38,1006,5940,2900,96,54,47,64,36,1092,288
de488e56,755,42,226,347,189,10,755,3,1,2,296,1467,892,27,19,2,14,9,336,34
bfcef334,893,39,237,359,306,20,893,41,16,25,310,2382,1243,44,34,11,17,14,377,99
42e8eba2,50,0,11,37,3,0,50,1,0,1,26,133,50,0,0,0,0,2,31,2
a4b1028a,2278,108,656,1156,499,41,2278,52,26,26,1116,6402,4054,97,56,13,40,12,1243,142
b666421b,1371,138,663,673,53,20,1371,9,6,3,697,3372,2015,18,9,0,22,7,847,5
6fea4e00,54,5,22,12,20,0,54,0,0,0,20,107,47,2,1,0,0,2,22,5
dcf7cf44,29,0,3,20,6,0,29,1,0,1,18,57,14,0,0,0,0,0,23,3
dcf7cf44,308,8,58,188,65,4,308,8,4,4,161,681,279,4,4,1,2,5,218,8
92cd4bef,77,3,14,55,10,1,77,2,2,0,45,199,88,1,1,0,3,3,44,1
e562a02e,14,0,5,9,0,0,14,0,0,0,4,15,12,0,0,0,0,0,5,0
c8090cb3,906,20,178,534,205,18,906,13,7,6,462,2160,1107,21,16,2,19,14,545,35
1467af0d,2258,33,300,1524,458,13,2258,41,34,7,1512,7479,4225,52,43,1,20,37,1887,38
8b529245,183,1,9,71,107,38,183,17,10,7,103,510,168,8,6,5,25,11,127,31
cfd41fad,4,0,2,2,0,0,4,1,0,1,3,9,0,0,0,0,2,1,2,0
eb78322b,46,5,30,15,1,1,46,0,0,0,30,177,37,0,1,0,0,0,30,0
0984c5d5,614,10,113,411,96,5,611,11,5,6,314,1380,739,19,13,0,11,11,453,23
8eec784d,11,0,0,4,7,3,11,0,0,0,4,7,1,0,0,0,1,1,7,4
f3600c02,1461,40,257,1001,221,18,1461,16,8,8,830,4801,2486,40,26,1,33,14,1023,19
1c344204,1565,162,788,730,56,33,1565,7,6,1,815,4717,2652,13,8,1,12,4,893,4
698b37b8,8,0,0,5,3,0,8,1,0,1,5,35,13,0,0,0,0,1,6,3
e2f9bb5f,235,1,40,137,61,9,235,9,7,2,151,893,327,8,5,5,12,13,189,19
28129034,355,45,177,143,38,1,355,5,3,2,120,643,240,1,2,0,11,1,134,0
c8c02ac7,916,36,278,419,231,8,916,10,4,6,476,2596,1394,31,19,1,15,10,560,61
0bd57eb0,2,0,0,2,0,0,2,0,0,0,1,2,0,0,0,0,0,0,2,0
242b350c,6,0,3,1,2,0,6,0,0,0,4,29,17,0,0,0,1,0,4,0
095e4199,418,7,57,135,241,34,416,62,36,26,294,2489,1346,39,28,19,31,32,304,94
775185ae,316,5,52,102,171,22,316,35,14,21,206,1211,630,23,17,8,19,19,232,68
a8797cf1,133,5,36,87,13,1,133,1,1,0,84,393,181,2,2,0,2,2,90,1
