id,Att,Live,Dead,FK,TB,Sw,Crs,TI,CK,In,Out,Str,Cmp,Off,Blocks
1c529186,124.0,104.0,19.0,3.0,0.0,2.0,4,16.0,0.0,0.0,0.0,0.0,97.0,1.0,5.0
db265666,109.0,92.0,17.0,0.0,0.0,0.0,16,3.0,7.0,4.0,3.0,0.0,72.0,0.0,8.0
8bc373ea,311.0,297.0,13.0,13.0,0.0,4.0,0,0.0,0.0,0.0,0.0,0.0,258.0,1.0,2.0
565bf0da,269.0,258.0,11.0,7.0,1.0,4.0,3,4.0,0.0,0.0,0.0,0.0,206.0,0.0,3.0
b96b595c,448.0,431.0,16.0,12.0,0.0,3.0,3,4.0,0.0,0.0,0.0,0.0,380.0,1.0,2.0
aa1ecac3,191.0,180.0,8.0,1.0,1.0,0.0,9,7.0,0.0,0.0,0.0,0.0,142.0,3.0,2.0
d75cf9bf,10.0,9.0,1.0,0.0,0.0,0.0,2,0.0,1.0,1.0,0.0,0.0,6.0,0.0,0.0
81442ecb,305.0,232.0,73.0,11.0,0.0,3.0,39,46.0,15.0,3.0,10.0,0.0,227.0,0.0,5.0
884a8908,58.0,55.0,3.0,0.0,0.0,0.0,7,3.0,0.0,0.0,0.0,0.0,39.0,0.0,5.0
ee926a02,171.0,164.0,5.0,5.0,0.0,0.0,0,0.0,0.0,0.0,0.0,0.0,135.0,2.0,4.0
9d8586c4,139.0,125.0,12.0,2.0,1.0,1.0,5,10.0,0.0,0.0,0.0,0.0,102.0,2.0,3.0
2557c196,55.0,46.0,9.0,1.0,0.0,0.0,1,0.0,0.0,0.0,0.0,0.0,40.0,0.0,3.0
42a632ba,59.0,51.0,8.0,3.0,0.0,0.0,9,5.0,0.0,0.0,0.0,0.0,48.0,0.0,0.0
18abe173,329.0,319.0,10.0,9.0,0.0,0.0,0,1.0,0.0,0.0,0.0,0.0,276.0,0.0,3.0
a8c0acb7,108.0,102.0,6.0,0.0,0.0,1.0,2,6.0,0.0,0.0,0.0,0.0,89.0,0.0,0.0
7230b807,4.0,4.0,0.0,0.0,0.0,0.0,0,0.0,0.0,0.0,0.0,0.0,2.0,0.0,2.0
1453e3cf,3.0,3.0,0.0,0.0,0.0,0.0,0,0.0,0.0,0.0,0.0,0.0,1.0,0.0,0.0
e2b384d2,17.0,17.0,0.0,0.0,0.0,0.0,1,0.0,0.0,0.0,0.0,0.0,14.0,0.0,0.0
c6e7789b,15.0,12.0,3.0,0.0,1.0,0.0,0,3.0,0.0,0.0,0.0,0.0,7.0,0.0,1.0
8b92fc98,64.0,56.0,8.0,0.0,0.0,0.0,1,0.0,0.0,0.0,0.0,0.0,46.0,0.0,4.0
834d0be5,157.0,145.0,11.0,4.0,0.0,3.0,0,1.0,0.0,0.0,0.0,0.0,126.0,1.0,2.0
5294a83f,164.0,146.0,16.0,5.0,3.0,1.0,7,2.0,4.0,3.0,1.0,0.0,121.0,2.0,4.0
edd38473,358.0,299.0,58.0,11.0,0.0,2.0,27,40.0,7.0,4.0,1.0,0.0,273.0,1.0,7.0
41b9d0c0,47.0,45.0,1.0,0.0,1.0,1.0,2,1.0,0.0,0.0,0.0,0.0,32.0,1.0,2.0
cc700722,314.0,295.0,16.0,13.0,2.0,0.0,2,1.0,0.0,0.0,0.0,0.0,264.0,3.0,7.0
67b3d74b,222.0,169.0,52.0,4.0,0.0,1.0,6,48.0,0.0,0.0,0.0,0.0,160.0,1.0,6.0
ba6e52b0,319.0,309.0,9.0,9.0,0.0,1.0,0,0.0,0.0,0.0,0.0,0.0,295.0,1.0,1.0
bdf8165d,182.0,164.0,16.0,8.0,0.0,2.0,14,0.0,8.0,3.0,5.0,0.0,148.0,2.0,4.0
f4290206,286.0,242.0,44.0,10.0,1.0,2.0,12,34.0,0.0,0.0,0.0,0.0,249.0,0.0,5.0
9260926b,158.0,157.0,1.0,1.0,0.0,2.0,0,0.0,0.0,0.0,0.0,0.0,145.0,0.0,1.0
22721b88,185.0,160.0,24.0,0.0,0.0,1.0,6,24.0,0.0,0.0,0.0,0.0,145.0,1.0,4.0
10b9fa99,125.0,119.0,5.0,0.0,0.0,0.0,0,5.0,0.0,0.0,0.0,0.0,114.0,1.0,0.0
5a2cb25d,67.0,61.0,6.0,0.0,0.0,0.0,4,6.0,0.0,0.0,0.0,0.0,46.0,0.0,5.0
4f0fbd15,116.0,93.0,23.0,1.0,0.0,1.0,13,22.0,0.0,0.0,0.0,0.0,90.0,0.0,1.0
d8988c46,17.0,16.0,1.0,1.0,0.0,0.0,0,0.0,0.0,0.0,0.0,0.0,17.0,0.0,0.0
314c2af0,206.0,143.0,63.0,26.0,0.0,0.0,0,1.0,0.0,0.0,0.0,0.0,109.0,0.0,1.0
ef9c1c95,401.0,384.0,16.0,10.0,0.0,2.0,2,0.0,0.0,0.0,0.0,0.0,308.0,1.0,7.0
ef8f266e,4.0,4.0,0.0,0.0,0.0,1.0,0,0.0,0.0,0.0,0.0,0.0,3.0,0.0,0.0
af3ddb2e,2.0,2.0,0.0,0.0,0.0,0.0,0,0.0,0.0,0.0,0.0,0.0,1.0,0.0,0.0
4e3f5992,19.0,18.0,1.0,1.0,0.0,0.0,0,0.0,0.0,0.0,0.0,0.0,15.0,0.0,0.0
8ec4c2f7,346.0,330.0,16.0,13.0,0.0,7.0,1,3.0,0.0,0.0,0.0,0.0,315.0,0.0,3.0
b35db3f6,64.0,63.0,1.0,0.0,0.0,0.0,0,0.0,0.0,0.0,0.0,0.0,47.0,0.0,0.0
f08a8947,395.0,383.0,8.0,7.0,0.0,4.0,1,1.0,0.0,0.0,0.0,0.0,325.0,4.0,0.0
df525574,407.0,322.0,84.0,17.0,0.0,3.0,21,67.0,0.0,0.0,0.0,0.0,317.0,1.0,5.0
ba3378a5,71.0,66.0,4.0,0.0,0.0,0.0,2,0.0,0.0,0.0,0.0,0.0,42.0,1.0,6.0
02df3a4b,219.0,163.0,51.0,4.0,0.0,1.0,4,47.0,0.0,0.0,0.0,0.0,152.0,5.0,3.0
feb5d3ab,127.0,94.0,33.0,2.0,0.0,0.0,5,31.0,0.0,0.0,0.0,0.0,103.0,0.0,4.0
2b15a82a,169.0,141.0,28.0,2.0,0.0,0.0,9,26.0,0.0,0.0,0.0,0.0,141.0,0.0,2.0
56413b1f,276.0,262.0,12.0,7.0,0.0,7.0,5,1.0,4.0,4.0,0.0,0.0,221.0,2.0,2.0
ba7673a6,24.0,22.0,2.0,0.0,0.0,0.0,2,2.0,0.0,0.0,0.0,0.0,17.0,0.0,2.0
b1313ec4,178.0,165.0,8.0,0.0,0.0,0.0,1,0.0,0.0,0.0,0.0,0.0,117.0,5.0,7.0
30643ce2,173.0,162.0,11.0,0.0,4.0,1.0,0,4.0,0.0,0.0,0.0,0.0,130.0,0.0,4.0
2f7407fa,7.0,7.0,0.0,0.0,0.0,0.0,0,0.0,0.0,0.0,0.0,0.0,3.0,0.0,0.0
28d596a0,440.0,330.0,107.0,27.0,0.0,1.0,0,0.0,0.0,0.0,0.0,0.0,379.0,3.0,1.0
963a328b,36.0,36.0,0.0,0.0,0.0,0.0,0,0.0,0.0,0.0,0.0,0.0,30.0,0.0,0.0
963a328b,45.0,45.0,0.0,0.0,1.0,0.0,0,0.0,0.0,0.0,0.0,0.0,41.0,0.0,0.0
22517bbe,245.0,187.0,57.0,5.0,1.0,2.0,10,52.0,0.0,0.0,0.0,0.0,169.0,1.0,11.0
089550f5,243.0,215.0,27.0,3.0,0.0,0.0,3,24.0,0.0,0.0,0.0,0.0,207.0,1.0,4.0
940efd73,115.0,101.0,11.0,2.0,0.0,1.0,7,9.0,0.0,0.0,0.0,0.0,68.0,3.0,3.0
06b2765c,77.0,74.0,3.0,3.0,0.0,1.0,0,0.0,0.0,0.0,0.0,0.0,65.0,0.0,4.0
8f5bfaac,13.0,13.0,0.0,0.0,0.0,0.0,0,0.0,0.0,0.0,0.0,0.0,9.0,0.0,0.0
d5dd5f1f,279.0,267.0,11.0,0.0,0.0,0.0,22,1.0,0.0,0.0,0.0,0.0,197.0,1.0,14.0
890fa4b5,40.0,26.0,14.0,0.0,0.0,0.0,0,14.0,0.0,0.0,0.0,0.0,24.0,0.0,2.0
97bfa797,75.0,71.0,3.0,0.0,0.0,0.0,3,0.0,0.0,0.0,0.0,0.0,58.0,1.0,5.0
5dbefa9d,140.0,132.0,7.0,2.0,1.0,1.0,4,1.0,0.0,0.0,0.0,0.0,114.0,1.0,3.0
a637251f,56.0,52.0,4.0,0.0,0.0,0.0,1,0.0,0.0,0.0,0.0,0.0,36.0,0.0,2.0
10549b49,45.0,38.0,6.0,0.0,0.0,0.0,0,0.0,0.0,0.0,0.0,0.0,32.0,1.0,0.0
53cad200,536.0,453.0,83.0,8.0,1.0,1.0,11,75.0,0.0,0.0,0.0,0.0,450.0,0.0,13.0
d3ce9f1f,13.0,12.0,1.0,0.0,0.0,0.0,0,1.0,0.0,0.0,0.0,0.0,10.0,0.0,0.0
6438d426,70.0,68.0,2.0,0.0,0.0,1.0,1,0.0,0.0,0.0,0.0,0.0,56.0,0.0,1.0
09a9e921,86.0,80.0,6.0,0.0,1.0,0.0,1,0.0,0.0,0.0,0.0,0.0,56.0,0.0,6.0
75229233,334.0,322.0,12.0,12.0,0.0,6.0,0,0.0,0.0,0.0,0.0,0.0,292.0,0.0,6.0
e8c930bb,111.0,106.0,3.0,3.0,0.0,0.0,1,0.0,0.0,0.0,0.0,0.0,93.0,2.0,1.0
ce538b0b,212.0,212.0,0.0,0.0,1.0,2.0,2,0.0,0.0,0.0,0.0,0.0,176.0,0.0,6.0
3a233281,326.0,283.0,43.0,9.0,0.0,3.0,60,4.0,30.0,13.0,10.0,5.0,229.0,0.0,10.0
56901a62,68.0,46.0,21.0,7.0,0.0,0.0,0,0.0,0.0,0.0,0.0,0.0,52.0,1.0,0.0
3958025f,5.0,4.0,1.0,0.0,0.0,0.0,1,0.0,1.0,0.0,1.0,0.0,3.0,0.0,0.0
59bf127b,242.0,241.0,1.0,1.0,0.0,1.0,2,0.0,0.0,0.0,0.0,0.0,207.0,0.0,4.0
ec3efd7f,142.0,131.0,11.0,1.0,1.0,2.0,18,4.0,4.0,1.0,2.0,0.0,107.0,0.0,4.0
a3bf2258,4.0,3.0,1.0,0.0,0.0,0.0,0,1.0,0.0,0.0,0.0,0.0,2.0,0.0,0.0
a3bf2258,83.0,78.0,4.0,1.0,0.0,1.0,5,0.0,0.0,0.0,0.0,0.0,45.0,1.0,4.0
509a4ccb,10.0,9.0,1.0,0.0,0.0,0.0,0,0.0,0.0,0.0,0.0,0.0,8.0,0.0,0.0
baa82726,22.0,21.0,1.0,0.0,0.0,0.0,4,0.0,0.0,0.0,0.0,0.0,14.0,0.0,3.0
fa937f7a,686.0,588.0,93.0,55.0,7.0,13.0,47,4.0,34.0,12.0,11.0,3.0,562.0,5.0,5.0
3628b9b9,369.0,346.0,22.0,22.0,1.0,5.0,0,0.0,0.0,0.0,0.0,0.0,291.0,1.0,4.0
ebdc9c7e,243.0,236.0,7.0,7.0,0.0,5.0,1,0.0,0.0,0.0,0.0,0.0,171.0,0.0,5.0
e0fd942a,149.0,145.0,3.0,0.0,0.0,2.0,5,2.0,0.0,0.0,0.0,0.0,110.0,1.0,4.0
712dd708,94.0,66.0,28.0,1.0,0.0,0.0,11,23.0,4.0,3.0,1.0,0.0,61.0,0.0,5.0
3a24769f,557.0,544.0,11.0,3.0,3.0,3.0,1,2.0,0.0,0.0,0.0,0.0,508.0,2.0,5.0
487d9b09,222.0,192.0,29.0,2.0,0.0,3.0,22,27.0,0.0,0.0,0.0,0.0,181.0,1.0,2.0
8e7f49d3,180.0,177.0,2.0,2.0,0.0,1.0,0,0.0,0.0,0.0,0.0,0.0,150.0,1.0,3.0
b742cc0d,356.0,347.0,8.0,6.0,1.0,2.0,2,2.0,0.0,0.0,0.0,0.0,314.0,1.0,2.0
3b57f7f8,63.0,57.0,6.0,0.0,0.0,0.0,8,6.0,0.0,0.0,0.0,0.0,38.0,0.0,3.0
e61bdd69,50.0,50.0,0.0,0.0,0.0,0.0,1,0.0,0.0,0.0,0.0,0.0,41.0,0.0,0.0
ec30b9c8,77.0,74.0,3.0,2.0,0.0,1.0,4,1.0,0.0,0.0,0.0,0.0,64.0,0.0,1.0
c01c66d9,183.0,179.0,4.0,4.0,0.0,3.0,0,0.0,0.0,0.0,0.0,0.0,168.0,0.0,1.0
d637fc22,70.0,63.0,7.0,4.0,0.0,0.0,0,3.0,0.0,0.0,0.0,0.0,59.0,0.0,1.0
69374ff5,220.0,211.0,8.0,8.0,0.0,2.0,0,0.0,0.0,0.0,0.0,0.0,195.0,1.0,3.0
a08b5224,45.0,42.0,3.0,0.0,0.0,0.0,3,0.0,0.0,0.0,0.0,0.0,23.0,0.0,7.0
b352cfa6,10.0,8.0,2.0,0.0,0.0,1.0,0,2.0,0.0,0.0,0.0,0.0,6.0,0.0,0.0
beb6c168,10.0,10.0,0.0,0.0,0.0,0.0,0,0.0,0.0,0.0,0.0,0.0,7.0,0.0,1.0
e204ec12,108.0,82.0,26.0,13.0,1.0,0.0,13,5.0,8.0,4.0,3.0,0.0,73.0,0.0,5.0
bee0bab1,166.0,163.0,3.0,0.0,0.0,1.0,24,3.0,0.0,0.0,0.0,0.0,123.0,0.0,6.0
74dc806c,266.0,220.0,42.0,12.0,0.0,5.0,19,10.0,12.0,8.0,1.0,0.0,216.0,4.0,4.0
942b4f90,210.0,200.0,8.0,0.0,2.0,2.0,1,0.0,0.0,0.0,0.0,0.0,158.0,2.0,7.0
c50281a0,196.0,180.0,15.0,5.0,1.0,2.0,10,10.0,0.0,0.0,0.0,0.0,163.0,1.0,4.0
070ec0b1,177.0,172.0,4.0,4.0,0.0,0.0,0,0.0,0.0,0.0,0.0,0.0,152.0,1.0,2.0
9f9c57f0,92.0,88.0,4.0,0.0,1.0,1.0,3,1.0,0.0,0.0,0.0,0.0,56.0,0.0,2.0
d1992a3b,160.0,129.0,31.0,2.0,0.0,1.0,14,27.0,2.0,0.0,2.0,0.0,116.0,0.0,1.0
5a28b2d9,324.0,311.0,13.0,13.0,0.0,4.0,0,0.0,0.0,0.0,0.0,0.0,276.0,0.0,2.0
305a3820,282.0,270.0,9.0,7.0,0.0,9.0,0,2.0,0.0,0.0,0.0,0.0,252.0,3.0,3.0
378825c7,430.0,332.0,94.0,8.0,1.0,3.0,17,86.0,0.0,0.0,0.0,0.0,326.0,4.0,7.0
6fbde63a,128.0,117.0,11.0,6.0,0.0,2.0,3,2.0,3.0,0.0,2.0,0.0,106.0,0.0,2.0
b36b3f96,9.0,9.0,0.0,0.0,0.0,0.0,0,0.0,0.0,0.0,0.0,0.0,8.0,0.0,1.0
bb6ab7af,29.0,29.0,0.0,0.0,0.0,0.0,1,0.0,0.0,0.0,0.0,0.0,22.0,0.0,0.0
d0b6129f,306.0,295.0,11.0,11.0,0.0,2.0,4,0.0,0.0,0.0,0.0,0.0,261.0,0.0,6.0
d5575935,164.0,155.0,9.0,4.0,0.0,3.0,2,2.0,0.0,0.0,0.0,0.0,141.0,0.0,2.0
9c145144,132.0,124.0,6.0,0.0,1.0,0.0,10,3.0,0.0,0.0,0.0,0.0,82.0,2.0,7.0
c75b6a02,81.0,80.0,1.0,1.0,0.0,0.0,0,0.0,0.0,0.0,0.0,0.0,72.0,0.0,1.0
11c0fa9d,39.0,34.0,5.0,0.0,0.0,0.0,0,0.0,0.0,0.0,0.0,0.0,32.0,0.0,0.0
5710a281,114.0,109.0,5.0,5.0,0.0,1.0,0,0.0,0.0,0.0,0.0,0.0,108.0,0.0,0.0
63a304f3,4.0,2.0,2.0,0.0,0.0,0.0,0,2.0,0.0,0.0,0.0,0.0,3.0,0.0,0.0
3dab8efd,85.0,77.0,7.0,5.0,0.0,0.0,9,1.0,1.0,0.0,1.0,0.0,63.0,1.0,1.0
a51728e3,97.0,89.0,8.0,7.0,1.0,1.0,0,1.0,0.0,0.0,0.0,0.0,83.0,0.0,2.0
e6dda1c7,269.0,253.0,15.0,12.0,0.0,7.0,1,3.0,0.0,0.0,0.0,0.0,213.0,1.0,2.0
faa1b07d,219.0,211.0,6.0,6.0,0.0,1.0,1,0.0,0.0,0.0,0.0,0.0,188.0,2.0,0.0
0ef05b3e,29.0,19.0,10.0,2.0,0.0,0.0,0,0.0,0.0,0.0,0.0,0.0,24.0,0.0,0.0
08fe932d,169.0,140.0,29.0,2.0,0.0,0.0,5,27.0,0.0,0.0,0.0,0.0,128.0,0.0,2.0
24b98f95,16.0,13.0,3.0,0.0,0.0,0.0,2,3.0,0.0,0.0,0.0,0.0,15.0,0.0,0.0
c603ad6a,247.0,209.0,37.0,5.0,0.0,0.0,15,32.0,0.0,0.0,0.0,0.0,184.0,1.0,9.0
d995ed27,103.0,95.0,7.0,2.0,0.0,3.0,9,0.0,5.0,5.0,0.0,0.0,80.0,1.0,0.0
13b0c150,128.0,121.0,7.0,7.0,0.0,2.0,0,0.0,0.0,0.0,0.0,0.0,104.0,0.0,2.0
e65dd8dc,123.0,85.0,38.0,2.0,0.0,0.0,0,0.0,0.0,0.0,0.0,0.0,86.0,0.0,0.0
2b3efa4a,605.0,451.0,151.0,5.0,1.0,5.0,15,145.0,0.0,0.0,0.0,0.0,429.0,3.0,20.0
ef5b337e,118.0,103.0,15.0,4.0,0.0,1.0,11,4.0,7.0,5.0,1.0,0.0,88.0,0.0,3.0
9d7d5334,37.0,31.0,6.0,1.0,0.0,0.0,4,5.0,0.0,0.0,0.0,0.0,22.0,0.0,1.0
01834aa0,148.0,145.0,2.0,2.0,0.0,4.0,0,0.0,0.0,0.0,0.0,0.0,121.0,1.0,1.0
3d13d9e4,3.0,3.0,0.0,0.0,0.0,0.0,0,0.0,0.0,0.0,0.0,0.0,2.0,0.0,0.0
1c07b06e,150.0,146.0,4.0,4.0,2.0,3.0,0,0.0,0.0,0.0,0.0,0.0,128.0,0.0,3.0
1001ae82,19.0,17.0,2.0,0.0,0.0,0.0,3,0.0,2.0,0.0,2.0,0.0,16.0,0.0,0.0
20e73fac,322.0,298.0,19.0,4.0,2.0,4.0,30,2.0,13.0,4.0,4.0,0.0,254.0,5.0,9.0
7c473e12,505.0,498.0,7.0,7.0,0.0,3.0,0,0.0,0.0,0.0,0.0,0.0,467.0,0.0,2.0
1e064bfb,298.0,178.0,117.0,25.0,0.0,0.0,0,0.0,0.0,0.0,0.0,0.0,184.0,3.0,0.0
6605c8ae,15.0,13.0,1.0,0.0,0.0,0.0,0,0.0,0.0,0.0,0.0,0.0,10.0,1.0,0.0
a167537f,315.0,285.0,29.0,10.0,1.0,1.0,26,3.0,16.0,9.0,4.0,1.0,229.0,1.0,10.0
6115fddd,287.0,198.0,86.0,18.0,0.0,2.0,0,0.0,0.0,0.0,0.0,0.0,191.0,3.0,0.0
55305521,2.0,2.0,0.0,0.0,0.0,0.0,0,0.0,0.0,0.0,0.0,0.0,1.0,0.0,0.0
f83c8d6c,118.0,108.0,9.0,1.0,1.0,1.0,0,1.0,0.0,0.0,0.0,0.0,96.0,1.0,2.0
08d37c53,43.0,41.0,2.0,1.0,0.0,0.0,1,1.0,0.0,0.0,0.0,0.0,28.0,0.0,2.0
6503ae16,30.0,20.0,10.0,2.0,0.0,1.0,0,0.0,0.0,0.0,0.0,0.0,22.0,0.0,0.0
0be28faf,246.0,241.0,4.0,4.0,0.0,2.0,0,0.0,0.0,0.0,0.0,0.0,220.0,1.0,0.0
33b8d077,139.0,129.0,10.0,9.0,1.0,1.0,2,0.0,1.0,0.0,1.0,0.0,119.0,0.0,2.0
2a709dc0,150.0,138.0,10.0,8.0,0.0,7.0,5,0.0,2.0,1.0,0.0,0.0,130.0,2.0,1.0
5caa62a7,330.0,296.0,30.0,17.0,2.0,1.0,18,4.0,8.0,2.0,5.0,0.0,255.0,4.0,18.0
d3ec34cf,3.0,3.0,0.0,0.0,0.0,0.0,0,0.0,0.0,0.0,0.0,0.0,2.0,0.0,0.0
44f050bc,598.0,590.0,7.0,6.0,0.0,11.0,0,1.0,0.0,0.0,0.0,0.0,511.0,1.0,8.0
70a9cba5,38.0,36.0,2.0,0.0,0.0,0.0,2,0.0,0.0,0.0,0.0,0.0,26.0,0.0,1.0
f631c17f,35.0,30.0,5.0,1.0,0.0,0.0,1,0.0,0.0,0.0,0.0,0.0,27.0,0.0,3.0
eb2b33aa,0.0,0.0,0.0,0.0,0.0,0.0,0,0.0,0.0,0.0,0.0,0.0,0.0,0.0,0.0
8a7a5ad7,97.0,70.0,27.0,2.0,0.0,2.0,1,25.0,0.0,0.0,0.0,0.0,76.0,0.0,3.0
b8814868,289.0,274.0,15.0,12.0,3.0,2.0,2,3.0,0.0,0.0,0.0,0.0,239.0,0.0,4.0
a179d516,45.0,34.0,11.0,2.0,0.0,0.0,0,0.0,0.0,0.0,0.0,0.0,36.0,0.0,0.0
e34e086c,98.0,92.0,5.0,1.0,1.0,3.0,8,3.0,1.0,0.0,0.0,0.0,71.0,1.0,4.0
e94d79e3,175.0,153.0,22.0,2.0,0.0,2.0,6,20.0,0.0,0.0,0.0,0.0,147.0,0.0,0.0
7914b9fe,304.0,298.0,6.0,5.0,0.0,1.0,0,1.0,0.0,0.0,0.0,0.0,284.0,0.0,0.0
93b891d1,119.0,115.0,1.0,0.0,4.0,0.0,0,0.0,0.0,0.0,0.0,0.0,89.0,3.0,4.0
e652624a,7.0,7.0,0.0,0.0,0.0,0.0,0,0.0,0.0,0.0,0.0,0.0,7.0,0.0,0.0
2146785a,267.0,221.0,46.0,6.0,0.0,0.0,19,39.0,1.0,0.0,0.0,0.0,216.0,0.0,7.0
ac7e640b,74.0,73.0,1.0,1.0,0.0,1.0,0,0.0,0.0,0.0,0.0,0.0,69.0,0.0,0.0
94f8d10c,262.0,254.0,8.0,6.0,0.0,5.0,0,2.0,0.0,0.0,0.0,0.0,237.0,0.0,0.0
cd0fa27b,224.0,194.0,29.0,8.0,1.0,11.0,25,6.0,15.0,6.0,6.0,0.0,176.0,1.0,3.0
78841da9,287.0,270.0,17.0,3.0,0.0,8.0,17,10.0,4.0,0.0,3.0,0.0,229.0,0.0,5.0
13ea2544,341.0,331.0,8.0,7.0,0.0,10.0,1,1.0,0.0,0.0,0.0,0.0,298.0,2.0,1.0
96f2d977,137.0,129.0,7.0,7.0,0.0,0.0,1,0.0,0.0,0.0,0.0,0.0,112.0,1.0,1.0
a6de370d,370.0,339.0,29.0,13.0,2.0,6.0,28,1.0,15.0,6.0,6.0,0.0,301.0,2.0,3.0
ab77f2d9,333.0,327.0,6.0,6.0,1.0,4.0,1,0.0,0.0,0.0,0.0,0.0,302.0,0.0,3.0
0366fc78,144.0,136.0,6.0,0.0,0.0,2.0,19,6.0,0.0,0.0,0.0,0.0,89.0,2.0,7.0
356c9002,96.0,87.0,9.0,2.0,1.0,1.0,18,2.0,5.0,1.0,4.0,0.0,64.0,0.0,4.0
61707054,28.0,28.0,0.0,0.0,0.0,0.0,0,0.0,0.0,0.0,0.0,0.0,20.0,0.0,2.0
597d0f13,54.0,53.0,1.0,0.0,0.0,4.0,7,0.0,1.0,0.0,0.0,0.0,42.0,0.0,1.0
dc415e39,186.0,162.0,21.0,3.0,0.0,3.0,23,1.0,12.0,3.0,8.0,0.0,127.0,3.0,4.0
479ccb18,62.0,56.0,5.0,0.0,0.0,1.0,0,0.0,0.0,0.0,0.0,0.0,42.0,1.0,0.0
e3e32fbb,292.0,226.0,65.0,9.0,0.0,2.0,20,56.0,0.0,0.0,0.0,0.0,199.0,1.0,17.0
e1deea75,279.0,268.0,11.0,9.0,0.0,0.0,1,2.0,0.0,0.0,0.0,0.0,234.0,0.0,2.0
dee86451,538.0,531.0,6.0,6.0,1.0,6.0,1,0.0,0.0,0.0,0.0,0.0,507.0,1.0,2.0
958bba56,437.0,408.0,28.0,25.0,0.0,14.0,3,1.0,2.0,1.0,1.0,0.0,409.0,1.0,1.0
1ef6f38d,61.0,50.0,10.0,8.0,0.0,0.0,3,0.0,2.0,0.0,1.0,0.0,48.0,1.0,0.0
130a7a3f,144.0,131.0,13.0,5.0,0.0,1.0,20,1.0,7.0,3.0,1.0,0.0,107.0,0.0,6.0
ed54971a,151.0,141.0,7.0,7.0,0.0,0.0,0,0.0,0.0,0.0,0.0,0.0,121.0,3.0,0.0
ba3d3bea,321.0,281.0,37.0,20.0,0.0,2.0,19,4.0,12.0,3.0,7.0,0.0,241.0,3.0,3.0
e2e9c250,382.0,356.0,25.0,9.0,3.0,8.0,15,2.0,14.0,4.0,4.0,1.0,338.0,1.0,2.0
71672fa0,319.0,191.0,127.0,41.0,0.0,0.0,0,0.0,0.0,0.0,0.0,0.0,181.0,1.0,0.0
07f8bcc8,43.0,38.0,4.0,0.0,0.0,0.0,1,2.0,0.0,0.0,0.0,0.0,21.0,1.0,4.0
a33a0dc0,21.0,16.0,5.0,2.0,0.0,1.0,2,0.0,2.0,1.0,0.0,0.0,16.0,0.0,0.0
5e1028e5,113.0,107.0,6.0,2.0,0.0,0.0,10,1.0,3.0,2.0,1.0,0.0,78.0,0.0,6.0
cbb8620f,184.0,182.0,1.0,1.0,2.0,1.0,2,0.0,0.0,0.0,0.0,0.0,148.0,1.0,2.0
5d9577aa,13.0,12.0,1.0,0.0,0.0,0.0,0,1.0,0.0,0.0,0.0,0.0,10.0,0.0,0.0
bb300266,37.0,36.0,1.0,1.0,0.0,2.0,1,0.0,0.0,0.0,0.0,0.0,34.0,0.0,2.0
d3013717,173.0,142.0,29.0,3.0,0.0,1.0,7,25.0,0.0,0.0,0.0,0.0,125.0,2.0,9.0
0ac94a23,88.0,87.0,1.0,0.0,0.0,0.0,9,0.0,0.0,0.0,0.0,0.0,56.0,0.0,8.0
f4b852b5,277.0,264.0,12.0,12.0,0.0,7.0,0,0.0,0.0,0.0,0.0,0.0,229.0,1.0,2.0
c316607a,141.0,135.0,5.0,5.0,0.0,5.0,0,0.0,0.0,0.0,0.0,0.0,121.0,1.0,3.0
163bbd4a,11.0,10.0,1.0,0.0,0.0,0.0,0,0.0,0.0,0.0,0.0,0.0,8.0,0.0,0.0
fad3e13e,48.0,41.0,5.0,0.0,0.0,0.0,2,0.0,0.0,0.0,0.0,0.0,34.0,2.0,1.0
1cb49278,1104.0,1076.0,28.0,25.0,1.0,5.0,1,3.0,0.0,0.0,0.0,0.0,1025.0,0.0,8.0
770ebf00,283.0,253.0,27.0,9.0,0.0,3.0,9,5.0,5.0,3.0,0.0,0.0,223.0,3.0,6.0
26ce2263,261.0,251.0,8.0,4.0,0.0,3.0,7,1.0,3.0,0.0,3.0,0.0,211.0,2.0,6.0
f73abe54,60.0,59.0,1.0,0.0,0.0,0.0,3,0.0,1.0,0.0,1.0,0.0,46.0,0.0,2.0
c52b28d0,39.0,27.0,11.0,6.0,0.0,0.0,0,0.0,0.0,0.0,0.0,0.0,26.0,1.0,1.0
1c0ddebb,212.0,111.0,98.0,27.0,0.0,1.0,0,0.0,0.0,0.0,0.0,0.0,91.0,3.0,0.0
b8a642fc,196.0,194.0,1.0,0.0,1.0,1.0,4,0.0,1.0,0.0,0.0,0.0,159.0,1.0,5.0
86765ca8,104.0,101.0,3.0,3.0,0.0,1.0,0,0.0,0.0,0.0,0.0,0.0,89.0,0.0,0.0
7cd78926,297.0,228.0,69.0,13.0,0.0,8.0,21,56.0,0.0,0.0,0.0,0.0,215.0,0.0,7.0
eac8cdb6,71.0,68.0,3.0,3.0,0.0,1.0,0,0.0,0.0,0.0,0.0,0.0,61.0,0.0,0.0
fae880d5,227.0,219.0,8.0,7.0,0.0,4.0,1,0.0,0.0,0.0,0.0,0.0,202.0,0.0,3.0
b3a712de,325.0,320.0,3.0,0.0,1.0,1.0,3,0.0,0.0,0.0,0.0,0.0,247.0,2.0,8.0
1fbbfbde,412.0,397.0,11.0,10.0,0.0,5.0,0,1.0,0.0,0.0,0.0,0.0,336.0,4.0,3.0
2233ef48,116.0,80.0,36.0,1.0,0.0,0.0,7,35.0,0.0,0.0,0.0,0.0,64.0,0.0,5.0
0331786b,24.0,16.0,8.0,1.0,0.0,0.0,2,7.0,0.0,0.0,0.0,0.0,15.0,0.0,2.0
a6951bf8,298.0,294.0,4.0,4.0,0.0,10.0,0,0.0,0.0,0.0,0.0,0.0,258.0,0.0,2.0
0e7ccfc4,121.0,81.0,40.0,1.0,0.0,0.0,9,39.0,0.0,0.0,0.0,0.0,82.0,0.0,7.0
c693347d,73.0,70.0,3.0,0.0,2.0,0.0,1,1.0,0.0,0.0,0.0,0.0,52.0,0.0,1.0
45b9b619,193.0,184.0,7.0,1.0,6.0,4.0,3,6.0,0.0,0.0,0.0,0.0,149.0,2.0,7.0
c78b352d,28.0,20.0,7.0,0.0,0.0,0.0,0,7.0,0.0,0.0,0.0,0.0,20.0,1.0,1.0
5ddb8f9f,520.0,383.0,133.0,3.0,0.0,3.0,41,130.0,0.0,0.0,0.0,0.0,341.0,4.0,16.0
808d48f3,414.0,347.0,66.0,4.0,1.0,1.0,13,62.0,0.0,0.0,0.0,0.0,340.0,1.0,5.0
2434f24a,195.0,128.0,66.0,18.0,0.0,1.0,0,0.0,0.0,0.0,0.0,0.0,125.0,1.0,0.0
fdf3cb77,464.0,346.0,118.0,3.0,0.0,1.0,47,115.0,0.0,0.0,0.0,0.0,295.0,0.0,21.0
85a44ecc,170.0,166.0,2.0,1.0,0.0,0.0,0,0.0,0.0,0.0,0.0,0.0,143.0,2.0,3.0
e1550a44,207.0,198.0,7.0,3.0,2.0,3.0,3,3.0,1.0,0.0,0.0,0.0,158.0,2.0,7.0
57376761,141.0,130.0,9.0,2.0,0.0,0.0,5,1.0,4.0,2.0,1.0,0.0,122.0,2.0,0.0
a0d59251,252.0,184.0,67.0,16.0,0.0,1.0,30,42.0,9.0,3.0,5.0,0.0,176.0,1.0,9.0
dc62b55d,148.0,139.0,9.0,0.0,1.0,2.0,4,2.0,0.0,0.0,0.0,0.0,102.0,0.0,5.0
a4fe8cda,75.0,67.0,7.0,1.0,0.0,0.0,1,2.0,0.0,0.0,0.0,0.0,56.0,1.0,3.0
44eb9093,124.0,99.0,25.0,3.0,0.0,4.0,1,22.0,0.0,0.0,0.0,0.0,88.0,0.0,7.0
1ec7e1c5,450.0,431.0,15.0,13.0,0.0,5.0,0,1.0,0.0,0.0,0.0,0.0,379.0,4.0,3.0
eac044ad,349.0,321.0,25.0,0.0,1.0,1.0,0,6.0,0.0,0.0,0.0,0.0,272.0,3.0,19.0
6b14ce11,82.0,61.0,21.0,0.0,0.0,0.0,3,21.0,0.0,0.0,0.0,0.0,53.0,0.0,1.0
a04e2dd2,253.0,144.0,107.0,48.0,0.0,1.0,0,0.0,0.0,0.0,0.0,0.0,117.0,2.0,0.0
ca45605e,30.0,30.0,0.0,0.0,0.0,0.0,0,0.0,0.0,0.0,0.0,0.0,21.0,0.0,0.0
69b9be7e,163.0,155.0,7.0,7.0,0.0,1.0,0,0.0,0.0,0.0,0.0,0.0,119.0,1.0,1.0
06972405,7.0,7.0,0.0,0.0,0.0,0.0,0,0.0,0.0,0.0,0.0,0.0,5.0,0.0,0.0
0be95d34,65.0,65.0,0.0,0.0,0.0,0.0,7,0.0,0.0,0.0,0.0,0.0,41.0,0.0,5.0
7d6921f8,52.0,51.0,0.0,0.0,0.0,1.0,2,0.0,0.0,0.0,0.0,0.0,34.0,1.0,0.0
b737f944,23.0,22.0,1.0,0.0,0.0,1.0,0,1.0,0.0,0.0,0.0,0.0,20.0,0.0,0.0
6b6cbca4,353.0,338.0,11.0,8.0,1.0,3.0,1,3.0,0.0,0.0,0.0,0.0,261.0,4.0,5.0
dc3fa3b5,156.0,145.0,11.0,10.0,0.0,4.0,5,0.0,1.0,0.0,1.0,0.0,120.0,0.0,6.0
7a68aefa,112.0,108.0,3.0,0.0,0.0,1.0,5,1.0,2.0,1.0,1.0,0.0,77.0,1.0,6.0
2c44a35d,81.0,63.0,18.0,0.0,0.0,0.0,6,18.0,0.0,0.0,0.0,0.0,58.0,0.0,6.0
5832ebfe,125.0,121.0,4.0,1.0,0.0,1.0,0,3.0,0.0,0.0,0.0,0.0,98.0,0.0,1.0
365836c9,458.0,449.0,8.0,6.0,0.0,5.0,2,2.0,0.0,0.0,0.0,0.0,397.0,1.0,7.0
23c5db70,78.0,78.0,0.0,0.0,0.0,0.0,1,0.0,0.0,0.0,0.0,0.0,63.0,0.0,0.0
dda3969e,29.0,25.0,4.0,0.0,0.0,1.0,0,1.0,0.0,0.0,0.0,0.0,22.0,0.0,0.0
d2110326,258.0,250.0,8.0,8.0,0.0,1.0,0,0.0,0.0,0.0,0.0,0.0,235.0,0.0,2.0
26383ea5,64.0,45.0,18.0,5.0,0.0,0.0,0,0.0,0.0,0.0,0.0,0.0,52.0,1.0,0.0
31c69ef1,356.0,340.0,15.0,13.0,1.0,1.0,0,2.0,0.0,0.0,0.0,0.0,281.0,1.0,5.0
8104e41e,39.0,31.0,8.0,0.0,0.0,0.0,1,8.0,0.0,0.0,0.0,0.0,29.0,0.0,1.0
bf309d24,132.0,129.0,3.0,2.0,1.0,1.0,0,0.0,0.0,0.0,0.0,0.0,112.0,0.0,2.0
19c9e24e,59.0,58.0,1.0,1.0,0.0,0.0,0,0.0,0.0,0.0,0.0,0.0,44.0,0.0,1.0
a3d524cb,143.0,94.0,49.0,11.0,0.0,1.0,0,0.0,0.0,0.0,0.0,0.0,114.0,0.0,0.0
db3cb6ee,212.0,198.0,14.0,14.0,0.0,2.0,1,0.0,0.0,0.0,0.0,0.0,160.0,0.0,1.0
b5f63410,57.0,47.0,10.0,2.0,0.0,0.0,2,2.0,0.0,0.0,0.0,0.0,47.0,0.0,5.0
5cef5a64,19.0,19.0,0.0,0.0,0.0,0.0,0,0.0,0.0,0.0,0.0,0.0,17.0,0.0,0.0
5626f324,71.0,57.0,14.0,2.0,0.0,0.0,5,12.0,0.0,0.0,0.0,0.0,53.0,0.0,5.0
254147d4,109.0,104.0,4.0,1.0,1.0,1.0,0,3.0,0.0,0.0,0.0,0.0,84.0,1.0,1.0
706722a8,80.0,78.0,2.0,0.0,0.0,0.0,1,0.0,0.0,0.0,0.0,0.0,41.0,0.0,3.0
ead51916,214.0,202.0,11.0,5.0,0.0,1.0,1,0.0,1.0,0.0,0.0,0.0,159.0,1.0,7.0
d072a976,34.0,32.0,0.0,0.0,0.0,0.0,0,0.0,0.0,0.0,0.0,0.0,24.0,2.0,1.0
eeb032db,2.0,2.0,0.0,0.0,1.0,0.0,0,0.0,0.0,0.0,0.0,0.0,2.0,0.0,0.0
6bfaecc4,182.0,112.0,69.0,13.0,0.0,0.0,0,0.0,0.0,0.0,0.0,0.0,123.0,1.0,0.0
dc90cfbe,89.0,83.0,6.0,0.0,0.0,0.0,0,0.0,0.0,0.0,0.0,0.0,54.0,0.0,1.0
29a506e1,1.0,1.0,0.0,0.0,0.0,0.0,0,0.0,0.0,0.0,0.0,0.0,0.0,0.0,0.0
6fd8a334,436.0,423.0,13.0,12.0,0.0,1.0,0,1.0,0.0,0.0,0.0,0.0,398.0,0.0,3.0
a5d101a9,252.0,243.0,6.0,5.0,0.0,2.0,4,0.0,0.0,0.0,0.0,0.0,169.0,3.0,8.0
60e86875,270.0,242.0,27.0,5.0,4.0,7.0,18,10.0,4.0,1.0,0.0,0.0,190.0,1.0,10.0
f1eee8b3,5.0,5.0,0.0,0.0,0.0,0.0,0,0.0,0.0,0.0,0.0,0.0,2.0,0.0,1.0
aaf0fd15,8.0,8.0,0.0,0.0,0.0,0.0,1,0.0,0.0,0.0,0.0,0.0,5.0,0.0,1.0
e5cd9da6,219.0,176.0,42.0,3.0,0.0,0.0,19,32.0,7.0,2.0,5.0,0.0,174.0,1.0,3.0
e0a1c004,232.0,219.0,12.0,12.0,0.0,3.0,2,0.0,0.0,0.0,0.0,0.0,182.0,1.0,3.0
e7ef333b,250.0,221.0,27.0,26.0,0.0,8.0,1,1.0,0.0,0.0,0.0,0.0,195.0,2.0,2.0
448a3608,181.0,171.0,9.0,0.0,2.0,1.0,6,3.0,1.0,0.0,0.0,0.0,107.0,1.0,6.0
0562b7f1,129.0,114.0,15.0,0.0,0.0,0.0,5,1.0,0.0,0.0,0.0,0.0,83.0,0.0,7.0
a0313275,174.0,137.0,35.0,10.0,0.0,0.0,9,22.0,3.0,3.0,0.0,0.0,132.0,2.0,1.0
a801669e,118.0,118.0,0.0,0.0,0.0,0.0,1,0.0,0.0,0.0,0.0,0.0,93.0,0.0,0.0
4f56170e,193.0,142.0,50.0,3.0,0.0,1.0,7,47.0,0.0,0.0,0.0,0.0,160.0,1.0,4.0
cf007308,263.0,253.0,9.0,4.0,0.0,2.0,6,0.0,5.0,0.0,1.0,0.0,227.0,1.0,3.0
47a34c4f,385.0,369.0,14.0,4.0,0.0,1.0,8,1.0,9.0,2.0,3.0,0.0,354.0,2.0,3.0
692a8d3b,45.0,39.0,4.0,1.0,0.0,0.0,1,0.0,0.0,0.0,0.0,0.0,33.0,2.0,2.0
df8b52a5,4.0,2.0,2.0,0.0,0.0,0.0,0,2.0,0.0,0.0,0.0,0.0,3.0,0.0,0.0
5c9ac7f0,62.0,60.0,2.0,0.0,0.0,0.0,1,0.0,0.0,0.0,0.0,0.0,38.0,0.0,4.0
b220064a,48.0,46.0,1.0,0.0,0.0,1.0,5,1.0,0.0,0.0,0.0,0.0,31.0,1.0,2.0
88b748d2,205.0,130.0,75.0,14.0,0.0,0.0,0,0.0,0.0,0.0,0.0,0.0,103.0,0.0,0.0
15b6e8d7,362.0,272.0,85.0,15.0,1.0,5.0,37,60.0,10.0,2.0,7.0,0.0,257.0,5.0,3.0
1c78737d,172.0,168.0,0.0,0.0,1.0,0.0,5,0.0,0.0,0.0,0.0,0.0,135.0,4.0,1.0
e0238966,30.0,24.0,6.0,0.0,0.0,0.0,0,0.0,0.0,0.0,0.0,0.0,25.0,0.0,0.0
b0616e3d,170.0,141.0,27.0,7.0,0.0,3.0,9,19.0,1.0,0.0,0.0,1.0,141.0,2.0,4.0
7ff93107,2.0,2.0,0.0,0.0,0.0,0.0,0,0.0,0.0,0.0,0.0,0.0,2.0,0.0,0.0
33508c78,561.0,537.0,18.0,17.0,11.0,5.0,2,1.0,0.0,0.0,0.0,0.0,507.0,6.0,2.0
46e58246,208.0,174.0,34.0,7.0,0.0,1.0,15,27.0,0.0,0.0,0.0,0.0,146.0,0.0,4.0
b82880c6,322.0,305.0,17.0,9.0,0.0,3.0,2,8.0,0.0,0.0,0.0,0.0,269.0,0.0,3.0
762179d9,193.0,188.0,3.0,2.0,0.0,1.0,0,1.0,0.0,0.0,0.0,0.0,178.0,2.0,0.0
7f043eec,18.0,18.0,0.0,0.0,0.0,0.0,1,0.0,0.0,0.0,0.0,0.0,11.0,0.0,0.0
89151b16,241.0,234.0,6.0,5.0,0.0,1.0,0,1.0,0.0,0.0,0.0,0.0,220.0,1.0,1.0
691f64f5,70.0,68.0,2.0,0.0,0.0,2.0,4,2.0,0.0,0.0,0.0,0.0,54.0,0.0,5.0
874d7a32,172.0,171.0,1.0,1.0,0.0,1.0,0,0.0,0.0,0.0,0.0,0.0,149.0,0.0,2.0
15d0c248,234.0,224.0,8.0,2.0,0.0,2.0,1,6.0,0.0,0.0,0.0,0.0,186.0,2.0,2.0
8aafd64f,165.0,156.0,8.0,0.0,1.0,0.0,4,3.0,0.0,0.0,0.0,0.0,111.0,1.0,9.0
507c7bdf,488.0,433.0,47.0,15.0,3.0,6.0,36,11.0,17.0,5.0,10.0,0.0,371.0,8.0,13.0
e2dde94c,180.0,167.0,11.0,5.0,3.0,1.0,2,6.0,0.0,0.0,0.0,0.0,137.0,2.0,4.0
8e58987d,308.0,306.0,2.0,2.0,0.0,0.0,0,0.0,0.0,0.0,0.0,0.0,254.0,0.0,6.0
307fcd26,297.0,166.0,131.0,26.0,0.0,0.0,0,0.0,0.0,0.0,0.0,0.0,215.0,0.0,0.0
34c3ec17,291.0,246.0,41.0,24.0,0.0,4.0,17,1.0,16.0,7.0,4.0,2.0,216.0,4.0,3.0
41f32541,69.0,66.0,3.0,3.0,0.0,2.0,1,0.0,0.0,0.0,0.0,0.0,62.0,0.0,1.0
d04d34c4,99.0,91.0,8.0,1.0,0.0,0.0,5,1.0,5.0,5.0,0.0,0.0,86.0,0.0,1.0
1321d6f0,179.0,174.0,5.0,5.0,0.0,2.0,0,0.0,0.0,0.0,0.0,0.0,144.0,0.0,4.0
a5e16eba,218.0,161.0,56.0,6.0,1.0,3.0,1,50.0,0.0,0.0,0.0,0.0,157.0,1.0,3.0
bb17ccd0,203.0,146.0,57.0,3.0,0.0,1.0,12,54.0,0.0,0.0,0.0,0.0,144.0,0.0,11.0
c80c8364,39.0,36.0,3.0,1.0,1.0,1.0,3,0.0,1.0,0.0,0.0,0.0,27.0,0.0,2.0
24f59bb2,158.0,136.0,21.0,0.0,0.0,2.0,4,21.0,0.0,0.0,0.0,0.0,127.0,1.0,7.0
b5920350,61.0,52.0,9.0,1.0,0.0,0.0,6,2.0,6.0,4.0,2.0,0.0,45.0,0.0,1.0
f2428fd4,219.0,166.0,52.0,4.0,1.0,0.0,2,48.0,0.0,0.0,0.0,0.0,172.0,1.0,2.0
82927de4,538.0,508.0,26.0,8.0,4.0,4.0,22,3.0,15.0,5.0,4.0,0.0,430.0,4.0,14.0
e73659d3,181.0,173.0,6.0,1.0,0.0,1.0,5,5.0,0.0,0.0,0.0,0.0,143.0,2.0,8.0
eb3f56e5,103.0,97.0,6.0,6.0,0.0,4.0,0,0.0,0.0,0.0,0.0,0.0,80.0,0.0,0.0
715e5b0e,326.0,276.0,49.0,18.0,0.0,10.0,40,1.0,24.0,11.0,6.0,2.0,236.0,1.0,17.0
33182cb8,171.0,163.0,6.0,0.0,1.0,1.0,1,0.0,0.0,0.0,0.0,0.0,105.0,2.0,5.0
85b4255f,78.0,39.0,37.0,6.0,0.0,0.0,0,0.0,0.0,0.0,0.0,0.0,48.0,2.0,0.0
ceb30355,66.0,52.0,14.0,1.0,0.0,0.0,2,13.0,0.0,0.0,0.0,0.0,37.0,0.0,1.0
2e8fc160,166.0,161.0,5.0,5.0,0.0,3.0,0,0.0,0.0,0.0,0.0,0.0,142.0,0.0,3.0
89cbc961,466.0,447.0,16.0,13.0,1.0,0.0,1,3.0,0.0,0.0,0.0,0.0,390.0,3.0,7.0
0d10333c,231.0,225.0,5.0,5.0,1.0,3.0,1,0.0,0.0,0.0,0.0,0.0,182.0,1.0,2.0
16daec92,372.0,360.0,10.0,1.0,4.0,2.0,13,1.0,8.0,3.0,4.0,0.0,251.0,2.0,10.0
3da8cba0,13.0,12.0,1.0,0.0,0.0,1.0,2,0.0,1.0,0.0,1.0,0.0,6.0,0.0,0.0
f27680d9,53.0,42.0,11.0,4.0,0.0,0.0,2,7.0,0.0,0.0,0.0,0.0,37.0,0.0,1.0
42276181,95.0,88.0,7.0,0.0,0.0,0.0,4,0.0,0.0,0.0,0.0,0.0,80.0,0.0,1.0
4c537d70,34.0,34.0,0.0,0.0,0.0,0.0,0,0.0,0.0,0.0,0.0,0.0,23.0,0.0,0.0
ac3fb1be,224.0,218.0,6.0,6.0,0.0,4.0,1,0.0,0.0,0.0,0.0,0.0,194.0,0.0,3.0
a372a9f2,379.0,363.0,16.0,14.0,2.0,5.0,0,2.0,0.0,0.0,0.0,0.0,325.0,0.0,7.0
ca9da30f,111.0,98.0,11.0,7.0,0.0,3.0,5,0.0,4.0,2.0,0.0,0.0,87.0,2.0,2.0
167c1bb0,414.0,409.0,4.0,4.0,0.0,0.0,0,0.0,0.0,0.0,0.0,0.0,396.0,1.0,0.0
55ae91f0,157.0,111.0,45.0,2.0,0.0,0.0,3,43.0,0.0,0.0,0.0,0.0,123.0,1.0,6.0
fb5d47b3,455.0,363.0,90.0,11.0,0.0,1.0,7,79.0,0.0,0.0,0.0,0.0,365.0,2.0,10.0
aad9c3f3,108.0,96.0,11.0,0.0,1.0,0.0,2,1.0,0.0,0.0,0.0,0.0,74.0,1.0,2.0
ecb68eea,561.0,548.0,7.0,4.0,4.0,2.0,0,3.0,0.0,0.0,0.0,0.0,457.0,6.0,3.0
4c700f46,191.0,182.0,7.0,6.0,0.0,3.0,0,0.0,0.0,0.0,0.0,0.0,163.0,2.0,0.0
e45ee4bc,161.0,158.0,1.0,0.0,1.0,5.0,3,1.0,0.0,0.0,0.0,0.0,133.0,2.0,2.0
ea0ff634,60.0,55.0,5.0,0.0,0.0,1.0,2,0.0,0.0,0.0,0.0,0.0,41.0,0.0,3.0
494bff86,81.0,55.0,26.0,1.0,0.0,0.0,3,25.0,0.0,0.0,0.0,0.0,58.0,0.0,3.0
6186e141,77.0,74.0,3.0,0.0,0.0,0.0,2,0.0,0.0,0.0,0.0,0.0,43.0,0.0,0.0
c5adc293,211.0,169.0,42.0,3.0,0.0,0.0,26,25.0,14.0,2.0,10.0,0.0,165.0,0.0,4.0
8ae07c1c,34.0,13.0,20.0,5.0,0.0,0.0,0,0.0,0.0,0.0,0.0,0.0,22.0,1.0,0.0
7a7f9e0d,109.0,101.0,7.0,0.0,0.0,0.0,1,1.0,0.0,0.0,0.0,0.0,65.0,1.0,4.0
bf721ea0,12.0,11.0,0.0,0.0,0.0,0.0,0,0.0,0.0,0.0,0.0,0.0,10.0,1.0,0.0
16ceb862,309.0,300.0,8.0,1.0,2.0,0.0,1,2.0,0.0,0.0,0.0,0.0,220.0,1.0,6.0
c67b8590,99.0,92.0,6.0,6.0,0.0,3.0,1,0.0,0.0,0.0,0.0,0.0,78.0,1.0,1.0
1232e1dc,111.0,110.0,1.0,1.0,0.0,0.0,0,0.0,0.0,0.0,0.0,0.0,99.0,0.0,0.0
86f9fb71,144.0,132.0,9.0,9.0,0.0,1.0,0,0.0,0.0,0.0,0.0,0.0,104.0,3.0,0.0
51ffa295,330.0,325.0,5.0,5.0,1.0,2.0,11,0.0,0.0,0.0,0.0,0.0,257.0,0.0,9.0
56f6f826,253.0,235.0,17.0,16.0,0.0,4.0,1,1.0,0.0,0.0,0.0,0.0,185.0,1.0,0.0
d6d8582b,3.0,3.0,0.0,0.0,0.0,0.0,0,0.0,0.0,0.0,0.0,0.0,2.0,0.0,0.0
bc6f5f06,515.0,503.0,11.0,9.0,0.0,17.0,0,2.0,0.0,0.0,0.0,0.0,423.0,1.0,6.0
b8c1de25,21.0,19.0,2.0,2.0,0.0,0.0,0,0.0,0.0,0.0,0.0,0.0,16.0,0.0,0.0
d1675302,180.0,142.0,37.0,2.0,0.0,0.0,8,35.0,0.0,0.0,0.0,0.0,140.0,1.0,7.0
42dcf26d,370.0,353.0,13.0,12.0,0.0,2.0,4,1.0,0.0,0.0,0.0,0.0,307.0,4.0,2.0
7cc5bd9c,207.0,197.0,8.0,8.0,0.0,0.0,0,0.0,0.0,0.0,0.0,0.0,182.0,2.0,0.0
83b9c48f,126.0,118.0,7.0,7.0,0.0,0.0,1,0.0,0.0,0.0,0.0,0.0,93.0,1.0,4.0
20c1ef47,16.0,16.0,0.0,0.0,0.0,0.0,0,0.0,0.0,0.0,0.0,0.0,13.0,0.0,0.0
b15780e3,225.0,152.0,72.0,20.0,0.0,0.0,0,0.0,0.0,0.0,0.0,0.0,156.0,1.0,0.0
e373f1ec,73.0,68.0,5.0,3.0,0.0,0.0,3,0.0,2.0,2.0,0.0,0.0,60.0,0.0,0.0
7d974435,323.0,294.0,28.0,16.0,1.0,3.0,15,1.0,11.0,5.0,5.0,0.0,265.0,1.0,3.0
f94eb380,177.0,153.0,24.0,11.0,0.0,3.0,22,2.0,8.0,5.0,2.0,0.0,118.0,0.0,7.0
8b298f56,526.0,482.0,42.0,19.0,0.0,10.0,36,0.0,23.0,17.0,4.0,1.0,398.0,2.0,15.0
62f427bb,169.0,162.0,6.0,6.0,0.0,1.0,2,0.0,0.0,0.0,0.0,0.0,129.0,1.0,3.0
6d470bb6,23.0,23.0,0.0,0.0,0.0,0.0,1,0.0,0.0,0.0,0.0,0.0,20.0,0.0,0.0
a8c62306,25.0,23.0,2.0,0.0,0.0,0.0,1,0.0,1.0,0.0,1.0,0.0,17.0,0.0,0.0
b1f4086c,323.0,271.0,51.0,8.0,0.0,2.0,23,33.0,10.0,5.0,2.0,0.0,253.0,1.0,8.0
ef322658,269.0,241.0,27.0,6.0,2.0,3.0,21,15.0,6.0,3.0,2.0,0.0,221.0,1.0,2.0
0076ab7f,200.0,193.0,7.0,6.0,1.0,1.0,0,0.0,0.0,0.0,0.0,0.0,174.0,0.0,2.0
e6bc67d7,233.0,222.0,10.0,2.0,2.0,0.0,12,2.0,6.0,4.0,1.0,0.0,185.0,1.0,2.0
5ea8ef20,639.0,613.0,26.0,14.0,3.0,8.0,16,3.0,9.0,2.0,3.0,1.0,565.0,0.0,16.0
625869d0,59.0,45.0,14.0,1.0,0.0,0.0,3,13.0,0.0,0.0,0.0,0.0,42.0,0.0,1.0
59d53e8a,76.0,62.0,14.0,0.0,0.0,0.0,7,14.0,0.0,0.0,0.0,0.0,61.0,0.0,1.0
af7e69d1,255.0,197.0,58.0,5.0,0.0,3.0,6,51.0,2.0,2.0,0.0,0.0,185.0,0.0,10.0
8754c7ca,308.0,294.0,14.0,13.0,0.0,5.0,1,1.0,0.0,0.0,0.0,0.0,283.0,0.0,4.0
b686f4c0,86.0,85.0,1.0,0.0,0.0,0.0,1,0.0,0.0,0.0,0.0,0.0,60.0,0.0,2.0
ac1f056e,18.0,17.0,1.0,0.0,0.0,0.0,1,0.0,1.0,1.0,0.0,0.0,15.0,0.0,1.0
82671804,367.0,357.0,8.0,5.0,0.0,2.0,3,3.0,0.0,0.0,0.0,0.0,328.0,2.0,3.0
7bcd6098,54.0,51.0,3.0,2.0,0.0,1.0,0,1.0,0.0,0.0,0.0,0.0,44.0,0.0,0.0
1bcca8b8,214.0,182.0,32.0,12.0,2.0,3.0,30,0.0,20.0,9.0,10.0,0.0,165.0,0.0,0.0
7b8ff0ac,113.0,108.0,3.0,3.0,0.0,0.0,0,0.0,0.0,0.0,0.0,0.0,96.0,2.0,1.0
1f44ac21,1.0,1.0,0.0,0.0,0.0,0.0,0,0.0,0.0,0.0,0.0,0.0,0.0,0.0,0.0
58b154d6,38.0,38.0,0.0,0.0,0.0,0.0,0,0.0,0.0,0.0,0.0,0.0,27.0,0.0,2.0
8696bc90,59.0,53.0,4.0,0.0,1.0,0.0,3,1.0,0.0,0.0,0.0,0.0,43.0,2.0,1.0
e556a911,194.0,181.0,11.0,11.0,0.0,8.0,1,0.0,0.0,0.0,0.0,0.0,155.0,2.0,1.0
92432bc6,277.0,270.0,6.0,0.0,2.0,0.0,7,1.0,5.0,0.0,3.0,0.0,236.0,1.0,5.0
55537f53,174.0,146.0,26.0,7.0,1.0,1.0,32,2.0,15.0,3.0,9.0,0.0,110.0,2.0,3.0
a6b9bd00,35.0,34.0,1.0,1.0,0.0,2.0,2,0.0,0.0,0.0,0.0,0.0,28.0,0.0,0.0
ba115a40,267.0,256.0,10.0,0.0,3.0,0.0,7,0.0,0.0,0.0,0.0,0.0,180.0,1.0,7.0
7d48aed2,47.0,43.0,4.0,2.0,0.0,0.0,2,2.0,0.0,0.0,0.0,0.0,40.0,0.0,0.0
8ff2354e,167.0,122.0,44.0,7.0,0.0,0.0,24,26.0,11.0,3.0,8.0,0.0,111.0,1.0,6.0
74419746,155.0,113.0,42.0,14.0,0.0,0.0,0,0.0,0.0,0.0,0.0,0.0,123.0,0.0,0.0
b6ccdcda,5.0,4.0,1.0,0.0,0.0,0.0,0,1.0,0.0,0.0,0.0,0.0,4.0,0.0,1.0
ebc49727,110.0,105.0,5.0,2.0,1.0,0.0,5,0.0,3.0,2.0,0.0,0.0,75.0,0.0,2.0
b387af71,245.0,192.0,53.0,6.0,0.0,0.0,12,47.0,0.0,0.0,0.0,0.0,178.0,0.0,11.0
5e91ddf8,267.0,177.0,88.0,18.0,0.0,0.0,0,0.0,0.0,0.0,0.0,0.0,151.0,2.0,0.0
bfc5768b,165.0,154.0,11.0,2.0,0.0,0.0,8,1.0,0.0,0.0,0.0,0.0,121.0,0.0,9.0
9ab16552,627.0,595.0,32.0,32.0,2.0,6.0,1,0.0,0.0,0.0,0.0,0.0,533.0,0.0,6.0
8454388c,92.0,64.0,28.0,3.0,0.0,0.0,3,25.0,0.0,0.0,0.0,0.0,70.0,0.0,1.0
fed7cb61,263.0,250.0,11.0,5.0,0.0,5.0,5,1.0,0.0,0.0,0.0,0.0,217.0,2.0,6.0
05a6c38b,67.0,56.0,11.0,0.0,0.0,0.0,6,11.0,0.0,0.0,0.0,0.0,54.0,0.0,4.0
a39bb753,301.0,257.0,43.0,14.0,1.0,4.0,30,4.0,25.0,10.0,7.0,1.0,244.0,1.0,6.0
a69cf944,112.0,92.0,20.0,6.0,3.0,0.0,13,3.0,10.0,6.0,4.0,0.0,63.0,0.0,5.0
ffed43e3,53.0,49.0,4.0,4.0,0.0,1.0,0,0.0,0.0,0.0,0.0,0.0,47.0,0.0,0.0
460976a2,108.0,106.0,2.0,1.0,1.0,1.0,7,1.0,0.0,0.0,0.0,0.0,62.0,0.0,4.0
98554bfd,128.0,124.0,4.0,4.0,0.0,1.0,0,0.0,0.0,0.0,0.0,0.0,112.0,0.0,1.0
6f5ead86,161.0,150.0,11.0,2.0,0.0,3.0,4,9.0,0.0,0.0,0.0,0.0,129.0,0.0,3.0
9c0c2413,301.0,265.0,32.0,19.0,1.0,7.0,20,1.0,10.0,5.0,3.0,0.0,229.0,4.0,6.0
360e3062,217.0,212.0,4.0,4.0,1.0,2.0,2,0.0,0.0,0.0,0.0,0.0,169.0,1.0,4.0
8a08491a,6.0,5.0,1.0,0.0,0.0,0.0,0,0.0,0.0,0.0,0.0,0.0,4.0,0.0,0.0
8a08491a,115.0,101.0,14.0,1.0,0.0,3.0,1,2.0,0.0,0.0,0.0,0.0,97.0,0.0,1.0
080440a4,319.0,304.0,14.0,11.0,1.0,6.0,1,3.0,0.0,0.0,0.0,0.0,233.0,1.0,6.0
27669186,6.0,6.0,0.0,0.0,0.0,0.0,0,0.0,0.0,0.0,0.0,0.0,5.0,0.0,0.0
35cf43aa,118.0,115.0,2.0,0.0,1.0,1.0,0,0.0,0.0,0.0,0.0,0.0,92.0,1.0,3.0
19003991,33.0,30.0,3.0,0.0,0.0,0.0,0,2.0,0.0,0.0,0.0,0.0,25.0,0.0,1.0
692cd6de,200.0,195.0,4.0,4.0,0.0,1.0,0,0.0,0.0,0.0,0.0,0.0,155.0,1.0,0.0
d79a8c87,331.0,322.0,8.0,6.0,0.0,7.0,0,2.0,0.0,0.0,0.0,0.0,307.0,1.0,0.0
e03c2d97,363.0,257.0,105.0,12.0,0.0,4.0,16,93.0,0.0,0.0,0.0,0.0,254.0,1.0,6.0
e248e62f,28.0,27.0,1.0,0.0,0.0,0.0,2,1.0,0.0,0.0,0.0,0.0,22.0,0.0,1.0
d02e0cab,71.0,70.0,1.0,0.0,0.0,0.0,0,0.0,0.0,0.0,0.0,0.0,60.0,0.0,3.0
7d5e2c80,139.0,137.0,2.0,2.0,0.0,2.0,0,0.0,0.0,0.0,0.0,0.0,91.0,0.0,1.0
3f65d5ce,67.0,50.0,17.0,8.0,0.0,0.0,0,0.0,0.0,0.0,0.0,0.0,42.0,0.0,0.0
d1fea02e,277.0,258.0,19.0,18.0,0.0,8.0,0,1.0,0.0,0.0,0.0,0.0,227.0,0.0,0.0
d72f8d9e,294.0,274.0,20.0,16.0,0.0,4.0,0,4.0,0.0,0.0,0.0,0.0,236.0,0.0,2.0
ad3389d5,243.0,192.0,51.0,10.0,0.0,1.0,0,0.0,0.0,0.0,0.0,0.0,218.0,0.0,0.0
fd14b16c,160.0,132.0,28.0,3.0,0.0,1.0,14,25.0,0.0,0.0,0.0,0.0,114.0,0.0,3.0
f2d063ec,102.0,92.0,10.0,3.0,1.0,0.0,4,2.0,5.0,3.0,0.0,0.0,88.0,0.0,0.0
088e6424,192.0,125.0,66.0,15.0,0.0,0.0,0,0.0,0.0,0.0,0.0,0.0,94.0,1.0,0.0
4cc82fe1,37.0,37.0,0.0,0.0,0.0,0.0,0,0.0,0.0,0.0,0.0,0.0,24.0,0.0,1.0
97b87472,45.0,40.0,5.0,3.0,0.0,0.0,0,2.0,0.0,0.0,0.0,0.0,34.0,0.0,1.0
2c8b7022,191.0,183.0,7.0,7.0,0.0,0.0,0,0.0,0.0,0.0,0.0,0.0,113.0,1.0,4.0
15f3ec41,246.0,232.0,12.0,0.0,3.0,4.0,15,4.0,8.0,4.0,0.0,1.0,209.0,2.0,8.0
d14229f3,50.0,45.0,5.0,0.0,0.0,0.0,0,1.0,0.0,0.0,0.0,0.0,36.0,0.0,2.0
3d68d631,299.0,261.0,34.0,7.0,1.0,9.0,42,3.0,23.0,4.0,15.0,2.0,201.0,4.0,5.0
e09436fb,19.0,13.0,6.0,0.0,0.0,0.0,1,6.0,0.0,0.0,0.0,0.0,18.0,0.0,0.0
4f5a953e,105.0,102.0,3.0,3.0,0.0,4.0,0,0.0,0.0,0.0,0.0,0.0,82.0,0.0,3.0
9916979a,118.0,99.0,17.0,7.0,2.0,2.0,19,0.0,10.0,9.0,1.0,0.0,71.0,2.0,6.0
2f3452eb,294.0,238.0,55.0,8.0,0.0,6.0,1,47.0,0.0,0.0,0.0,0.0,250.0,1.0,7.0
947239ca,36.0,36.0,0.0,0.0,0.0,0.0,1,0.0,0.0,0.0,0.0,0.0,24.0,0.0,1.0
ad1ffcfd,192.0,191.0,1.0,1.0,0.0,3.0,1,0.0,0.0,0.0,0.0,0.0,170.0,0.0,4.0
42a55711,52.0,50.0,2.0,0.0,0.0,0.0,2,0.0,0.0,0.0,0.0,0.0,43.0,0.0,2.0
bab077a4,61.0,54.0,7.0,0.0,0.0,0.0,0,0.0,0.0,0.0,0.0,0.0,43.0,0.0,2.0
7825393b,10.0,10.0,0.0,0.0,0.0,0.0,2,0.0,0.0,0.0,0.0,0.0,4.0,0.0,1.0
a64b4786,48.0,46.0,2.0,2.0,0.0,0.0,0,0.0,0.0,0.0,0.0,0.0,45.0,0.0,0.0
8494acc4,251.0,233.0,17.0,10.0,0.0,2.0,3,6.0,1.0,0.0,1.0,0.0,192.0,1.0,5.0
4431aed2,138.0,130.0,8.0,0.0,3.0,1.0,4,1.0,0.0,0.0,0.0,0.0,98.0,0.0,10.0
271b8617,2.0,2.0,0.0,0.0,0.0,0.0,0,0.0,0.0,0.0,0.0,0.0,2.0,0.0,0.0
7d036b4a,167.0,159.0,7.0,0.0,0.0,1.0,7,0.0,6.0,5.0,0.0,0.0,121.0,1.0,6.0
546bb36e,17.0,17.0,0.0,0.0,0.0,0.0,0,0.0,0.0,0.0,0.0,0.0,15.0,0.0,0.0
2f557579,193.0,181.0,10.0,4.0,1.0,2.0,6,3.0,2.0,0.0,0.0,0.0,154.0,2.0,3.0
61bd33d0,100.0,95.0,5.0,1.0,2.0,3.0,3,3.0,1.0,0.0,0.0,0.0,88.0,0.0,2.0
562893c2,233.0,169.0,63.0,4.0,0.0,1.0,7,59.0,0.0,0.0,0.0,0.0,174.0,1.0,3.0
de4517dd,336.0,264.0,68.0,10.0,1.0,4.0,11,58.0,0.0,0.0,0.0,0.0,264.0,4.0,5.0
cf182add,105.0,81.0,24.0,2.0,0.0,0.0,3,22.0,0.0,0.0,0.0,0.0,82.0,0.0,5.0
dbd3a428,20.0,20.0,0.0,0.0,0.0,0.0,2,0.0,0.0,0.0,0.0,0.0,9.0,0.0,1.0
fa14dd4f,153.0,149.0,2.0,0.0,0.0,2.0,9,1.0,1.0,0.0,0.0,0.0,109.0,2.0,8.0
4c82730b,148.0,143.0,4.0,0.0,1.0,0.0,10,1.0,1.0,1.0,0.0,0.0,105.0,1.0,5.0
85f8571a,375.0,336.0,37.0,18.0,2.0,3.0,3,19.0,0.0,0.0,0.0,0.0,290.0,2.0,4.0
6ca5ec4b,310.0,305.0,4.0,0.0,3.0,1.0,15,2.0,2.0,0.0,0.0,0.0,242.0,1.0,14.0
56923ba9,113.0,101.0,12.0,1.0,0.0,0.0,3,11.0,0.0,0.0,0.0,0.0,99.0,0.0,0.0
173db1f4,187.0,180.0,5.0,0.0,1.0,2.0,8,4.0,0.0,0.0,0.0,0.0,142.0,2.0,8.0
d97cccc9,123.0,123.0,0.0,0.0,1.0,2.0,2,0.0,0.0,0.0,0.0,0.0,94.0,0.0,4.0
a98a9189,11.0,6.0,5.0,1.0,0.0,0.0,0,0.0,0.0,0.0,0.0,0.0,8.0,0.0,0.0
7e964a67,27.0,27.0,0.0,0.0,0.0,0.0,1,0.0,0.0,0.0,0.0,0.0,17.0,0.0,1.0
611d68ee,1.0,1.0,0.0,0.0,0.0,0.0,0,0.0,0.0,0.0,0.0,0.0,1.0,0.0,0.0
ce9e8024,111.0,107.0,4.0,4.0,0.0,0.0,0,0.0,0.0,0.0,0.0,0.0,93.0,0.0,0.0
4b751020,55.0,51.0,4.0,2.0,1.0,0.0,3,2.0,0.0,0.0,0.0,0.0,33.0,0.0,4.0
f820504e,134.0,126.0,8.0,5.0,1.0,3.0,0,3.0,0.0,0.0,0.0,0.0,111.0,0.0,0.0
874125a3,192.0,171.0,21.0,3.0,0.0,1.0,5,18.0,0.0,0.0,0.0,0.0,171.0,0.0,3.0
1fa665d0,18.0,18.0,0.0,0.0,0.0,0.0,0,0.0,0.0,0.0,0.0,0.0,15.0,0.0,0.0
21519148,237.0,210.0,23.0,6.0,1.0,1.0,8,7.0,0.0,0.0,0.0,0.0,169.0,4.0,6.0
4a537185,26.0,26.0,0.0,0.0,1.0,0.0,2,0.0,0.0,0.0,0.0,0.0,20.0,0.0,0.0
f9bd541e,169.0,140.0,27.0,2.0,0.0,4.0,8,25.0,0.0,0.0,0.0,0.0,109.0,2.0,8.0
4c5b14d2,299.0,262.0,36.0,8.0,2.0,1.0,23,14.0,14.0,7.0,2.0,0.0,247.0,1.0,2.0
e4a26a91,119.0,119.0,0.0,0.0,0.0,3.0,0,0.0,0.0,0.0,0.0,0.0,100.0,0.0,2.0
9bd73cce,27.0,25.0,2.0,0.0,0.0,0.0,2,2.0,0.0,0.0,0.0,0.0,24.0,0.0,0.0
9bcd6455,58.0,53.0,4.0,2.0,0.0,1.0,1,1.0,0.0,0.0,0.0,0.0,44.0,1.0,2.0
6492ae54,231.0,182.0,49.0,5.0,0.0,0.0,13,44.0,0.0,0.0,0.0,0.0,183.0,0.0,4.0
45db685d,619.0,599.0,18.0,17.0,4.0,2.0,0,1.0,0.0,0.0,0.0,0.0,543.0,2.0,3.0
7f66ea09,43.0,28.0,15.0,5.0,0.0,0.0,0,0.0,0.0,0.0,0.0,0.0,23.0,0.0,0.0
2b65fe46,28.0,26.0,2.0,0.0,0.0,0.0,3,1.0,0.0,0.0,0.0,0.0,22.0,0.0,1.0
0eb03d5b,60.0,57.0,3.0,3.0,0.0,4.0,0,0.0,0.0,0.0,0.0,0.0,49.0,0.0,1.0
4d8cd038,250.0,228.0,20.0,1.0,2.0,3.0,13,2.0,0.0,0.0,0.0,0.0,170.0,2.0,8.0
146f2615,130.0,117.0,11.0,0.0,1.0,1.0,4,11.0,0.0,0.0,0.0,0.0,80.0,2.0,5.0
d83f09ff,194.0,147.0,47.0,4.0,0.0,0.0,13,43.0,0.0,0.0,0.0,0.0,153.0,0.0,10.0
2535e885,156.0,148.0,5.0,5.0,0.0,3.0,0,0.0,0.0,0.0,0.0,0.0,106.0,3.0,5.0
dba67bc4,267.0,232.0,31.0,5.0,2.0,3.0,28,6.0,20.0,11.0,6.0,0.0,171.0,4.0,8.0
13d74bff,158.0,155.0,2.0,0.0,0.0,1.0,12,2.0,0.0,0.0,0.0,0.0,100.0,1.0,2.0
00bc97e8,21.0,20.0,1.0,0.0,0.0,0.0,0,1.0,0.0,0.0,0.0,0.0,12.0,0.0,0.0
0efacb06,80.0,66.0,13.0,0.0,0.0,0.0,9,1.0,0.0,0.0,0.0,0.0,41.0,1.0,5.0
c2c29554,570.0,561.0,7.0,6.0,2.0,2.0,4,1.0,0.0,0.0,0.0,0.0,453.0,2.0,6.0
71d5ca31,421.0,412.0,9.0,9.0,0.0,1.0,0,0.0,0.0,0.0,0.0,0.0,347.0,0.0,2.0
92b17b2a,161.0,146.0,14.0,8.0,0.0,3.0,3,4.0,1.0,1.0,0.0,0.0,135.0,1.0,1.0
150a572c,109.0,82.0,27.0,0.0,0.0,0.0,4,27.0,0.0,0.0,0.0,0.0,70.0,0.0,3.0
bb6c6331,49.0,36.0,11.0,5.0,0.0,0.0,10,0.0,6.0,1.0,5.0,0.0,30.0,2.0,0.0
9f810e29,12.0,11.0,1.0,1.0,0.0,2.0,0,0.0,0.0,0.0,0.0,0.0,8.0,0.0,0.0
b8d22478,226.0,198.0,27.0,8.0,3.0,1.0,37,4.0,15.0,8.0,5.0,1.0,151.0,1.0,8.0
81d3318f,89.0,88.0,1.0,0.0,0.0,2.0,5,1.0,0.0,0.0,0.0,0.0,70.0,0.0,5.0
cc77354e,268.0,253.0,14.0,6.0,0.0,4.0,0,8.0,0.0,0.0,0.0,0.0,235.0,1.0,2.0
b825a650,204.0,182.0,22.0,4.0,2.0,3.0,13,4.0,12.0,5.0,5.0,0.0,161.0,0.0,6.0
a0aa4566,12.0,11.0,1.0,0.0,0.0,0.0,0,1.0,0.0,0.0,0.0,0.0,7.0,0.0,1.0
8455ad90,28.0,28.0,0.0,0.0,0.0,1.0,1,0.0,0.0,0.0,0.0,0.0,23.0,0.0,0.0
b9fbae28,342.0,337.0,2.0,2.0,2.0,4.0,5,0.0,0.0,0.0,0.0,0.0,286.0,3.0,10.0
d717630e,60.0,60.0,0.0,0.0,0.0,0.0,1,0.0,0.0,0.0,0.0,0.0,54.0,0.0,0.0
8b66d9cc,73.0,65.0,7.0,3.0,0.0,1.0,9,1.0,3.0,1.0,2.0,0.0,51.0,1.0,1.0
eec32585,24.0,20.0,4.0,1.0,0.0,0.0,2,0.0,0.0,0.0,0.0,0.0,19.0,0.0,1.0
32e7ce92,164.0,110.0,53.0,12.0,0.0,0.0,0,0.0,0.0,0.0,0.0,0.0,90.0,1.0,0.0
35bd124a,32.0,30.0,2.0,2.0,0.0,0.0,0,0.0,0.0,0.0,0.0,0.0,26.0,0.0,0.0
f99b71de,166.0,163.0,3.0,2.0,0.0,1.0,2,1.0,0.0,0.0,0.0,0.0,144.0,0.0,2.0
d3272fba,4.0,2.0,2.0,0.0,0.0,0.0,0,0.0,0.0,0.0,0.0,0.0,3.0,0.0,0.0
dc52c72f,595.0,485.0,108.0,16.0,1.0,3.0,26,92.0,0.0,0.0,0.0,0.0,446.0,2.0,13.0
b6972deb,156.0,127.0,26.0,3.0,0.0,3.0,5,23.0,0.0,0.0,0.0,0.0,120.0,3.0,2.0
88392398,34.0,29.0,5.0,2.0,0.0,0.0,4,1.0,2.0,0.0,2.0,0.0,26.0,0.0,2.0
316de854,88.0,86.0,2.0,0.0,0.0,0.0,4,2.0,0.0,0.0,0.0,0.0,72.0,0.0,1.0
2fabebc0,41.0,29.0,12.0,2.0,0.0,0.0,0,0.0,0.0,0.0,0.0,0.0,25.0,0.0,0.0
4383b0da,84.0,75.0,8.0,0.0,1.0,3.0,0,1.0,0.0,0.0,0.0,0.0,55.0,1.0,2.0
05e19d6a,105.0,102.0,3.0,3.0,1.0,2.0,3,0.0,0.0,0.0,0.0,0.0,94.0,0.0,1.0
7b66eec0,38.0,35.0,3.0,3.0,0.0,0.0,0,0.0,0.0,0.0,0.0,0.0,37.0,0.0,0.0
bc1ef1f4,40.0,33.0,7.0,0.0,0.0,1.0,4,6.0,1.0,0.0,0.0,0.0,28.0,0.0,0.0
1b09b065,135.0,130.0,5.0,3.0,0.0,0.0,9,1.0,1.0,1.0,0.0,0.0,101.0,0.0,5.0
862fa9fb,96.0,91.0,5.0,5.0,0.0,1.0,0,0.0,0.0,0.0,0.0,0.0,88.0,0.0,0.0
b956af7d,89.0,83.0,5.0,0.0,0.0,0.0,3,0.0,0.0,0.0,0.0,0.0,61.0,1.0,3.0
f70e46e6,38.0,34.0,4.0,1.0,0.0,0.0,0,0.0,0.0,0.0,0.0,0.0,33.0,0.0,0.0
0ad69fd0,53.0,51.0,1.0,1.0,0.0,0.0,0,0.0,0.0,0.0,0.0,0.0,42.0,1.0,0.0
3470f44e,26.0,16.0,10.0,1.0,0.0,0.0,0,0.0,0.0,0.0,0.0,0.0,17.0,0.0,0.0
8b8a56ce,403.0,379.0,23.0,23.0,1.0,4.0,0,0.0,0.0,0.0,0.0,0.0,328.0,1.0,2.0
af8e4246,214.0,201.0,13.0,12.0,0.0,2.0,3,0.0,1.0,1.0,0.0,0.0,173.0,0.0,0.0
ca8033cb,99.0,83.0,16.0,2.0,0.0,0.0,6,14.0,0.0,0.0,0.0,0.0,77.0,0.0,4.0
a2950e2d,169.0,142.0,27.0,12.0,1.0,1.0,20,0.0,14.0,5.0,6.0,0.0,132.0,0.0,2.0
e9356a25,18.0,15.0,3.0,0.0,0.0,0.0,1,3.0,0.0,0.0,0.0,0.0,13.0,0.0,0.0
e82d2807,1.0,1.0,0.0,0.0,0.0,0.0,0,0.0,0.0,0.0,0.0,0.0,1.0,0.0,0.0
0fbecd11,333.0,329.0,2.0,2.0,0.0,4.0,3,0.0,0.0,0.0,0.0,0.0,276.0,2.0,7.0
9fc2531b,83.0,77.0,5.0,0.0,0.0,3.0,1,0.0,0.0,0.0,0.0,0.0,60.0,1.0,1.0
fec5accc,11.0,10.0,0.0,0.0,0.0,0.0,0,0.0,0.0,0.0,0.0,0.0,10.0,1.0,0.0
179d2851,437.0,303.0,132.0,43.0,0.0,2.0,0,0.0,0.0,0.0,0.0,0.0,311.0,2.0,0.0
3935e52e,466.0,376.0,89.0,2.0,0.0,2.0,22,87.0,0.0,0.0,0.0,0.0,352.0,1.0,20.0
4802f157,229.0,163.0,64.0,12.0,0.0,3.0,35,31.0,21.0,8.0,8.0,3.0,144.0,2.0,10.0
7b602cee,157.0,146.0,10.0,1.0,1.0,1.0,3,6.0,0.0,0.0,0.0,0.0,111.0,1.0,2.0
6d3f2898,156.0,123.0,31.0,7.0,0.0,0.0,13,23.0,1.0,0.0,1.0,0.0,106.0,2.0,6.0
5ed9b537,143.0,134.0,9.0,9.0,1.0,1.0,0,0.0,0.0,0.0,0.0,0.0,115.0,0.0,1.0
cce181df,108.0,106.0,2.0,2.0,0.0,3.0,1,0.0,0.0,0.0,0.0,0.0,94.0,0.0,2.0
60fd5334,199.0,194.0,4.0,4.0,0.0,0.0,1,0.0,0.0,0.0,0.0,0.0,139.0,1.0,6.0
5bf476ad,4.0,3.0,1.0,0.0,0.0,0.0,0,0.0,0.0,0.0,0.0,0.0,3.0,0.0,0.0
2580854e,59.0,53.0,6.0,2.0,0.0,0.0,6,2.0,2.0,2.0,0.0,0.0,46.0,0.0,0.0
f5efb153,427.0,402.0,25.0,24.0,0.0,6.0,0,1.0,0.0,0.0,0.0,0.0,379.0,0.0,3.0
b1cd37e6,565.0,430.0,132.0,8.0,0.0,2.0,99,100.0,24.0,7.0,12.0,0.0,360.0,3.0,25.0
da270297,47.0,45.0,2.0,2.0,0.0,0.0,0,0.0,0.0,0.0,0.0,0.0,42.0,0.0,0.0
dc366c36,219.0,131.0,87.0,27.0,0.0,0.0,0,0.0,0.0,0.0,0.0,0.0,101.0,1.0,0.0
da974c7b,371.0,353.0,15.0,13.0,0.0,3.0,0,2.0,0.0,0.0,0.0,0.0,318.0,3.0,1.0
4d1666ff,247.0,233.0,12.0,10.0,1.0,0.0,0,2.0,0.0,0.0,0.0,0.0,182.0,2.0,2.0
114b510e,147.0,115.0,32.0,4.0,0.0,1.0,16,27.0,1.0,0.0,1.0,0.0,125.0,0.0,1.0
79c0821a,782.0,760.0,19.0,15.0,1.0,3.0,1,1.0,0.0,0.0,0.0,0.0,714.0,3.0,9.0
66f5432f,64.0,54.0,9.0,3.0,1.0,2.0,9,1.0,5.0,2.0,3.0,0.0,39.0,1.0,2.0
0538066d,129.0,52.0,75.0,29.0,0.0,0.0,0,0.0,0.0,0.0,0.0,0.0,56.0,2.0,0.0
9d60028d,70.0,68.0,2.0,2.0,0.0,2.0,0,0.0,0.0,0.0,0.0,0.0,62.0,0.0,1.0
e16dd48e,112.0,86.0,25.0,4.0,0.0,0.0,11,17.0,4.0,2.0,0.0,0.0,78.0,1.0,5.0
58640e66,190.0,150.0,37.0,8.0,0.0,1.0,10,27.0,2.0,1.0,1.0,0.0,156.0,3.0,2.0
cd1b2304,77.0,53.0,24.0,6.0,0.0,0.0,0,0.0,0.0,0.0,0.0,0.0,54.0,0.0,0.0
e717705a,168.0,164.0,3.0,3.0,0.0,1.0,5,0.0,0.0,0.0,0.0,0.0,126.0,1.0,8.0
314bdac5,202.0,195.0,7.0,7.0,0.0,1.0,1,0.0,0.0,0.0,0.0,0.0,169.0,0.0,1.0
2249e65b,33.0,33.0,0.0,0.0,0.0,0.0,0,0.0,0.0,0.0,0.0,0.0,30.0,0.0,0.0
b148f34c,60.0,59.0,1.0,0.0,0.0,1.0,7,1.0,0.0,0.0,0.0,0.0,42.0,0.0,2.0
c6dd017b,76.0,75.0,1.0,1.0,0.0,1.0,0,0.0,0.0,0.0,0.0,0.0,66.0,0.0,1.0
b8798a46,135.0,85.0,49.0,20.0,0.0,0.0,0,0.0,0.0,0.0,0.0,0.0,73.0,1.0,0.0
c2dfedeb,63.0,60.0,3.0,2.0,1.0,0.0,1,0.0,1.0,0.0,1.0,0.0,53.0,0.0,0.0
7ab2fee8,313.0,287.0,23.0,11.0,2.0,3.0,11,0.0,12.0,7.0,2.0,0.0,258.0,3.0,2.0
e707e3a7,169.0,164.0,4.0,2.0,0.0,6.0,2,0.0,0.0,0.0,0.0,0.0,127.0,1.0,3.0
1ac58ba6,144.0,127.0,16.0,6.0,0.0,5.0,0,10.0,0.0,0.0,0.0,0.0,113.0,1.0,3.0
292a652a,28.0,27.0,1.0,1.0,0.0,0.0,0,0.0,0.0,0.0,0.0,0.0,19.0,0.0,1.0
27f54333,44.0,43.0,1.0,0.0,0.0,0.0,4,0.0,0.0,0.0,0.0,0.0,25.0,0.0,2.0
9d40ca9c,343.0,326.0,17.0,8.0,0.0,6.0,5,8.0,1.0,0.0,1.0,0.0,279.0,0.0,4.0
245d9bfc,100.0,87.0,11.0,0.0,0.0,1.0,3,1.0,0.0,0.0,0.0,0.0,75.0,2.0,3.0
7b4a8d08,41.0,40.0,1.0,1.0,0.0,0.0,0,0.0,0.0,0.0,0.0,0.0,28.0,0.0,1.0
83534f30,241.0,225.0,16.0,10.0,1.0,9.0,8,0.0,6.0,1.0,3.0,0.0,209.0,0.0,1.0
ef8cafeb,183.0,178.0,5.0,5.0,0.0,4.0,0,0.0,0.0,0.0,0.0,0.0,151.0,0.0,1.0
d4e93bab,195.0,182.0,11.0,4.0,0.0,1.0,5,7.0,0.0,0.0,0.0,0.0,158.0,2.0,4.0
1c639185,41.0,41.0,0.0,0.0,0.0,0.0,0,0.0,0.0,0.0,0.0,0.0,35.0,0.0,0.0
da121b3a,224.0,209.0,13.0,8.0,0.0,13.0,4,3.0,2.0,1.0,1.0,0.0,190.0,2.0,2.0
9dbb75ca,200.0,185.0,13.0,1.0,1.0,2.0,2,0.0,0.0,0.0,0.0,0.0,151.0,2.0,8.0
3bf81c50,28.0,27.0,0.0,0.0,0.0,0.0,0,0.0,0.0,0.0,0.0,0.0,16.0,1.0,0.0
ebca82e8,222.0,193.0,29.0,13.0,0.0,8.0,2,16.0,0.0,0.0,0.0,0.0,166.0,0.0,1.0
c1b7847c,271.0,258.0,10.0,1.0,0.0,2.0,9,9.0,0.0,0.0,0.0,0.0,189.0,3.0,11.0
4aea5077,662.0,547.0,110.0,2.0,0.0,4.0,45,105.0,3.0,0.0,0.0,0.0,493.0,5.0,23.0
bf12926c,39.0,37.0,2.0,0.0,0.0,1.0,2,2.0,0.0,0.0,0.0,0.0,34.0,0.0,0.0
42fe6b05,57.0,56.0,1.0,1.0,0.0,1.0,3,0.0,0.0,0.0,0.0,0.0,46.0,0.0,3.0
3de25195,165.0,146.0,17.0,14.0,0.0,3.0,6,0.0,3.0,3.0,0.0,0.0,131.0,2.0,2.0
e7af9060,64.0,62.0,2.0,0.0,0.0,0.0,1,0.0,0.0,0.0,0.0,0.0,40.0,0.0,3.0
55043155,4.0,2.0,2.0,1.0,0.0,0.0,2,0.0,1.0,1.0,0.0,0.0,1.0,0.0,0.0
8474cb83,41.0,32.0,9.0,0.0,0.0,0.0,1,9.0,0.0,0.0,0.0,0.0,28.0,0.0,1.0
8e088e04,234.0,194.0,38.0,7.0,0.0,1.0,4,31.0,0.0,0.0,0.0,0.0,183.0,2.0,6.0
78af782c,128.0,115.0,13.0,3.0,0.0,1.0,1,10.0,0.0,0.0,0.0,0.0,109.0,0.0,3.0
f26e3c59,238.0,197.0,40.0,1.0,0.0,0.0,19,39.0,0.0,0.0,0.0,0.0,184.0,1.0,5.0
ad6295d4,96.0,81.0,15.0,2.0,1.0,3.0,19,1.0,12.0,6.0,2.0,3.0,67.0,0.0,5.0
7cf431a5,97.0,93.0,3.0,1.0,1.0,1.0,13,1.0,0.0,0.0,0.0,0.0,62.0,1.0,5.0
35375f7c,14.0,13.0,1.0,1.0,0.0,0.0,1,0.0,0.0,0.0,0.0,0.0,10.0,0.0,0.0
4c78b5ed,169.0,154.0,14.0,10.0,1.0,2.0,7,0.0,4.0,3.0,1.0,0.0,137.0,1.0,1.0
2628fd2b,110.0,71.0,39.0,9.0,0.0,1.0,0,0.0,0.0,0.0,0.0,0.0,87.0,0.0,0.0
6f1721f0,183.0,171.0,11.0,0.0,0.0,0.0,16,9.0,1.0,0.0,1.0,0.0,127.0,1.0,4.0
0a0cc13c,61.0,57.0,3.0,0.0,0.0,1.0,4,0.0,0.0,0.0,0.0,0.0,40.0,1.0,2.0
2ba38347,173.0,110.0,62.0,9.0,0.0,1.0,6,52.0,1.0,0.0,1.0,0.0,129.0,1.0,2.0
1b82f8df,188.0,182.0,5.0,5.0,0.0,3.0,2,0.0,0.0,0.0,0.0,0.0,160.0,1.0,4.0
1ec5df8f,50.0,49.0,1.0,1.0,0.0,2.0,0,0.0,0.0,0.0,0.0,0.0,45.0,0.0,0.0
ac290817,102.0,92.0,10.0,0.0,0.0,0.0,13,7.0,3.0,0.0,2.0,0.0,73.0,0.0,5.0
abcfaa50,64.0,56.0,8.0,4.0,0.0,0.0,11,1.0,3.0,3.0,0.0,0.0,41.0,0.0,6.0
6b9f2f3e,42.0,31.0,11.0,0.0,0.0,0.0,1,11.0,0.0,0.0,0.0,0.0,34.0,0.0,1.0
0c09c984,224.0,219.0,4.0,3.0,0.0,4.0,1,1.0,0.0,0.0,0.0,0.0,171.0,1.0,5.0
99b1d0e6,334.0,279.0,53.0,6.0,0.0,1.0,21,47.0,0.0,0.0,0.0,0.0,266.0,2.0,14.0
ad10eae0,77.0,74.0,3.0,3.0,0.0,1.0,1,0.0,0.0,0.0,0.0,0.0,67.0,0.0,1.0
62c7067a,96.0,92.0,4.0,2.0,0.0,1.0,4,2.0,0.0,0.0,0.0,0.0,72.0,0.0,4.0
0e100630,55.0,43.0,11.0,0.0,0.0,0.0,1,11.0,0.0,0.0,0.0,0.0,45.0,1.0,2.0
8e371868,282.0,269.0,11.0,11.0,0.0,2.0,0,0.0,0.0,0.0,0.0,0.0,233.0,2.0,1.0
58f077c0,315.0,169.0,142.0,49.0,0.0,0.0,0,0.0,0.0,0.0,0.0,0.0,135.0,4.0,0.0
2648e18f,243.0,218.0,21.0,8.0,3.0,1.0,18,1.0,12.0,4.0,7.0,0.0,188.0,4.0,7.0
c455a2b2,360.0,358.0,0.0,0.0,0.0,1.0,1,0.0,0.0,0.0,0.0,0.0,309.0,2.0,4.0
d7553721,361.0,346.0,14.0,7.0,3.0,1.0,5,6.0,1.0,1.0,0.0,0.0,306.0,1.0,11.0
e97fd090,447.0,432.0,14.0,4.0,0.0,4.0,2,0.0,0.0,0.0,0.0,0.0,405.0,1.0,5.0
91538ba3,2.0,2.0,0.0,0.0,0.0,0.0,0,0.0,0.0,0.0,0.0,0.0,1.0,0.0,0.0
43b23d3a,80.0,77.0,3.0,1.0,0.0,1.0,8,0.0,2.0,0.0,0.0,0.0,56.0,0.0,5.0
258b0d9b,191.0,165.0,25.0,6.0,0.0,3.0,5,19.0,0.0,0.0,0.0,0.0,156.0,1.0,3.0
20094685,442.0,422.0,18.0,13.0,0.0,2.0,10,2.0,3.0,2.0,1.0,0.0,390.0,2.0,5.0
20b9f052,65.0,51.0,14.0,3.0,0.0,0.0,0,0.0,0.0,0.0,0.0,0.0,54.0,0.0,0.0
6d4d9e18,58.0,50.0,7.0,0.0,0.0,0.0,1,1.0,0.0,0.0,0.0,0.0,34.0,1.0,1.0
98afb06c,32.0,32.0,0.0,0.0,0.0,0.0,5,0.0,0.0,0.0,0.0,0.0,22.0,0.0,3.0
80490d7f,194.0,186.0,8.0,8.0,2.0,1.0,0,0.0,0.0,0.0,0.0,0.0,169.0,0.0,1.0
881cd6be,125.0,115.0,10.0,10.0,1.0,0.0,0,0.0,0.0,0.0,0.0,0.0,114.0,0.0,0.0
b05e2dbd,217.0,171.0,46.0,7.0,1.0,1.0,7,39.0,0.0,0.0,0.0,0.0,173.0,0.0,4.0
b0edd538,154.0,150.0,4.0,3.0,1.0,0.0,1,1.0,0.0,0.0,0.0,0.0,133.0,0.0,2.0
520c318f,124.0,111.0,10.0,2.0,0.0,1.0,0,1.0,0.0,0.0,0.0,0.0,76.0,3.0,3.0
c0e27d1a,457.0,423.0,34.0,32.0,8.0,12.0,2,2.0,0.0,0.0,0.0,0.0,394.0,0.0,0.0
7847ad0c,121.0,73.0,48.0,11.0,0.0,0.0,0,0.0,0.0,0.0,0.0,0.0,67.0,0.0,0.0
f5eedf74,79.0,75.0,4.0,1.0,0.0,0.0,8,2.0,1.0,0.0,1.0,0.0,54.0,0.0,4.0
7fd58fe3,187.0,161.0,25.0,1.0,0.0,4.0,11,23.0,0.0,0.0,0.0,0.0,135.0,1.0,3.0
1978a39a,231.0,219.0,12.0,1.0,1.0,1.0,3,0.0,0.0,0.0,0.0,0.0,157.0,0.0,7.0
76ecfb22,82.0,80.0,2.0,2.0,0.0,2.0,0,0.0,0.0,0.0,0.0,0.0,62.0,0.0,2.0
8a6ab963,340.0,233.0,105.0,23.0,0.0,0.0,0,0.0,0.0,0.0,0.0,0.0,236.0,2.0,0.0
997fff07,99.0,93.0,5.0,4.0,0.0,0.0,0,1.0,0.0,0.0,0.0,0.0,87.0,1.0,0.0
54c9ed15,345.0,292.0,52.0,13.0,0.0,5.0,6,39.0,0.0,0.0,0.0,0.0,265.0,1.0,8.0
d8feae4a,232.0,223.0,8.0,7.0,0.0,4.0,1,1.0,0.0,0.0,0.0,0.0,189.0,1.0,2.0
d8feae4a,136.0,129.0,5.0,5.0,0.0,2.0,0,0.0,0.0,0.0,0.0,0.0,116.0,2.0,0.0
6ec1ddf1,48.0,45.0,3.0,3.0,0.0,0.0,3,0.0,0.0,0.0,0.0,0.0,38.0,0.0,1.0
7be09c86,105.0,102.0,3.0,0.0,0.0,0.0,2,1.0,0.0,0.0,0.0,0.0,74.0,0.0,5.0
13a78e01,256.0,253.0,1.0,1.0,0.0,2.0,0,0.0,0.0,0.0,0.0,0.0,214.0,2.0,5.0
93bf37c5,85.0,79.0,6.0,0.0,1.0,0.0,4,0.0,0.0,0.0,0.0,0.0,62.0,0.0,5.0
7c4740ec,6.0,6.0,0.0,0.0,0.0,0.0,0,0.0,0.0,0.0,0.0,0.0,5.0,0.0,0.0
e3a5814e,488.0,407.0,77.0,2.0,0.0,3.0,13,75.0,0.0,0.0,0.0,0.0,397.0,4.0,11.0
156afd6f,4.0,4.0,0.0,0.0,0.0,0.0,0,0.0,0.0,0.0,0.0,0.0,3.0,0.0,0.0
73fc8cc3,193.0,164.0,27.0,7.0,0.0,0.0,20,10.0,10.0,3.0,5.0,0.0,140.0,2.0,4.0
6d1d3dc3,214.0,206.0,7.0,6.0,0.0,3.0,2,1.0,0.0,0.0,0.0,0.0,185.0,1.0,3.0
6f4e1c93,138.0,92.0,45.0,16.0,0.0,0.0,0,0.0,0.0,0.0,0.0,0.0,89.0,1.0,0.0
16b9d5cf,210.0,194.0,16.0,6.0,0.0,1.0,1,10.0,0.0,0.0,0.0,0.0,188.0,0.0,3.0
d6a889ea,85.0,68.0,17.0,3.0,0.0,0.0,4,14.0,0.0,0.0,0.0,0.0,69.0,0.0,4.0
f47009ce,44.0,36.0,7.0,0.0,0.0,1.0,4,7.0,0.0,0.0,0.0,0.0,34.0,1.0,2.0
48d5bd33,512.0,478.0,31.0,18.0,2.0,4.0,17,0.0,13.0,6.0,5.0,0.0,408.0,3.0,12.0
115b7ab9,2.0,2.0,0.0,0.0,0.0,0.0,0,0.0,0.0,0.0,0.0,0.0,0.0,0.0,0.0
5c97684b,69.0,65.0,3.0,0.0,0.0,0.0,1,3.0,0.0,0.0,0.0,0.0,50.0,1.0,0.0
7e927fda,273.0,252.0,19.0,7.0,0.0,2.0,1,12.0,0.0,0.0,0.0,0.0,235.0,2.0,2.0
1d2d5cc8,29.0,25.0,4.0,0.0,0.0,0.0,0,0.0,0.0,0.0,0.0,0.0,27.0,0.0,0.0
fbd6378b,552.0,526.0,26.0,20.0,1.0,9.0,1,6.0,0.0,0.0,0.0,0.0,510.0,0.0,5.0
7a854622,76.0,73.0,1.0,0.0,1.0,0.0,3,1.0,0.0,0.0,0.0,0.0,54.0,2.0,0.0
62d0dcc5,56.0,49.0,7.0,0.0,0.0,0.0,2,3.0,0.0,0.0,0.0,0.0,41.0,0.0,1.0
133faa84,162.0,155.0,6.0,4.0,0.0,1.0,0,2.0,0.0,0.0,0.0,0.0,146.0,1.0,1.0
9d971f13,258.0,246.0,10.0,6.0,3.0,2.0,6,2.0,1.0,0.0,1.0,0.0,189.0,2.0,11.0
8d7323e8,120.0,118.0,1.0,0.0,1.0,2.0,3,0.0,0.0,0.0,0.0,0.0,78.0,1.0,7.0
e304acd5,120.0,111.0,7.0,5.0,0.0,3.0,2,0.0,2.0,0.0,2.0,0.0,90.0,2.0,3.0
e26f559f,89.0,82.0,7.0,0.0,0.0,1.0,3,7.0,0.0,0.0,0.0,0.0,62.0,0.0,3.0
7fac99d4,265.0,241.0,22.0,8.0,1.0,3.0,14,0.0,9.0,4.0,3.0,0.0,206.0,2.0,9.0
25e8594b,305.0,290.0,15.0,11.0,2.0,12.0,1,2.0,2.0,0.0,0.0,0.0,275.0,0.0,3.0
9139bb12,101.0,97.0,4.0,2.0,2.0,2.0,4,0.0,2.0,0.0,2.0,0.0,85.0,0.0,2.0
717f39e8,11.0,11.0,0.0,0.0,0.0,0.0,0,0.0,0.0,0.0,0.0,0.0,8.0,0.0,1.0
af8ccfb1,128.0,124.0,4.0,3.0,0.0,1.0,0,1.0,0.0,0.0,0.0,0.0,103.0,0.0,4.0
7956236f,19.0,16.0,3.0,0.0,0.0,0.0,0,0.0,0.0,0.0,0.0,0.0,18.0,0.0,0.0
f7036e1c,35.0,32.0,3.0,0.0,0.0,0.0,0,0.0,0.0,0.0,0.0,0.0,28.0,0.0,0.0
675b0427,557.0,540.0,17.0,11.0,0.0,2.0,0,3.0,0.0,0.0,0.0,0.0,479.0,0.0,4.0
d4535821,130.0,100.0,30.0,2.0,0.0,0.0,4,28.0,0.0,0.0,0.0,0.0,112.0,0.0,2.0
4adc7b42,96.0,86.0,10.0,0.0,1.0,0.0,4,8.0,0.0,0.0,0.0,0.0,58.0,0.0,8.0
4adc7b42,113.0,102.0,11.0,0.0,0.0,0.0,6,11.0,0.0,0.0,0.0,0.0,75.0,0.0,10.0
9d689a5b,26.0,26.0,0.0,0.0,0.0,0.0,2,0.0,0.0,0.0,0.0,0.0,16.0,0.0,1.0
5b887c7a,79.0,75.0,2.0,2.0,0.0,1.0,0,0.0,0.0,0.0,0.0,0.0,68.0,2.0,1.0
45f5aa2f,400.0,336.0,63.0,12.0,0.0,2.0,11,51.0,0.0,0.0,0.0,0.0,342.0,1.0,7.0
781cff03,17.0,13.0,4.0,0.0,0.0,0.0,0,0.0,0.0,0.0,0.0,0.0,13.0,0.0,0.0
1adcf39e,78.0,78.0,0.0,0.0,0.0,0.0,0,0.0,0.0,0.0,0.0,0.0,69.0,0.0,0.0
644faf10,85.0,80.0,5.0,4.0,1.0,1.0,0,1.0,0.0,0.0,0.0,0.0,72.0,0.0,0.0
e7ec3c71,237.0,235.0,1.0,1.0,0.0,2.0,0,0.0,0.0,0.0,0.0,0.0,208.0,1.0,4.0
52fdf512,179.0,170.0,9.0,7.0,0.0,2.0,0,2.0,0.0,0.0,0.0,0.0,138.0,0.0,1.0
005ca692,42.0,37.0,5.0,5.0,0.0,0.0,0,0.0,0.0,0.0,0.0,0.0,37.0,0.0,2.0
d06ae2ba,47.0,44.0,3.0,1.0,0.0,0.0,9,0.0,0.0,0.0,0.0,0.0,28.0,0.0,2.0
ac7d7378,45.0,43.0,2.0,1.0,0.0,0.0,0,1.0,0.0,0.0,0.0,0.0,31.0,0.0,1.0
94d628b1,32.0,32.0,0.0,0.0,0.0,0.0,0,0.0,0.0,0.0,0.0,0.0,21.0,0.0,0.0
f3a97d02,183.0,112.0,70.0,15.0,0.0,1.0,0,0.0,0.0,0.0,0.0,0.0,108.0,1.0,0.0
6800f515,491.0,447.0,42.0,17.0,1.0,3.0,29,2.0,23.0,5.0,16.0,0.0,409.0,2.0,11.0
0a6dbbf7,112.0,107.0,4.0,4.0,0.0,0.0,0,0.0,0.0,0.0,0.0,0.0,94.0,1.0,0.0
563a68ad,344.0,335.0,8.0,7.0,2.0,3.0,0,1.0,0.0,0.0,0.0,0.0,302.0,1.0,8.0
692e9958,63.0,57.0,6.0,2.0,0.0,2.0,0,4.0,0.0,0.0,0.0,0.0,53.0,0.0,0.0
e66e4ddc,312.0,234.0,77.0,9.0,1.0,1.0,11,68.0,0.0,0.0,0.0,0.0,210.0,1.0,10.0
f346787e,244.0,186.0,56.0,6.0,1.0,1.0,16,50.0,0.0,0.0,0.0,0.0,156.0,2.0,9.0
70c52749,202.0,152.0,50.0,2.0,0.0,1.0,11,44.0,4.0,4.0,0.0,0.0,150.0,0.0,8.0
758da372,148.0,126.0,22.0,1.0,0.0,0.0,10,21.0,0.0,0.0,0.0,0.0,118.0,0.0,1.0
bf97c188,322.0,307.0,14.0,4.0,0.0,2.0,1,10.0,0.0,0.0,0.0,0.0,275.0,1.0,3.0
9413b19f,188.0,128.0,60.0,14.0,0.0,0.0,0,0.0,0.0,0.0,0.0,0.0,140.0,0.0,0.0
3640af28,162.0,143.0,19.0,4.0,0.0,1.0,3,15.0,0.0,0.0,0.0,0.0,134.0,0.0,0.0
99a4bb79,5.0,5.0,0.0,0.0,0.0,0.0,0,0.0,0.0,0.0,0.0,0.0,2.0,0.0,0.0
89b2c8a9,154.0,126.0,28.0,3.0,3.0,1.0,22,2.0,17.0,6.0,7.0,0.0,105.0,0.0,7.0
7c4243d4,458.0,447.0,11.0,10.0,2.0,3.0,2,0.0,1.0,1.0,0.0,0.0,408.0,0.0,4.0
8229a21c,149.0,145.0,4.0,3.0,0.0,0.0,1,1.0,0.0,0.0,0.0,0.0,119.0,0.0,0.0
ce492295,268.0,263.0,5.0,5.0,0.0,5.0,0,0.0,0.0,0.0,0.0,0.0,227.0,0.0,3.0
4d425e6e,293.0,289.0,2.0,2.0,1.0,2.0,2,0.0,0.0,0.0,0.0,0.0,245.0,2.0,3.0
85d5ccdb,83.0,70.0,13.0,3.0,0.0,0.0,16,2.0,7.0,7.0,0.0,0.0,58.0,0.0,4.0
8a387393,8.0,5.0,3.0,0.0,0.0,0.0,2,1.0,2.0,1.0,1.0,0.0,5.0,0.0,1.0
b2484b77,157.0,143.0,13.0,4.0,0.0,0.0,13,4.0,5.0,1.0,0.0,0.0,101.0,1.0,14.0
d3bd981b,275.0,240.0,35.0,14.0,0.0,4.0,8,21.0,0.0,0.0,0.0,0.0,224.0,0.0,2.0
5b6cf07c,47.0,44.0,2.0,0.0,0.0,0.0,2,0.0,0.0,0.0,0.0,0.0,26.0,1.0,2.0
85613cf0,96.0,93.0,3.0,0.0,1.0,1.0,0,0.0,0.0,0.0,0.0,0.0,70.0,0.0,4.0
4e6dbac4,224.0,221.0,2.0,1.0,2.0,1.0,4,1.0,0.0,0.0,0.0,0.0,161.0,1.0,5.0
746b64a7,28.0,26.0,2.0,2.0,0.0,0.0,0,0.0,0.0,0.0,0.0,0.0,21.0,0.0,0.0
0b90bb97,79.0,76.0,3.0,0.0,1.0,1.0,1,0.0,0.0,0.0,0.0,0.0,65.0,0.0,3.0
f833a830,147.0,141.0,6.0,1.0,0.0,0.0,3,1.0,3.0,3.0,0.0,0.0,109.0,0.0,3.0
314f2124,102.0,100.0,2.0,2.0,0.0,0.0,0,0.0,0.0,0.0,0.0,0.0,96.0,0.0,0.0
390ab439,116.0,113.0,3.0,3.0,0.0,2.0,0,0.0,0.0,0.0,0.0,0.0,113.0,0.0,0.0
c6ac6579,38.0,31.0,7.0,0.0,0.0,0.0,0,0.0,0.0,0.0,0.0,0.0,30.0,0.0,1.0
dd0daf32,434.0,387.0,46.0,6.0,3.0,0.0,30,14.0,26.0,2.0,7.0,0.0,338.0,1.0,19.0
7df95c14,87.0,52.0,35.0,2.0,0.0,0.0,4,32.0,1.0,1.0,0.0,0.0,64.0,0.0,2.0
06fee814,25.0,24.0,1.0,0.0,0.0,1.0,0,0.0,0.0,0.0,0.0,0.0,21.0,0.0,0.0
25b74470,26.0,22.0,4.0,0.0,0.0,0.0,1,4.0,0.0,0.0,0.0,0.0,20.0,0.0,3.0
d57d680c,95.0,90.0,5.0,5.0,0.0,1.0,0,0.0,0.0,0.0,0.0,0.0,86.0,0.0,0.0
d4cb83cc,525.0,476.0,49.0,7.0,0.0,1.0,5,42.0,0.0,0.0,0.0,0.0,451.0,0.0,9.0
bc5b5be5,82.0,80.0,2.0,1.0,0.0,0.0,7,0.0,0.0,0.0,0.0,0.0,51.0,0.0,6.0
c43e5e7e,60.0,54.0,6.0,0.0,2.0,0.0,1,0.0,0.0,0.0,0.0,0.0,41.0,0.0,3.0
bfae110f,56.0,53.0,3.0,0.0,0.0,1.0,0,1.0,0.0,0.0,0.0,0.0,45.0,0.0,2.0
129af0db,50.0,49.0,1.0,0.0,0.0,0.0,1,0.0,0.0,0.0,0.0,0.0,40.0,0.0,1.0
ef88f778,123.0,114.0,8.0,1.0,0.0,1.0,4,3.0,0.0,0.0,0.0,0.0,90.0,1.0,6.0
81f0781e,279.0,260.0,18.0,1.0,3.0,5.0,10,3.0,0.0,0.0,0.0,0.0,224.0,1.0,5.0
b675e328,14.0,14.0,0.0,0.0,0.0,0.0,1,0.0,0.0,0.0,0.0,0.0,9.0,0.0,0.0
e85ec097,115.0,108.0,7.0,1.0,1.0,3.0,10,0.0,6.0,1.0,2.0,2.0,89.0,0.0,7.0
a0255c67,266.0,263.0,3.0,2.0,0.0,4.0,4,1.0,0.0,0.0,0.0,0.0,230.0,0.0,4.0
ff579c7e,60.0,59.0,1.0,1.0,0.0,1.0,1,0.0,0.0,0.0,0.0,0.0,45.0,0.0,0.0
3aa4a3be,77.0,66.0,11.0,0.0,0.0,1.0,3,2.0,0.0,0.0,0.0,0.0,61.0,0.0,2.0
1c37137f,70.0,66.0,4.0,1.0,0.0,0.0,9,0.0,3.0,0.0,2.0,0.0,46.0,0.0,1.0
f95cb908,153.0,147.0,2.0,0.0,0.0,1.0,0,0.0,0.0,0.0,0.0,0.0,88.0,4.0,3.0
fb517645,28.0,27.0,1.0,0.0,0.0,1.0,2,1.0,0.0,0.0,0.0,0.0,12.0,0.0,1.0
e726e11e,85.0,76.0,7.0,3.0,1.0,0.0,10,1.0,3.0,0.0,3.0,0.0,65.0,2.0,3.0
e726e11e,30.0,29.0,1.0,0.0,0.0,0.0,2,0.0,1.0,1.0,0.0,0.0,26.0,0.0,1.0
94d260aa,193.0,173.0,20.0,19.0,0.0,7.0,1,1.0,0.0,0.0,0.0,0.0,158.0,0.0,2.0
82988fd8,9.0,7.0,2.0,0.0,0.0,0.0,2,1.0,1.0,0.0,0.0,0.0,5.0,0.0,0.0
29e33bf3,56.0,50.0,6.0,1.0,0.0,0.0,16,0.0,3.0,3.0,0.0,0.0,31.0,0.0,5.0
ac73ec79,265.0,207.0,57.0,4.0,0.0,4.0,19,53.0,0.0,0.0,0.0,0.0,180.0,1.0,11.0
1295552e,307.0,240.0,67.0,4.0,0.0,2.0,9,63.0,0.0,0.0,0.0,0.0,215.0,0.0,14.0
5e1df051,41.0,39.0,2.0,0.0,0.0,1.0,1,2.0,0.0,0.0,0.0,0.0,33.0,0.0,1.0
a275b145,37.0,36.0,1.0,1.0,0.0,0.0,0,0.0,0.0,0.0,0.0,0.0,30.0,0.0,1.0
eb8b2a35,162.0,138.0,23.0,8.0,0.0,1.0,18,4.0,10.0,5.0,5.0,0.0,115.0,1.0,7.0
fb2c533b,105.0,100.0,3.0,1.0,0.0,0.0,0,1.0,0.0,0.0,0.0,0.0,84.0,2.0,3.0
eb2fe5b6,72.0,70.0,2.0,0.0,0.0,0.0,2,0.0,0.0,0.0,0.0,0.0,55.0,0.0,1.0
bb19da7c,54.0,52.0,2.0,0.0,0.0,0.0,4,2.0,0.0,0.0,0.0,0.0,36.0,0.0,1.0
91899ca8,51.0,44.0,7.0,6.0,0.0,1.0,0,1.0,0.0,0.0,0.0,0.0,47.0,0.0,0.0
dca7b0fb,1.0,1.0,0.0,0.0,0.0,0.0,0,0.0,0.0,0.0,0.0,0.0,1.0,0.0,0.0
a2abe631,90.0,62.0,28.0,8.0,0.0,0.0,0,0.0,0.0,0.0,0.0,0.0,59.0,0.0,0.0
059a0231,72.0,70.0,1.0,1.0,1.0,0.0,4,0.0,0.0,0.0,0.0,0.0,48.0,1.0,2.0
3f2d59fe,294.0,273.0,20.0,14.0,0.0,5.0,1,6.0,0.0,0.0,0.0,0.0,235.0,1.0,2.0
f2eaebe9,88.0,77.0,10.0,2.0,0.0,0.0,10,2.0,6.0,5.0,1.0,0.0,59.0,1.0,7.0
dc29b608,173.0,126.0,46.0,12.0,0.0,0.0,0,0.0,0.0,0.0,0.0,0.0,107.0,1.0,1.0
1d5cab82,125.0,121.0,2.0,1.0,0.0,0.0,2,1.0,0.0,0.0,0.0,0.0,97.0,2.0,4.0
30d4a2e5,433.0,309.0,121.0,15.0,1.0,1.0,31,106.0,0.0,0.0,0.0,0.0,319.0,3.0,18.0
c459a650,447.0,340.0,103.0,9.0,1.0,3.0,21,93.0,0.0,0.0,0.0,0.0,347.0,4.0,6.0
441197b8,345.0,335.0,9.0,7.0,0.0,1.0,5,2.0,0.0,0.0,0.0,0.0,295.0,1.0,5.0
4574720b,159.0,154.0,3.0,0.0,2.0,1.0,1,2.0,0.0,0.0,0.0,0.0,99.0,2.0,8.0
77f278a0,42.0,40.0,2.0,0.0,0.0,0.0,0,0.0,0.0,0.0,0.0,0.0,33.0,0.0,2.0
60c81972,150.0,120.0,30.0,0.0,0.0,0.0,5,30.0,0.0,0.0,0.0,0.0,100.0,0.0,7.0
4b6960d2,107.0,81.0,25.0,1.0,0.0,0.0,6,24.0,0.0,0.0,0.0,0.0,89.0,1.0,3.0
48e4c485,92.0,88.0,4.0,2.0,0.0,1.0,2,1.0,1.0,0.0,1.0,0.0,77.0,0.0,0.0
1f9328da,95.0,95.0,0.0,0.0,0.0,0.0,2,0.0,0.0,0.0,0.0,0.0,76.0,0.0,3.0
f8280175,120.0,99.0,21.0,6.0,0.0,0.0,6,15.0,0.0,0.0,0.0,0.0,94.0,0.0,5.0
15e9c7e6,185.0,169.0,15.0,1.0,1.0,2.0,12,7.0,7.0,1.0,3.0,0.0,135.0,1.0,6.0
6c6e2719,132.0,98.0,34.0,2.0,0.0,2.0,18,26.0,6.0,3.0,3.0,0.0,89.0,0.0,4.0
27fc233a,59.0,45.0,12.0,2.0,0.0,0.0,1,10.0,0.0,0.0,0.0,0.0,47.0,2.0,0.0
ed560575,279.0,226.0,52.0,7.0,0.0,21.0,25,45.0,0.0,0.0,0.0,0.0,187.0,1.0,5.0
c44a1d58,191.0,184.0,6.0,5.0,1.0,5.0,1,0.0,0.0,0.0,0.0,0.0,174.0,1.0,0.0
3f10bd22,404.0,332.0,69.0,5.0,1.0,1.0,36,64.0,0.0,0.0,0.0,0.0,303.0,3.0,9.0
960acc0a,83.0,79.0,3.0,1.0,0.0,0.0,0,1.0,0.0,0.0,0.0,0.0,75.0,1.0,1.0
199cd404,149.0,148.0,1.0,0.0,0.0,0.0,16,1.0,0.0,0.0,0.0,0.0,103.0,0.0,8.0
244a31b9,213.0,204.0,9.0,8.0,0.0,3.0,0,1.0,0.0,0.0,0.0,0.0,175.0,0.0,3.0
b69c4388,212.0,175.0,37.0,13.0,0.0,3.0,1,24.0,0.0,0.0,0.0,0.0,152.0,0.0,2.0
c3b6fa1e,135.0,132.0,3.0,0.0,0.0,0.0,14,3.0,0.0,0.0,0.0,0.0,84.0,0.0,8.0
a9dc785c,188.0,94.0,94.0,23.0,0.0,1.0,0,0.0,0.0,0.0,0.0,0.0,115.0,0.0,2.0
953597a1,306.0,290.0,15.0,14.0,0.0,3.0,0,1.0,0.0,0.0,0.0,0.0,278.0,1.0,0.0
98d5ecc2,243.0,231.0,12.0,11.0,0.0,6.0,0,1.0,0.0,0.0,0.0,0.0,211.0,0.0,0.0
fc1cf07a,499.0,483.0,14.0,12.0,0.0,9.0,3,2.0,0.0,0.0,0.0,0.0,398.0,2.0,3.0
86012f0e,57.0,54.0,3.0,0.0,0.0,0.0,4,3.0,0.0,0.0,0.0,0.0,40.0,0.0,9.0
2054d037,109.0,100.0,7.0,0.0,0.0,1.0,5,2.0,1.0,0.0,0.0,0.0,68.0,2.0,7.0
06e5b0e4,369.0,346.0,21.0,18.0,0.0,8.0,0,3.0,0.0,0.0,0.0,0.0,281.0,2.0,8.0
35862524,82.0,78.0,3.0,2.0,0.0,2.0,4,1.0,0.0,0.0,0.0,0.0,61.0,1.0,2.0
a53649b7,52.0,50.0,1.0,0.0,0.0,0.0,2,0.0,0.0,0.0,0.0,0.0,40.0,1.0,3.0
b2d0ec1b,65.0,60.0,5.0,1.0,0.0,1.0,1,3.0,1.0,1.0,0.0,0.0,49.0,0.0,1.0
b3e4a674,69.0,47.0,21.0,0.0,0.0,0.0,1,21.0,0.0,0.0,0.0,0.0,49.0,1.0,6.0
819a94a2,52.0,49.0,3.0,3.0,0.0,1.0,0,0.0,0.0,0.0,0.0,0.0,47.0,0.0,0.0
6554bb97,216.0,213.0,3.0,2.0,0.0,1.0,5,1.0,0.0,0.0,0.0,0.0,165.0,0.0,3.0
6043997c,35.0,35.0,0.0,0.0,0.0,1.0,0,0.0,0.0,0.0,0.0,0.0,32.0,0.0,0.0
a08b974a,115.0,98.0,17.0,0.0,1.0,2.0,8,15.0,0.0,0.0,0.0,0.0,82.0,0.0,3.0
1e9bde92,214.0,127.0,87.0,21.0,0.0,0.0,0,0.0,0.0,0.0,0.0,0.0,131.0,0.0,0.0
6a479195,152.0,142.0,9.0,0.0,0.0,0.0,1,0.0,0.0,0.0,0.0,0.0,111.0,1.0,7.0
24c1439d,3.0,3.0,0.0,0.0,0.0,0.0,0,0.0,0.0,0.0,0.0,0.0,2.0,0.0,0.0
beec76cc,131.0,127.0,2.0,0.0,0.0,1.0,13,1.0,1.0,0.0,0.0,0.0,81.0,2.0,10.0
ae44e8e2,367.0,337.0,26.0,13.0,6.0,6.0,25,2.0,10.0,3.0,3.0,1.0,248.0,4.0,24.0
fa73ccc7,160.0,158.0,1.0,1.0,1.0,0.0,5,0.0,0.0,0.0,0.0,0.0,129.0,1.0,7.0
e81f0356,260.0,254.0,6.0,6.0,0.0,2.0,0,0.0,0.0,0.0,0.0,0.0,226.0,0.0,2.0
e90dc1d5,40.0,39.0,1.0,0.0,1.0,0.0,1,1.0,0.0,0.0,0.0,0.0,30.0,0.0,5.0
8652a85c,2.0,2.0,0.0,0.0,0.0,0.0,0,0.0,0.0,0.0,0.0,0.0,2.0,0.0,0.0
edd20aef,171.0,137.0,32.0,3.0,0.0,5.0,1,29.0,0.0,0.0,0.0,0.0,109.0,2.0,3.0
20030c06,218.0,206.0,11.0,11.0,0.0,1.0,0,0.0,0.0,0.0,0.0,0.0,174.0,1.0,0.0
ee950928,326.0,296.0,29.0,9.0,0.0,3.0,24,6.0,14.0,5.0,2.0,0.0,225.0,1.0,16.0
35c54115,208.0,199.0,8.0,8.0,1.0,2.0,1,0.0,0.0,0.0,0.0,0.0,167.0,1.0,0.0
243f4a0b,198.0,193.0,4.0,4.0,0.0,4.0,0,0.0,0.0,0.0,0.0,0.0,171.0,1.0,2.0
367d7444,146.0,143.0,3.0,3.0,0.0,1.0,1,0.0,0.0,0.0,0.0,0.0,136.0,0.0,1.0
9e49c320,0.0,0.0,0.0,0.0,0.0,0.0,0,0.0,0.0,0.0,0.0,0.0,0.0,0.0,0.0
ed90babd,54.0,52.0,2.0,0.0,2.0,2.0,4,0.0,2.0,2.0,0.0,0.0,38.0,0.0,2.0
952e0df2,210.0,173.0,36.0,3.0,0.0,0.0,14,33.0,0.0,0.0,0.0,0.0,164.0,1.0,2.0
a165a577,28.0,22.0,6.0,1.0,0.0,0.0,0,0.0,0.0,0.0,0.0,0.0,26.0,0.0,0.0
3ef0af0d,133.0,127.0,5.0,4.0,0.0,2.0,3,1.0,0.0,0.0,0.0,0.0,101.0,1.0,3.0
16380240,473.0,443.0,29.0,12.0,0.0,1.0,13,1.0,15.0,3.0,1.0,1.0,414.0,1.0,7.0
a8f41212,87.0,66.0,21.0,4.0,0.0,0.0,9,1.0,10.0,5.0,2.0,1.0,70.0,0.0,1.0
88b5445c,80.0,50.0,30.0,12.0,0.0,0.0,0,0.0,0.0,0.0,0.0,0.0,53.0,0.0,0.0
d8c679be,231.0,222.0,9.0,5.0,0.0,1.0,3,1.0,2.0,1.0,0.0,0.0,184.0,0.0,3.0
29d8ad3f,270.0,249.0,19.0,17.0,0.0,8.0,0,2.0,0.0,0.0,0.0,0.0,227.0,2.0,3.0
962e54cb,26.0,25.0,1.0,1.0,0.0,0.0,3,0.0,0.0,0.0,0.0,0.0,13.0,0.0,2.0
88062e83,112.0,108.0,3.0,2.0,0.0,1.0,3,1.0,0.0,0.0,0.0,0.0,94.0,1.0,4.0
19f8e480,146.0,115.0,31.0,0.0,1.0,1.0,8,31.0,0.0,0.0,0.0,0.0,110.0,0.0,6.0
e0bc6fdc,874.0,742.0,131.0,20.0,0.0,1.0,34,110.0,1.0,0.0,0.0,0.0,763.0,1.0,18.0
831cf3ac,187.0,181.0,4.0,4.0,1.0,4.0,2,0.0,0.0,0.0,0.0,0.0,119.0,2.0,3.0
8ed1d91b,95.0,82.0,13.0,1.0,0.0,0.0,0,12.0,0.0,0.0,0.0,0.0,75.0,0.0,2.0
da617483,221.0,215.0,6.0,6.0,0.0,3.0,0,0.0,0.0,0.0,0.0,0.0,193.0,0.0,2.0
b682dcf6,565.0,547.0,18.0,17.0,1.0,5.0,0,1.0,0.0,0.0,0.0,0.0,518.0,0.0,3.0
e1bbb68d,140.0,137.0,2.0,2.0,1.0,2.0,4,0.0,0.0,0.0,0.0,0.0,122.0,1.0,2.0
dff153a4,334.0,287.0,47.0,28.0,3.0,10.0,18,1.0,18.0,4.0,12.0,1.0,279.0,0.0,2.0
7460ca0d,471.0,419.0,50.0,29.0,6.0,6.0,23,0.0,21.0,6.0,11.0,1.0,404.0,2.0,4.0
ed5886d2,134.0,126.0,8.0,4.0,0.0,2.0,2,2.0,0.0,0.0,0.0,0.0,105.0,0.0,2.0
4c5039bd,143.0,85.0,58.0,7.0,0.0,0.0,0,0.0,0.0,0.0,0.0,0.0,106.0,0.0,0.0
62b7d469,87.0,84.0,2.0,2.0,0.0,1.0,1,0.0,0.0,0.0,0.0,0.0,68.0,1.0,1.0
f7223718,29.0,29.0,0.0,0.0,0.0,0.0,2,0.0,0.0,0.0,0.0,0.0,25.0,0.0,1.0
00672021,126.0,120.0,6.0,4.0,0.0,3.0,1,1.0,1.0,0.0,1.0,0.0,114.0,0.0,0.0
53070b63,149.0,139.0,9.0,2.0,0.0,0.0,1,7.0,0.0,0.0,0.0,0.0,129.0,1.0,4.0
b7ca5c51,227.0,217.0,10.0,10.0,0.0,4.0,0,0.0,0.0,0.0,0.0,0.0,184.0,0.0,1.0
f0e3b343,64.0,54.0,10.0,1.0,0.0,1.0,0,0.0,0.0,0.0,0.0,0.0,49.0,0.0,3.0
58ae47b2,266.0,216.0,48.0,14.0,2.0,4.0,49,5.0,27.0,7.0,17.0,0.0,188.0,2.0,3.0
b921a3aa,11.0,11.0,0.0,0.0,2.0,0.0,0,0.0,0.0,0.0,0.0,0.0,9.0,0.0,0.0
63f04c6c,369.0,315.0,53.0,2.0,2.0,0.0,34,51.0,0.0,0.0,0.0,0.0,267.0,1.0,14.0
3ca7254a,583.0,563.0,19.0,3.0,2.0,4.0,27,4.0,12.0,2.0,6.0,4.0,474.0,1.0,14.0
b8a6bf56,172.0,136.0,35.0,2.0,0.0,0.0,7,33.0,0.0,0.0,0.0,0.0,135.0,1.0,6.0
b684a484,23.0,21.0,2.0,0.0,0.0,0.0,0,0.0,0.0,0.0,0.0,0.0,19.0,0.0,0.0
157c5e0b,125.0,120.0,5.0,0.0,0.0,0.0,1,1.0,0.0,0.0,0.0,0.0,98.0,0.0,2.0
76806215,126.0,86.0,39.0,9.0,0.0,0.0,0,0.0,0.0,0.0,0.0,0.0,91.0,1.0,0.0
33bd3dae,136.0,114.0,22.0,9.0,0.0,0.0,15,1.0,10.0,2.0,7.0,0.0,100.0,0.0,3.0
c906ce0f,165.0,155.0,10.0,9.0,0.0,6.0,0,1.0,0.0,0.0,0.0,0.0,135.0,0.0,1.0
3519df17,316.0,254.0,62.0,9.0,0.0,3.0,11,53.0,0.0,0.0,0.0,0.0,256.0,0.0,10.0
def6943f,64.0,59.0,4.0,2.0,0.0,1.0,4,1.0,1.0,1.0,0.0,0.0,53.0,1.0,2.0
f45eb18d,333.0,308.0,24.0,11.0,3.0,2.0,15,1.0,12.0,4.0,7.0,0.0,260.0,1.0,5.0
b9814dcc,5.0,5.0,0.0,0.0,0.0,0.0,1,0.0,0.0,0.0,0.0,0.0,3.0,0.0,1.0
121101a4,113.0,107.0,6.0,6.0,0.0,1.0,0,0.0,0.0,0.0,0.0,0.0,96.0,0.0,1.0
6fe90922,190.0,180.0,10.0,1.0,0.0,1.0,17,9.0,0.0,0.0,0.0,0.0,132.0,0.0,8.0
51a56075,138.0,133.0,5.0,5.0,0.0,3.0,0,0.0,0.0,0.0,0.0,0.0,119.0,0.0,0.0
c08fc464,273.0,231.0,35.0,16.0,0.0,12.0,24,1.0,16.0,8.0,7.0,0.0,208.0,7.0,5.0
24228180,197.0,190.0,7.0,1.0,3.0,2.0,4,0.0,0.0,0.0,0.0,0.0,116.0,0.0,8.0
17145c90,497.0,423.0,74.0,3.0,0.0,1.0,16,71.0,0.0,0.0,0.0,0.0,415.0,0.0,4.0
7214c684,181.0,173.0,7.0,7.0,0.0,1.0,1,0.0,0.0,0.0,0.0,0.0,150.0,1.0,0.0
74bafc9c,28.0,27.0,1.0,0.0,0.0,0.0,0,1.0,0.0,0.0,0.0,0.0,21.0,0.0,2.0
94130fc4,12.0,12.0,0.0,0.0,0.0,0.0,1,0.0,0.0,0.0,0.0,0.0,10.0,0.0,0.0
32c0491f,219.0,160.0,58.0,7.0,0.0,3.0,7,51.0,0.0,0.0,0.0,0.0,162.0,1.0,8.0
af686bed,11.0,11.0,0.0,0.0,0.0,0.0,2,0.0,0.0,0.0,0.0,0.0,9.0,0.0,0.0
7c224498,119.0,91.0,28.0,3.0,0.0,0.0,8,25.0,0.0,0.0,0.0,0.0,84.0,0.0,8.0
96094cbc,202.0,173.0,29.0,10.0,1.0,2.0,28,3.0,16.0,5.0,8.0,0.0,160.0,0.0,6.0
516dc25b,119.0,117.0,2.0,0.0,0.0,2.0,1,0.0,2.0,1.0,0.0,0.0,103.0,0.0,2.0
cc41eec1,112.0,88.0,23.0,1.0,0.0,0.0,13,22.0,0.0,0.0,0.0,0.0,66.0,1.0,2.0
7fcc71d8,240.0,229.0,9.0,3.0,1.0,2.0,10,5.0,1.0,0.0,1.0,0.0,189.0,2.0,13.0
854a2041,99.0,99.0,0.0,0.0,0.0,1.0,3,0.0,0.0,0.0,0.0,0.0,79.0,0.0,5.0
f294b8cc,24.0,22.0,2.0,1.0,0.0,0.0,2,0.0,1.0,1.0,0.0,0.0,22.0,0.0,0.0
5e861944,120.0,106.0,14.0,4.0,1.0,1.0,13,5.0,4.0,4.0,0.0,0.0,88.0,0.0,5.0
2a6cd437,306.0,295.0,10.0,10.0,1.0,4.0,0,0.0,0.0,0.0,0.0,0.0,261.0,1.0,1.0
78150923,125.0,114.0,11.0,4.0,0.0,2.0,14,1.0,6.0,1.0,1.0,0.0,96.0,0.0,3.0
cda08080,332.0,322.0,9.0,8.0,0.0,2.0,0,1.0,0.0,0.0,0.0,0.0,280.0,1.0,4.0
dade14fe,49.0,49.0,0.0,0.0,0.0,0.0,2,0.0,0.0,0.0,0.0,0.0,39.0,0.0,2.0
8023bcab,301.0,229.0,70.0,2.0,0.0,2.0,10,68.0,0.0,0.0,0.0,0.0,232.0,2.0,8.0
d28b8f40,76.0,74.0,2.0,1.0,0.0,1.0,0,1.0,0.0,0.0,0.0,0.0,56.0,0.0,1.0
d2416c2e,42.0,40.0,2.0,0.0,0.0,0.0,0,1.0,0.0,0.0,0.0,0.0,22.0,0.0,4.0
b92edde2,210.0,165.0,45.0,7.0,1.0,1.0,11,37.0,1.0,0.0,0.0,0.0,175.0,0.0,4.0
36334b41,228.0,211.0,17.0,13.0,1.0,6.0,6,2.0,0.0,0.0,0.0,0.0,171.0,0.0,6.0
5e1280ff,492.0,424.0,63.0,28.0,6.0,1.0,26,5.0,12.0,8.0,1.0,0.0,397.0,5.0,9.0
84570bef,186.0,179.0,7.0,6.0,0.0,1.0,0,1.0,0.0,0.0,0.0,0.0,172.0,0.0,1.0
b0547a87,58.0,54.0,4.0,1.0,0.0,2.0,4,1.0,1.0,1.0,0.0,0.0,46.0,0.0,1.0
d6f5490e,5.0,5.0,0.0,0.0,0.0,0.0,0,0.0,0.0,0.0,0.0,0.0,5.0,0.0,0.0
aec63b70,69.0,58.0,11.0,0.0,0.0,0.0,3,1.0,0.0,0.0,0.0,0.0,38.0,0.0,2.0
6228469d,88.0,84.0,4.0,2.0,1.0,0.0,3,2.0,0.0,0.0,0.0,0.0,68.0,0.0,2.0
b182a240,355.0,310.0,44.0,3.0,1.0,3.0,20,36.0,2.0,0.0,0.0,0.0,295.0,1.0,9.0
c8a88acd,129.0,99.0,30.0,4.0,0.0,1.0,0,0.0,0.0,0.0,0.0,0.0,108.0,0.0,0.0
34c3b935,74.0,45.0,29.0,6.0,0.0,0.0,0,0.0,0.0,0.0,0.0,0.0,55.0,0.0,0.0
6b6d252d,101.0,83.0,12.0,5.0,0.0,1.0,22,3.0,4.0,1.0,2.0,1.0,64.0,6.0,2.0
3e975352,9.0,9.0,0.0,0.0,0.0,0.0,0,0.0,0.0,0.0,0.0,0.0,7.0,0.0,0.0
84fb6aff,80.0,73.0,7.0,0.0,0.0,0.0,12,7.0,0.0,0.0,0.0,0.0,64.0,0.0,1.0
ea6a7ab4,99.0,93.0,4.0,2.0,1.0,3.0,1,2.0,0.0,0.0,0.0,0.0,75.0,2.0,2.0
7ab59ec0,167.0,138.0,29.0,23.0,0.0,2.0,12,1.0,5.0,3.0,2.0,0.0,111.0,0.0,1.0
0630eb63,72.0,68.0,3.0,0.0,0.0,1.0,6,0.0,3.0,2.0,0.0,0.0,43.0,1.0,4.0
53de807a,146.0,141.0,5.0,3.0,0.0,1.0,2,2.0,0.0,0.0,0.0,0.0,129.0,0.0,1.0
47fd5136,227.0,202.0,22.0,14.0,0.0,8.0,9,2.0,6.0,3.0,3.0,0.0,181.0,3.0,0.0
7483d9f9,584.0,564.0,18.0,18.0,0.0,13.0,0,0.0,0.0,0.0,0.0,0.0,514.0,2.0,5.0
8dbff17c,173.0,167.0,6.0,6.0,0.0,2.0,1,0.0,0.0,0.0,0.0,0.0,154.0,0.0,0.0
8a1d7b51,432.0,356.0,75.0,4.0,0.0,0.0,26,69.0,2.0,1.0,0.0,0.0,343.0,1.0,6.0
dc4511f3,188.0,128.0,60.0,15.0,0.0,1.0,0,0.0,0.0,0.0,0.0,0.0,126.0,0.0,0.0
ef619b0b,354.0,340.0,12.0,6.0,1.0,0.0,8,3.0,2.0,0.0,0.0,0.0,297.0,2.0,4.0
539230cf,72.0,71.0,1.0,1.0,0.0,0.0,0,0.0,0.0,0.0,0.0,0.0,64.0,0.0,0.0
3423f250,108.0,102.0,6.0,1.0,0.0,2.0,13,4.0,1.0,1.0,0.0,0.0,73.0,0.0,6.0
6f8a10be,1.0,0.0,1.0,0.0,0.0,0.0,0,0.0,0.0,0.0,0.0,0.0,1.0,0.0,0.0
24d9435b,285.0,221.0,64.0,4.0,0.0,3.0,4,60.0,0.0,0.0,0.0,0.0,213.0,0.0,6.0
b1b99435,62.0,51.0,11.0,1.0,0.0,0.0,5,10.0,0.0,0.0,0.0,0.0,52.0,0.0,5.0
1ae8b66d,213.0,178.0,35.0,21.0,0.0,0.0,35,6.0,8.0,4.0,3.0,0.0,136.0,0.0,8.0
536cebe5,175.0,169.0,3.0,0.0,1.0,3.0,13,1.0,0.0,0.0,0.0,0.0,97.0,3.0,15.0
50310821,37.0,27.0,10.0,2.0,0.0,1.0,0,0.0,0.0,0.0,0.0,0.0,29.0,0.0,0.0
b87a2715,130.0,126.0,4.0,1.0,0.0,1.0,13,1.0,2.0,1.0,0.0,0.0,95.0,0.0,3.0
da6cb94b,153.0,151.0,2.0,1.0,0.0,0.0,0,1.0,0.0,0.0,0.0,0.0,129.0,0.0,2.0
e358587b,186.0,127.0,57.0,18.0,0.0,1.0,0,0.0,0.0,0.0,0.0,0.0,154.0,2.0,0.0
4b3c863f,212.0,202.0,10.0,9.0,1.0,3.0,0,1.0,0.0,0.0,0.0,0.0,182.0,0.0,1.0
4bd00a50,23.0,23.0,0.0,0.0,0.0,1.0,0,0.0,0.0,0.0,0.0,0.0,20.0,0.0,0.0
d4f46475,195.0,188.0,6.0,5.0,1.0,3.0,0,1.0,0.0,0.0,0.0,0.0,167.0,1.0,1.0
0f5e0b8a,15.0,10.0,5.0,0.0,0.0,0.0,0,5.0,0.0,0.0,0.0,0.0,12.0,0.0,0.0
22db7a5e,107.0,66.0,41.0,10.0,0.0,0.0,0,0.0,0.0,0.0,0.0,0.0,68.0,0.0,1.0
284f2ce6,63.0,50.0,13.0,0.0,0.0,0.0,2,13.0,0.0,0.0,0.0,0.0,43.0,0.0,4.0
572498c7,252.0,238.0,13.0,1.0,0.0,4.0,5,12.0,0.0,0.0,0.0,0.0,180.0,1.0,11.0
826313e2,246.0,192.0,52.0,3.0,0.0,0.0,13,49.0,0.0,0.0,0.0,0.0,169.0,2.0,6.0
7e56d3db,197.0,160.0,37.0,5.0,0.0,1.0,6,32.0,0.0,0.0,0.0,0.0,155.0,0.0,7.0
733e7ad8,87.0,79.0,8.0,8.0,0.0,0.0,1,0.0,0.0,0.0,0.0,0.0,73.0,0.0,1.0
f373db50,434.0,406.0,24.0,24.0,0.0,8.0,1,0.0,0.0,0.0,0.0,0.0,391.0,4.0,4.0
cda0b317,155.0,120.0,35.0,12.0,0.0,0.0,0,0.0,0.0,0.0,0.0,0.0,124.0,0.0,0.0
aa21406e,7.0,5.0,2.0,0.0,0.0,0.0,1,2.0,0.0,0.0,0.0,0.0,6.0,0.0,0.0
b33e0095,18.0,17.0,0.0,0.0,1.0,0.0,1,0.0,0.0,0.0,0.0,0.0,11.0,1.0,1.0
37f827ec,85.0,81.0,3.0,3.0,0.0,3.0,0,0.0,0.0,0.0,0.0,0.0,73.0,1.0,0.0
e12b0b5b,283.0,256.0,27.0,12.0,0.0,1.0,12,2.0,13.0,1.0,5.0,0.0,233.0,0.0,4.0
1fb1c435,135.0,129.0,6.0,0.0,1.0,2.0,2,1.0,0.0,0.0,0.0,0.0,108.0,0.0,2.0
7f78ad23,143.0,129.0,14.0,3.0,1.0,4.0,5,11.0,0.0,0.0,0.0,0.0,122.0,0.0,1.0
677267d1,50.0,44.0,6.0,2.0,0.0,0.0,7,0.0,4.0,1.0,1.0,0.0,32.0,0.0,3.0
b6b2b820,47.0,45.0,1.0,0.0,0.0,0.0,0,0.0,0.0,0.0,0.0,0.0,34.0,1.0,1.0
27ff9bdb,140.0,137.0,2.0,1.0,2.0,5.0,2,1.0,0.0,0.0,0.0,0.0,105.0,1.0,11.0
0eeafda5,12.0,11.0,1.0,1.0,0.0,0.0,0,0.0,0.0,0.0,0.0,0.0,10.0,0.0,0.0
3ead85f9,198.0,191.0,7.0,6.0,0.0,2.0,0,1.0,0.0,0.0,0.0,0.0,186.0,0.0,1.0
07abb358,23.0,23.0,0.0,0.0,0.0,0.0,1,0.0,0.0,0.0,0.0,0.0,22.0,0.0,0.0
51e3954c,104.0,91.0,12.0,1.0,0.0,1.0,1,11.0,0.0,0.0,0.0,0.0,80.0,1.0,0.0
5faa73aa,215.0,205.0,9.0,0.0,1.0,3.0,16,3.0,0.0,0.0,0.0,0.0,104.0,1.0,7.0
ccf5926f,9.0,9.0,0.0,0.0,0.0,0.0,1,0.0,0.0,0.0,0.0,0.0,8.0,0.0,1.0
4b3e1a38,259.0,177.0,80.0,3.0,0.0,0.0,8,77.0,0.0,0.0,0.0,0.0,189.0,2.0,5.0
18b896d6,369.0,356.0,13.0,11.0,1.0,6.0,0,2.0,0.0,0.0,0.0,0.0,333.0,0.0,1.0
90573602,144.0,119.0,25.0,1.0,0.0,1.0,3,24.0,0.0,0.0,0.0,0.0,103.0,0.0,5.0
0b5a292a,250.0,201.0,46.0,7.0,0.0,1.0,19,34.0,5.0,0.0,4.0,0.0,173.0,3.0,15.0
c0c7ff58,363.0,349.0,12.0,8.0,1.0,3.0,8,3.0,1.0,1.0,0.0,0.0,313.0,2.0,3.0
b3dc6eca,594.0,569.0,22.0,21.0,1.0,10.0,0,1.0,0.0,0.0,0.0,0.0,519.0,3.0,4.0
e12d7851,300.0,222.0,75.0,2.0,0.0,2.0,17,73.0,0.0,0.0,0.0,0.0,226.0,3.0,4.0
e26c4233,136.0,130.0,6.0,6.0,0.0,1.0,1,0.0,0.0,0.0,0.0,0.0,106.0,0.0,0.0
dab75831,25.0,20.0,5.0,0.0,0.0,0.0,2,0.0,0.0,0.0,0.0,0.0,18.0,0.0,0.0
d4222f7b,310.0,301.0,7.0,6.0,1.0,5.0,0,1.0,0.0,0.0,0.0,0.0,264.0,2.0,1.0
a70b8345,77.0,59.0,18.0,9.0,0.0,0.0,0,0.0,0.0,0.0,0.0,0.0,52.0,0.0,0.0
903b6e8b,181.0,118.0,61.0,9.0,0.0,0.0,0,0.0,0.0,0.0,0.0,0.0,120.0,2.0,0.0
e054ee4e,26.0,24.0,2.0,0.0,0.0,0.0,0,0.0,0.0,0.0,0.0,0.0,15.0,0.0,0.0
fbbb9269,244.0,189.0,54.0,3.0,0.0,0.0,11,51.0,0.0,0.0,0.0,0.0,195.0,1.0,6.0
e280527c,188.0,168.0,19.0,4.0,0.0,2.0,8,12.0,3.0,0.0,1.0,0.0,131.0,1.0,9.0
76d753f8,320.0,315.0,5.0,4.0,0.0,9.0,1,1.0,0.0,0.0,0.0,0.0,293.0,0.0,1.0
d49f80d7,195.0,189.0,6.0,5.0,0.0,1.0,1,0.0,1.0,1.0,0.0,0.0,178.0,0.0,1.0
ee251371,173.0,147.0,26.0,5.0,0.0,2.0,6,21.0,0.0,0.0,0.0,0.0,141.0,0.0,2.0
5c6ba09a,421.0,320.0,100.0,18.0,0.0,1.0,19,75.0,7.0,4.0,0.0,1.0,315.0,1.0,10.0
d97b252e,158.0,111.0,47.0,10.0,0.0,0.0,0,0.0,0.0,0.0,0.0,0.0,111.0,0.0,0.0
8821f471,177.0,161.0,16.0,3.0,0.0,2.0,17,11.0,2.0,0.0,1.0,1.0,131.0,0.0,6.0
bc7dc64d,47.0,45.0,1.0,0.0,0.0,0.0,1,1.0,0.0,0.0,0.0,0.0,36.0,1.0,2.0
d63e2912,234.0,208.0,26.0,2.0,0.0,0.0,4,24.0,0.0,0.0,0.0,0.0,204.0,0.0,6.0
43688fa3,48.0,37.0,11.0,0.0,0.0,0.0,3,9.0,2.0,1.0,1.0,0.0,35.0,0.0,5.0
74733221,160.0,112.0,47.0,10.0,0.0,1.0,0,0.0,0.0,0.0,0.0,0.0,111.0,1.0,0.0
5f424f35,31.0,27.0,4.0,0.0,0.0,0.0,2,3.0,1.0,1.0,0.0,0.0,26.0,0.0,1.0
5af687a1,112.0,109.0,3.0,3.0,1.0,4.0,0,0.0,0.0,0.0,0.0,0.0,102.0,0.0,2.0
08593525,512.0,501.0,10.0,9.0,0.0,3.0,2,1.0,0.0,0.0,0.0,0.0,409.0,1.0,11.0
dae8623e,109.0,104.0,4.0,0.0,0.0,0.0,4,4.0,0.0,0.0,0.0,0.0,78.0,1.0,5.0
1b4f1169,26.0,25.0,1.0,1.0,0.0,0.0,0,0.0,0.0,0.0,0.0,0.0,26.0,0.0,0.0
44c3d1d2,30.0,28.0,2.0,0.0,0.0,0.0,2,0.0,2.0,0.0,2.0,0.0,26.0,0.0,0.0
0a447501,57.0,54.0,3.0,0.0,1.0,0.0,1,0.0,0.0,0.0,0.0,0.0,45.0,0.0,1.0
c650629d,186.0,180.0,3.0,0.0,0.0,0.0,1,1.0,0.0,0.0,0.0,0.0,153.0,3.0,4.0
586b19eb,285.0,279.0,6.0,6.0,0.0,0.0,2,0.0,0.0,0.0,0.0,0.0,251.0,0.0,2.0
6e7f1353,109.0,106.0,3.0,2.0,0.0,2.0,5,0.0,0.0,0.0,0.0,0.0,88.0,0.0,3.0
7eb97a8e,77.0,69.0,6.0,3.0,3.0,0.0,4,0.0,2.0,1.0,0.0,0.0,56.0,2.0,2.0
086d7db3,88.0,84.0,4.0,0.0,0.0,0.0,2,0.0,0.0,0.0,0.0,0.0,57.0,0.0,3.0
3b571db6,49.0,36.0,13.0,0.0,0.0,0.0,4,13.0,0.0,0.0,0.0,0.0,31.0,0.0,2.0
9744ff80,245.0,206.0,39.0,12.0,3.0,2.0,26,11.0,16.0,2.0,5.0,0.0,177.0,0.0,8.0
1c96ad85,209.0,163.0,46.0,5.0,0.0,1.0,13,41.0,0.0,0.0,0.0,0.0,142.0,0.0,8.0
51e9bb3f,86.0,81.0,4.0,0.0,0.0,0.0,1,3.0,0.0,0.0,0.0,0.0,65.0,1.0,2.0
1a4b9094,194.0,158.0,36.0,4.0,0.0,1.0,20,32.0,0.0,0.0,0.0,0.0,156.0,0.0,6.0
bfdb33aa,205.0,201.0,3.0,1.0,1.0,0.0,15,2.0,0.0,0.0,0.0,0.0,149.0,1.0,14.0
2e2ec9cf,84.0,68.0,16.0,3.0,0.0,0.0,0,13.0,0.0,0.0,0.0,0.0,70.0,0.0,1.0
1eec640e,111.0,99.0,12.0,0.0,1.0,0.0,3,0.0,0.0,0.0,0.0,0.0,64.0,0.0,6.0
b75af9ce,105.0,102.0,3.0,1.0,0.0,0.0,3,0.0,0.0,0.0,0.0,0.0,74.0,0.0,5.0
110a95ca,236.0,116.0,119.0,22.0,0.0,1.0,0,0.0,0.0,0.0,0.0,0.0,117.0,1.0,0.0
8f056768,271.0,263.0,6.0,2.0,2.0,4.0,2,4.0,0.0,0.0,0.0,0.0,209.0,2.0,14.0
f4021366,204.0,193.0,8.0,8.0,0.0,1.0,0,0.0,0.0,0.0,0.0,0.0,172.0,3.0,0.0
c64c254c,40.0,36.0,4.0,1.0,0.0,0.0,3,0.0,3.0,0.0,2.0,0.0,30.0,0.0,2.0
74d52033,43.0,41.0,1.0,0.0,0.0,0.0,4,1.0,0.0,0.0,0.0,0.0,32.0,1.0,0.0
64679418,78.0,74.0,3.0,0.0,0.0,1.0,1,3.0,0.0,0.0,0.0,0.0,61.0,1.0,1.0
746fec7d,41.0,34.0,6.0,0.0,0.0,0.0,5,2.0,0.0,0.0,0.0,0.0,24.0,1.0,3.0
da3bf1b3,416.0,395.0,18.0,15.0,1.0,9.0,9,3.0,0.0,0.0,0.0,0.0,302.0,3.0,11.0
5906ab00,0.0,0.0,0.0,0.0,0.0,0.0,0,0.0,0.0,0.0,0.0,0.0,0.0,0.0,0.0
c7e9eefb,88.0,88.0,0.0,0.0,0.0,0.0,0,0.0,0.0,0.0,0.0,0.0,70.0,0.0,2.0
a45eac1f,92.0,85.0,7.0,0.0,1.0,2.0,4,1.0,0.0,0.0,0.0,0.0,47.0,0.0,9.0
04da2b40,47.0,37.0,10.0,0.0,0.0,0.0,0,1.0,0.0,0.0,0.0,0.0,31.0,0.0,0.0
5384e3bf,71.0,69.0,2.0,2.0,0.0,0.0,0,0.0,0.0,0.0,0.0,0.0,59.0,0.0,0.0
e040aecf,70.0,66.0,1.0,1.0,0.0,1.0,0,0.0,0.0,0.0,0.0,0.0,56.0,3.0,2.0
f6c579bd,18.0,16.0,2.0,0.0,0.0,0.0,0,1.0,0.0,0.0,0.0,0.0,10.0,0.0,2.0
c4527123,7.0,7.0,0.0,0.0,0.0,0.0,0,0.0,0.0,0.0,0.0,0.0,5.0,0.0,0.0
d4232ba9,86.0,76.0,10.0,2.0,0.0,0.0,5,2.0,3.0,2.0,1.0,0.0,68.0,0.0,2.0
52e101a8,188.0,181.0,5.0,5.0,0.0,0.0,0,0.0,0.0,0.0,0.0,0.0,159.0,2.0,2.0
ff764de3,189.0,179.0,9.0,7.0,1.0,5.0,1,2.0,0.0,0.0,0.0,0.0,164.0,1.0,2.0
17e3e467,266.0,258.0,6.0,2.0,0.0,7.0,7,2.0,1.0,0.0,0.0,0.0,220.0,2.0,14.0
da09d0c3,248.0,244.0,3.0,3.0,0.0,6.0,2,0.0,0.0,0.0,0.0,0.0,203.0,1.0,5.0
8ce063f9,123.0,107.0,16.0,4.0,0.0,0.0,9,4.0,7.0,3.0,3.0,0.0,95.0,0.0,2.0
a81ed730,420.0,406.0,11.0,11.0,0.0,4.0,3,0.0,0.0,0.0,0.0,0.0,363.0,3.0,6.0
35af81f5,5.0,5.0,0.0,0.0,0.0,0.0,0,0.0,0.0,0.0,0.0,0.0,4.0,0.0,0.0
54771b10,139.0,114.0,24.0,2.0,1.0,2.0,9,22.0,0.0,0.0,0.0,0.0,100.0,1.0,1.0
bea81d41,171.0,97.0,74.0,19.0,0.0,0.0,0,0.0,0.0,0.0,0.0,0.0,92.0,0.0,0.0
a5e96539,109.0,108.0,0.0,0.0,0.0,0.0,5,0.0,0.0,0.0,0.0,0.0,75.0,1.0,3.0
b14d0c5d,619.0,584.0,35.0,20.0,0.0,8.0,3,15.0,0.0,0.0,0.0,0.0,572.0,0.0,8.0
cea0df32,132.0,126.0,5.0,0.0,0.0,1.0,1,0.0,0.0,0.0,0.0,0.0,77.0,1.0,8.0
3effaa34,86.0,77.0,7.0,0.0,1.0,0.0,1,1.0,0.0,0.0,0.0,0.0,65.0,2.0,3.0
70cf63ca,106.0,102.0,4.0,1.0,0.0,0.0,2,3.0,0.0,0.0,0.0,0.0,78.0,0.0,3.0
38d14822,108.0,64.0,44.0,12.0,0.0,2.0,0,0.0,0.0,0.0,0.0,0.0,76.0,0.0,0.0
b5365398,65.0,64.0,1.0,1.0,0.0,0.0,0,0.0,0.0,0.0,0.0,0.0,61.0,0.0,0.0
e4c35d02,41.0,40.0,1.0,1.0,0.0,3.0,0,0.0,0.0,0.0,0.0,0.0,32.0,0.0,0.0
c90b2e8f,320.0,313.0,7.0,6.0,0.0,4.0,0,1.0,0.0,0.0,0.0,0.0,306.0,0.0,2.0
96ddfa79,241.0,228.0,12.0,3.0,0.0,3.0,4,1.0,3.0,1.0,0.0,0.0,209.0,1.0,0.0
273c483b,120.0,119.0,1.0,0.0,1.0,0.0,6,0.0,1.0,1.0,0.0,0.0,99.0,0.0,2.0
aae023c4,20.0,19.0,1.0,1.0,0.0,1.0,0,0.0,0.0,0.0,0.0,0.0,18.0,0.0,0.0
0a86fd8b,25.0,19.0,5.0,0.0,0.0,0.0,0,0.0,0.0,0.0,0.0,0.0,21.0,1.0,0.0
b4819112,345.0,342.0,2.0,2.0,1.0,4.0,0,0.0,0.0,0.0,0.0,0.0,301.0,1.0,6.0
f7288611,229.0,218.0,10.0,10.0,0.0,4.0,2,0.0,0.0,0.0,0.0,0.0,183.0,1.0,3.0
0638becf,33.0,33.0,0.0,0.0,0.0,0.0,2,0.0,0.0,0.0,0.0,0.0,23.0,0.0,2.0
489e5d93,126.0,122.0,3.0,1.0,0.0,0.0,7,0.0,0.0,0.0,0.0,0.0,69.0,1.0,5.0
c35363f2,81.0,79.0,2.0,2.0,0.0,2.0,2,0.0,0.0,0.0,0.0,0.0,62.0,0.0,3.0
797cf5cb,220.0,218.0,1.0,1.0,0.0,2.0,3,0.0,0.0,0.0,0.0,0.0,180.0,1.0,5.0
65adf2db,93.0,86.0,6.0,0.0,0.0,0.0,3,0.0,1.0,0.0,1.0,0.0,59.0,1.0,3.0
ff98492b,178.0,170.0,8.0,1.0,0.0,0.0,13,3.0,4.0,2.0,0.0,0.0,130.0,0.0,9.0
30f5ffa9,181.0,173.0,7.0,6.0,0.0,2.0,0,1.0,0.0,0.0,0.0,0.0,161.0,1.0,1.0
defb905a,342.0,323.0,19.0,19.0,0.0,0.0,1,0.0,0.0,0.0,0.0,0.0,298.0,0.0,0.0
023efc8b,154.0,148.0,3.0,2.0,0.0,0.0,0,1.0,0.0,0.0,0.0,0.0,124.0,3.0,1.0
ffec9769,190.0,183.0,7.0,0.0,1.0,2.0,1,1.0,0.0,0.0,0.0,0.0,146.0,0.0,4.0
17695062,101.0,101.0,0.0,0.0,1.0,0.0,4,0.0,0.0,0.0,0.0,0.0,80.0,0.0,7.0
76d5857d,220.0,172.0,48.0,1.0,0.0,0.0,17,47.0,0.0,0.0,0.0,0.0,173.0,0.0,7.0
b9ec784d,7.0,7.0,0.0,0.0,0.0,0.0,1,0.0,0.0,0.0,0.0,0.0,5.0,0.0,1.0
839c14e1,166.0,127.0,39.0,5.0,0.0,1.0,16,30.0,4.0,2.0,1.0,0.0,118.0,0.0,6.0
2ccd89a3,32.0,30.0,2.0,0.0,0.0,0.0,3,2.0,0.0,0.0,0.0,0.0,16.0,0.0,1.0
19b776e9,76.0,74.0,2.0,0.0,0.0,1.0,2,0.0,0.0,0.0,0.0,0.0,61.0,0.0,5.0
a5f458d9,47.0,46.0,1.0,0.0,0.0,0.0,0,1.0,0.0,0.0,0.0,0.0,38.0,0.0,0.0
9bd3b683,37.0,32.0,5.0,1.0,0.0,1.0,0,0.0,0.0,0.0,0.0,0.0,26.0,0.0,0.0
fed17f5a,273.0,265.0,7.0,3.0,0.0,2.0,19,1.0,3.0,2.0,1.0,0.0,219.0,1.0,4.0
886f9aac,19.0,19.0,0.0,0.0,0.0,1.0,0,0.0,0.0,0.0,0.0,0.0,16.0,0.0,0.0
db1aced4,237.0,229.0,7.0,7.0,0.0,3.0,0,0.0,0.0,0.0,0.0,0.0,182.0,1.0,0.0
5512b1a9,18.0,10.0,8.0,2.0,0.0,0.0,0,0.0,0.0,0.0,0.0,0.0,8.0,0.0,0.0
258aff54,98.0,87.0,10.0,0.0,0.0,0.0,0,0.0,0.0,0.0,0.0,0.0,69.0,1.0,2.0
6613c819,582.0,566.0,13.0,13.0,2.0,10.0,12,0.0,0.0,0.0,0.0,0.0,446.0,3.0,9.0
23135233,106.0,90.0,16.0,0.0,0.0,0.0,4,15.0,1.0,1.0,0.0,0.0,83.0,0.0,1.0
02ce2030,526.0,513.0,13.0,13.0,0.0,4.0,0,0.0,0.0,0.0,0.0,0.0,456.0,0.0,1.0
27af684a,53.0,53.0,0.0,0.0,0.0,0.0,1,0.0,0.0,0.0,0.0,0.0,38.0,0.0,1.0
2a5fab54,0.0,0.0,0.0,0.0,0.0,0.0,0,0.0,0.0,0.0,0.0,0.0,0.0,0.0,0.0
4e80a8ef,353.0,306.0,42.0,14.0,3.0,5.0,45,6.0,20.0,8.0,9.0,0.0,218.0,5.0,16.0
a30a166e,172.0,169.0,3.0,3.0,0.0,2.0,0,0.0,0.0,0.0,0.0,0.0,150.0,0.0,3.0
500cd987,53.0,49.0,3.0,1.0,0.0,0.0,4,0.0,2.0,2.0,0.0,0.0,38.0,1.0,3.0
ee3519f5,4.0,4.0,0.0,0.0,0.0,0.0,0,0.0,0.0,0.0,0.0,0.0,2.0,0.0,0.0
ae0f7da7,375.0,309.0,62.0,19.0,1.0,7.0,50,9.0,29.0,16.0,7.0,0.0,267.0,4.0,12.0
13b44b02,403.0,288.0,114.0,9.0,1.0,4.0,16,105.0,0.0,0.0,0.0,0.0,285.0,1.0,14.0
d2a802b8,138.0,134.0,2.0,0.0,0.0,1.0,5,2.0,0.0,0.0,0.0,0.0,103.0,2.0,6.0
e9517008,262.0,188.0,72.0,4.0,0.0,1.0,14,68.0,0.0,0.0,0.0,0.0,169.0,2.0,9.0
4fe7e935,245.0,191.0,52.0,6.0,0.0,0.0,12,41.0,4.0,1.0,2.0,1.0,179.0,2.0,5.0
339fe0e8,117.0,70.0,46.0,14.0,0.0,0.0,0,1.0,0.0,0.0,0.0,0.0,81.0,1.0,0.0
f553b2b3,16.0,13.0,3.0,0.0,0.0,0.0,1,0.0,0.0,0.0,0.0,0.0,13.0,0.0,1.0
8c70d3ee,10.0,10.0,0.0,0.0,0.0,0.0,0,0.0,0.0,0.0,0.0,0.0,3.0,0.0,0.0
387750b7,255.0,147.0,106.0,33.0,0.0,0.0,0,0.0,0.0,0.0,0.0,0.0,154.0,2.0,1.0
ef2e5e1a,283.0,277.0,6.0,4.0,1.0,1.0,2,1.0,1.0,0.0,0.0,0.0,246.0,0.0,2.0
df791bca,15.0,15.0,0.0,0.0,0.0,0.0,0,0.0,0.0,0.0,0.0,0.0,10.0,0.0,0.0
52eab58c,87.0,72.0,14.0,0.0,0.0,2.0,5,14.0,0.0,0.0,0.0,0.0,64.0,1.0,3.0
12c50af5,43.0,38.0,5.0,0.0,0.0,0.0,5,3.0,2.0,1.0,1.0,0.0,33.0,0.0,0.0
d94653be,57.0,53.0,4.0,0.0,0.0,1.0,3,1.0,3.0,3.0,0.0,0.0,42.0,0.0,2.0
e18098de,109.0,108.0,1.0,1.0,0.0,0.0,0,0.0,0.0,0.0,0.0,0.0,87.0,0.0,5.0
73affbb6,3.0,3.0,0.0,0.0,0.0,0.0,0,0.0,0.0,0.0,0.0,0.0,1.0,0.0,0.0
4e219ad2,156.0,143.0,11.0,1.0,2.0,1.0,22,5.0,5.0,3.0,0.0,0.0,112.0,2.0,3.0
cc89c822,44.0,37.0,4.0,0.0,1.0,0.0,1,0.0,0.0,0.0,0.0,0.0,24.0,3.0,1.0
c71e97ba,294.0,290.0,4.0,4.0,0.0,4.0,1,0.0,0.0,0.0,0.0,0.0,243.0,0.0,4.0
d820a7c8,35.0,29.0,6.0,1.0,0.0,0.0,3,1.0,3.0,1.0,1.0,0.0,30.0,0.0,2.0
934e1968,64.0,58.0,6.0,1.0,1.0,2.0,3,3.0,2.0,0.0,2.0,0.0,50.0,0.0,0.0
e61d33f1,57.0,52.0,5.0,0.0,0.0,0.0,0,0.0,0.0,0.0,0.0,0.0,37.0,0.0,4.0
bd142efb,237.0,235.0,2.0,2.0,1.0,3.0,0,0.0,0.0,0.0,0.0,0.0,208.0,0.0,4.0
7272a72a,97.0,91.0,5.0,4.0,0.0,4.0,0,1.0,0.0,0.0,0.0,0.0,85.0,1.0,2.0
42353de8,163.0,160.0,3.0,3.0,0.0,0.0,0,0.0,0.0,0.0,0.0,0.0,110.0,0.0,1.0
925e1359,0.0,0.0,0.0,0.0,0.0,0.0,0,0.0,0.0,0.0,0.0,0.0,0.0,0.0,0.0
aa5fd980,22.0,19.0,3.0,0.0,0.0,0.0,5,2.0,1.0,1.0,0.0,0.0,15.0,0.0,3.0
eda890e3,36.0,36.0,0.0,0.0,0.0,0.0,1,0.0,0.0,0.0,0.0,0.0,18.0,0.0,2.0
be765073,446.0,295.0,146.0,34.0,1.0,5.0,53,89.0,23.0,9.0,10.0,0.0,277.0,5.0,9.0
bbb496b5,59.0,47.0,12.0,0.0,0.0,0.0,7,12.0,0.0,0.0,0.0,0.0,45.0,0.0,3.0
5f2caf8f,109.0,103.0,6.0,6.0,0.0,0.0,1,0.0,0.0,0.0,0.0,0.0,93.0,0.0,2.0
4f255115,129.0,124.0,5.0,5.0,0.0,1.0,1,0.0,0.0,0.0,0.0,0.0,109.0,0.0,3.0
e8ed3abc,20.0,19.0,1.0,0.0,0.0,0.0,1,0.0,0.0,0.0,0.0,0.0,14.0,0.0,1.0
5640992b,235.0,131.0,104.0,35.0,0.0,0.0,0,0.0,0.0,0.0,0.0,0.0,157.0,0.0,0.0
72a99e38,320.0,267.0,53.0,2.0,0.0,7.0,15,48.0,3.0,2.0,0.0,0.0,274.0,0.0,5.0
efc33b33,76.0,72.0,3.0,2.0,0.0,1.0,0,1.0,0.0,0.0,0.0,0.0,62.0,1.0,1.0
d2131e09,96.0,93.0,2.0,1.0,0.0,0.0,8,1.0,0.0,0.0,0.0,0.0,78.0,1.0,4.0
2b9fdeea,151.0,139.0,9.0,2.0,2.0,2.0,13,0.0,5.0,4.0,0.0,0.0,111.0,3.0,4.0
6b994195,249.0,235.0,12.0,11.0,1.0,5.0,0,1.0,0.0,0.0,0.0,0.0,181.0,2.0,7.0
ebc06041,289.0,151.0,134.0,22.0,0.0,1.0,32,97.0,15.0,14.0,0.0,1.0,152.0,4.0,2.0
e2bf2abc,102.0,100.0,2.0,2.0,0.0,0.0,2,0.0,0.0,0.0,0.0,0.0,81.0,0.0,8.0
7f78f582,26.0,25.0,1.0,1.0,0.0,0.0,1,0.0,0.0,0.0,0.0,0.0,19.0,0.0,0.0
fce2302c,455.0,382.0,71.0,4.0,0.0,8.0,20,67.0,0.0,0.0,0.0,0.0,344.0,2.0,20.0
66e86f2e,79.0,78.0,1.0,1.0,0.0,1.0,1,0.0,0.0,0.0,0.0,0.0,56.0,0.0,2.0
9bc78273,45.0,22.0,23.0,10.0,0.0,0.0,0,0.0,0.0,0.0,0.0,0.0,21.0,0.0,0.0
5ceba7fc,106.0,102.0,4.0,0.0,0.0,0.0,4,0.0,0.0,0.0,0.0,0.0,70.0,0.0,5.0
c9bdb329,151.0,130.0,21.0,4.0,0.0,2.0,3,17.0,0.0,0.0,0.0,0.0,121.0,0.0,2.0
a96e5dc0,124.0,105.0,19.0,1.0,0.0,0.0,1,18.0,0.0,0.0,0.0,0.0,107.0,0.0,2.0
9ada6f1d,73.0,68.0,4.0,1.0,0.0,0.0,2,0.0,1.0,1.0,0.0,0.0,57.0,1.0,2.0
ead960f2,156.0,130.0,20.0,3.0,1.0,0.0,23,6.0,11.0,9.0,2.0,0.0,82.0,6.0,8.0
f93c876b,199.0,192.0,7.0,7.0,0.0,4.0,0,0.0,0.0,0.0,0.0,0.0,161.0,0.0,1.0
51960957,64.0,61.0,2.0,0.0,1.0,0.0,5,0.0,2.0,1.0,0.0,0.0,39.0,1.0,0.0
8ea2c099,211.0,181.0,30.0,0.0,1.0,2.0,18,30.0,0.0,0.0,0.0,0.0,160.0,0.0,7.0
52611641,390.0,367.0,21.0,7.0,2.0,2.0,13,2.0,12.0,3.0,7.0,1.0,335.0,2.0,10.0
9e1035f8,102.0,98.0,4.0,0.0,3.0,1.0,6,4.0,0.0,0.0,0.0,0.0,70.0,0.0,1.0
0e4fef6e,90.0,89.0,1.0,1.0,0.0,0.0,0,0.0,0.0,0.0,0.0,0.0,72.0,0.0,1.0
322ba2df,330.0,277.0,52.0,6.0,0.0,0.0,14,46.0,0.0,0.0,0.0,0.0,277.0,1.0,6.0
a2947130,121.0,112.0,9.0,7.0,0.0,0.0,0,2.0,0.0,0.0,0.0,0.0,77.0,0.0,3.0
c204f844,106.0,99.0,7.0,4.0,0.0,0.0,0,0.0,0.0,0.0,0.0,0.0,100.0,0.0,0.0
a4b1028a,426.0,333.0,92.0,7.0,0.0,4.0,18,85.0,0.0,0.0,0.0,0.0,332.0,1.0,8.0
4c5e78da,367.0,362.0,4.0,0.0,1.0,3.0,9,4.0,0.0,0.0,0.0,0.0,290.0,1.0,8.0
ce17b5eb,448.0,315.0,130.0,44.0,0.0,0.0,0,0.0,0.0,0.0,0.0,0.0,283.0,3.0,0.0
f301f363,268.0,211.0,54.0,18.0,0.0,1.0,52,8.0,24.0,10.0,13.0,0.0,178.0,3.0,11.0
ad1d334f,284.0,244.0,40.0,24.0,1.0,7.0,26,2.0,14.0,7.0,3.0,4.0,215.0,0.0,5.0
5d4e9f31,130.0,122.0,8.0,2.0,0.0,2.0,1,0.0,0.0,0.0,0.0,0.0,101.0,0.0,3.0
963829d0,370.0,340.0,30.0,17.0,3.0,5.0,15,1.0,12.0,4.0,5.0,0.0,316.0,0.0,5.0
438ae11e,58.0,54.0,4.0,0.0,0.0,2.0,1,1.0,3.0,0.0,1.0,0.0,44.0,0.0,2.0
38ceb24a,229.0,214.0,14.0,6.0,2.0,6.0,13,5.0,3.0,2.0,1.0,0.0,162.0,1.0,2.0
af43f64f,194.0,176.0,17.0,5.0,0.0,1.0,1,12.0,0.0,0.0,0.0,0.0,162.0,1.0,2.0
f315ca93,225.0,182.0,42.0,6.0,0.0,2.0,16,32.0,4.0,0.0,4.0,0.0,168.0,1.0,5.0
69986380,20.0,20.0,0.0,0.0,0.0,0.0,4,0.0,0.0,0.0,0.0,0.0,12.0,0.0,1.0
f7e87032,402.0,342.0,57.0,23.0,1.0,1.0,41,8.0,26.0,11.0,6.0,1.0,304.0,3.0,11.0
7a8779f3,66.0,36.0,29.0,8.0,0.0,1.0,0,0.0,0.0,0.0,0.0,0.0,40.0,1.0,0.0
aaee68f1,50.0,43.0,4.0,0.0,0.0,0.0,0,0.0,0.0,0.0,0.0,0.0,34.0,3.0,0.0
60a5ee50,124.0,107.0,17.0,0.0,1.0,0.0,1,0.0,0.0,0.0,0.0,0.0,91.0,0.0,8.0
b7705481,171.0,135.0,36.0,0.0,0.0,0.0,2,36.0,0.0,0.0,0.0,0.0,110.0,0.0,2.0
1a799243,657.0,493.0,162.0,28.0,0.0,5.0,56,102.0,32.0,10.0,17.0,0.0,495.0,2.0,23.0
3300c14c,44.0,36.0,8.0,1.0,0.0,0.0,2,7.0,0.0,0.0,0.0,0.0,32.0,0.0,1.0
d248cd8f,206.0,198.0,8.0,6.0,0.0,4.0,0,2.0,0.0,0.0,0.0,0.0,165.0,0.0,2.0
d75f3980,344.0,275.0,68.0,5.0,0.0,0.0,8,63.0,0.0,0.0,0.0,0.0,290.0,1.0,5.0
2f7af524,299.0,280.0,16.0,7.0,0.0,7.0,0,9.0,0.0,0.0,0.0,0.0,251.0,3.0,1.0
7b456af7,314.0,204.0,110.0,25.0,0.0,0.0,0,0.0,0.0,0.0,0.0,0.0,200.0,0.0,0.0
eddcbbc4,98.0,82.0,15.0,1.0,0.0,1.0,2,14.0,0.0,0.0,0.0,0.0,68.0,1.0,2.0
7a4cea18,237.0,196.0,38.0,12.0,1.0,2.0,37,8.0,16.0,4.0,10.0,0.0,176.0,3.0,0.0
7750462c,197.0,146.0,50.0,7.0,0.0,0.0,0,0.0,0.0,0.0,0.0,0.0,152.0,1.0,0.0
0e21fc3c,207.0,198.0,9.0,8.0,0.0,3.0,1,0.0,1.0,1.0,0.0,0.0,184.0,0.0,2.0
9778d8dd,4.0,3.0,1.0,1.0,0.0,0.0,0,0.0,0.0,0.0,0.0,0.0,3.0,0.0,0.0
392a7aea,136.0,114.0,21.0,12.0,0.0,10.0,8,5.0,4.0,4.0,0.0,0.0,112.0,1.0,6.0
afbf187b,133.0,126.0,7.0,6.0,0.0,1.0,2,1.0,0.0,0.0,0.0,0.0,107.0,0.0,1.0
1e101451,55.0,41.0,14.0,3.0,0.0,0.0,0,0.0,0.0,0.0,0.0,0.0,35.0,0.0,0.0
0990f2fb,337.0,330.0,7.0,5.0,0.0,2.0,5,2.0,0.0,0.0,0.0,0.0,285.0,0.0,2.0
dd2044f4,189.0,156.0,32.0,6.0,0.0,4.0,10,26.0,0.0,0.0,0.0,0.0,153.0,1.0,5.0
61911828,201.0,110.0,91.0,34.0,0.0,0.0,0,0.0,0.0,0.0,0.0,0.0,80.0,0.0,1.0
08990838,215.0,205.0,9.0,9.0,0.0,3.0,0,0.0,0.0,0.0,0.0,0.0,178.0,1.0,1.0
467bae22,361.0,353.0,6.0,4.0,3.0,7.0,6,1.0,1.0,0.0,0.0,0.0,297.0,2.0,11.0
44ac04e9,240.0,238.0,2.0,2.0,2.0,5.0,1,0.0,0.0,0.0,0.0,0.0,192.0,0.0,6.0
2ebc1b44,171.0,162.0,9.0,4.0,0.0,0.0,4,1.0,0.0,0.0,0.0,0.0,124.0,0.0,5.0
0375723e,41.0,38.0,3.0,1.0,0.0,1.0,5,1.0,1.0,1.0,0.0,0.0,35.0,0.0,0.0
6b71ba6c,5.0,5.0,0.0,0.0,0.0,0.0,1,0.0,0.0,0.0,0.0,0.0,3.0,0.0,1.0
3f359b33,243.0,232.0,11.0,10.0,0.0,4.0,2,1.0,0.0,0.0,0.0,0.0,187.0,0.0,3.0
04965583,137.0,109.0,28.0,7.0,0.0,3.0,5,18.0,3.0,1.0,0.0,1.0,110.0,0.0,3.0
779fe525,134.0,102.0,30.0,10.0,0.0,4.0,4,18.0,2.0,0.0,2.0,0.0,98.0,2.0,3.0
31c07205,33.0,30.0,2.0,0.0,0.0,0.0,0,0.0,0.0,0.0,0.0,0.0,22.0,1.0,1.0
7c7fdb0f,374.0,300.0,74.0,2.0,1.0,2.0,25,72.0,0.0,0.0,0.0,0.0,263.0,0.0,10.0
ef13f203,192.0,168.0,24.0,24.0,0.0,5.0,1,0.0,0.0,0.0,0.0,0.0,138.0,0.0,3.0
03df04ff,189.0,110.0,76.0,20.0,0.0,0.0,0,0.0,0.0,0.0,0.0,0.0,137.0,3.0,0.0
fcda82c7,79.0,73.0,5.0,5.0,0.0,0.0,0,0.0,0.0,0.0,0.0,0.0,50.0,1.0,0.0
64f69877,136.0,129.0,6.0,0.0,3.0,1.0,13,4.0,0.0,0.0,0.0,0.0,94.0,1.0,4.0
c24544c7,100.0,91.0,9.0,1.0,0.0,0.0,9,1.0,7.0,0.0,7.0,0.0,74.0,0.0,3.0
07ab6542,2.0,1.0,1.0,0.0,0.0,0.0,0,0.0,0.0,0.0,0.0,0.0,2.0,0.0,0.0
b8ae831b,143.0,133.0,10.0,9.0,0.0,3.0,0,1.0,0.0,0.0,0.0,0.0,123.0,0.0,2.0
d0d8dd44,189.0,183.0,5.0,3.0,0.0,2.0,0,2.0,0.0,0.0,0.0,0.0,161.0,1.0,1.0
d2795011,6.0,6.0,0.0,0.0,0.0,0.0,0,0.0,0.0,0.0,0.0,0.0,6.0,0.0,0.0
90104ffb,158.0,120.0,38.0,2.0,0.0,1.0,9,36.0,0.0,0.0,0.0,0.0,120.0,0.0,9.0
38cd5b8f,323.0,219.0,99.0,24.0,0.0,0.0,0,0.0,0.0,0.0,0.0,0.0,201.0,5.0,0.0
ba06950a,169.0,161.0,5.0,5.0,0.0,0.0,0,0.0,0.0,0.0,0.0,0.0,144.0,3.0,0.0
26b3d752,243.0,204.0,38.0,4.0,0.0,1.0,36,26.0,8.0,0.0,8.0,0.0,173.0,1.0,8.0
0be3255b,322.0,240.0,77.0,25.0,0.0,3.0,0,0.0,0.0,0.0,0.0,0.0,232.0,5.0,0.0
d61b3354,106.0,99.0,6.0,4.0,1.0,4.0,0,2.0,0.0,0.0,0.0,0.0,85.0,1.0,1.0
fb054320,240.0,196.0,44.0,13.0,1.0,2.0,41,7.0,24.0,9.0,12.0,0.0,183.0,0.0,6.0
5da33b33,380.0,339.0,38.0,8.0,3.0,2.0,43,9.0,19.0,9.0,8.0,0.0,276.0,3.0,12.0
901d3e51,128.0,108.0,20.0,3.0,0.0,3.0,21,5.0,11.0,4.0,5.0,1.0,96.0,0.0,3.0
d83bbc54,316.0,280.0,33.0,10.0,0.0,1.0,16,22.0,1.0,0.0,1.0,0.0,246.0,3.0,5.0
8eec784d,15.0,15.0,0.0,0.0,0.0,0.0,2,0.0,0.0,0.0,0.0,0.0,11.0,0.0,0.0
30c220c3,564.0,472.0,92.0,8.0,0.0,2.0,25,84.0,0.0,0.0,0.0,0.0,465.0,0.0,16.0
ce5143da,65.0,63.0,2.0,0.0,0.0,1.0,1,0.0,0.0,0.0,0.0,0.0,52.0,0.0,1.0
33b11df6,127.0,123.0,4.0,2.0,0.0,0.0,1,2.0,0.0,0.0,0.0,0.0,111.0,0.0,1.0
f9acca3a,589.0,509.0,78.0,12.0,0.0,0.0,20,61.0,5.0,3.0,1.0,1.0,498.0,2.0,15.0
d7398ac3,147.0,142.0,2.0,2.0,0.0,1.0,0,0.0,0.0,0.0,0.0,0.0,120.0,3.0,0.0
49fe9070,23.0,23.0,0.0,0.0,0.0,0.0,2,0.0,0.0,0.0,0.0,0.0,7.0,0.0,1.0
9050ddc4,247.0,207.0,38.0,6.0,4.0,3.0,22,16.0,16.0,8.0,3.0,0.0,183.0,2.0,5.0
8b9ebd03,570.0,475.0,93.0,15.0,4.0,7.0,86,5.0,73.0,31.0,18.0,8.0,434.0,2.0,4.0
a3b03921,127.0,125.0,2.0,2.0,0.0,2.0,0,0.0,0.0,0.0,0.0,0.0,110.0,0.0,2.0
2077ae86,8.0,8.0,0.0,0.0,0.0,0.0,0,0.0,0.0,0.0,0.0,0.0,5.0,0.0,0.0
21a4bd09,135.0,112.0,23.0,2.0,1.0,0.0,8,21.0,0.0,0.0,0.0,0.0,88.0,0.0,8.0
4b803b3c,34.0,24.0,10.0,0.0,0.0,0.0,2,10.0,0.0,0.0,0.0,0.0,17.0,0.0,4.0
be42a291,277.0,270.0,3.0,0.0,3.0,0.0,7,2.0,0.0,0.0,0.0,0.0,193.0,4.0,20.0
a5212312,185.0,179.0,4.0,4.0,0.0,1.0,2,0.0,0.0,0.0,0.0,0.0,153.0,2.0,1.0
568de36f,36.0,36.0,0.0,0.0,0.0,0.0,0,0.0,0.0,0.0,0.0,0.0,32.0,0.0,2.0
e61b8aee,666.0,597.0,66.0,22.0,3.0,6.0,39,17.0,27.0,11.0,10.0,0.0,552.0,3.0,4.0
474cf8e0,75.0,75.0,0.0,0.0,0.0,0.0,0,0.0,0.0,0.0,0.0,0.0,61.0,0.0,2.0
7dca49f6,17.0,15.0,1.0,1.0,0.0,0.0,0,0.0,0.0,0.0,0.0,0.0,7.0,1.0,1.0
f80f8e10,29.0,28.0,1.0,0.0,0.0,0.0,1,1.0,0.0,0.0,0.0,0.0,23.0,0.0,0.0
d0a01d27,67.0,45.0,22.0,2.0,0.0,0.0,1,20.0,0.0,0.0,0.0,0.0,45.0,0.0,2.0
8beb3c36,9.0,9.0,0.0,0.0,0.0,0.0,0,0.0,0.0,0.0,0.0,0.0,6.0,0.0,0.0
2224380e,17.0,16.0,1.0,0.0,0.0,0.0,2,0.0,0.0,0.0,0.0,0.0,8.0,0.0,1.0
228f73ae,37.0,34.0,2.0,0.0,1.0,0.0,2,1.0,1.0,1.0,0.0,0.0,30.0,1.0,1.0
e2f9bb5f,42.0,37.0,3.0,2.0,0.0,1.0,2,0.0,1.0,1.0,0.0,0.0,31.0,2.0,2.0
90decc12,89.0,86.0,3.0,3.0,0.0,4.0,0,0.0,0.0,0.0,0.0,0.0,68.0,0.0,0.0
f50a668a,75.0,74.0,1.0,1.0,0.0,0.0,0,0.0,0.0,0.0,0.0,0.0,69.0,0.0,1.0
5a969ba8,57.0,55.0,2.0,0.0,0.0,0.0,2,0.0,0.0,0.0,0.0,0.0,33.0,0.0,0.0
47dbe004,137.0,136.0,1.0,1.0,2.0,0.0,1,0.0,0.0,0.0,0.0,0.0,84.0,0.0,4.0
b8441408,257.0,200.0,56.0,2.0,0.0,0.0,8,54.0,0.0,0.0,0.0,0.0,186.0,1.0,8.0
b1deecf8,260.0,250.0,9.0,9.0,0.0,0.0,0,0.0,0.0,0.0,0.0,0.0,236.0,1.0,2.0
7fe90ccd,628.0,534.0,93.0,8.0,0.0,0.0,49,85.0,0.0,0.0,0.0,0.0,538.0,1.0,23.0
f15b778f,329.0,318.0,10.0,8.0,0.0,0.0,1,2.0,0.0,0.0,0.0,0.0,288.0,1.0,5.0
c8c02ac7,301.0,226.0,74.0,6.0,0.0,1.0,10,68.0,0.0,0.0,0.0,0.0,229.0,1.0,8.0
c6500a29,67.0,60.0,7.0,0.0,0.0,1.0,2,0.0,0.0,0.0,0.0,0.0,42.0,0.0,1.0
bc647827,40.0,31.0,9.0,0.0,0.0,1.0,4,9.0,0.0,0.0,0.0,0.0,30.0,0.0,2.0
08a2c314,32.0,17.0,15.0,4.0,0.0,0.0,0,0.0,0.0,0.0,0.0,0.0,13.0,0.0,0.0
a5296e55,314.0,307.0,5.0,5.0,2.0,4.0,4,0.0,0.0,0.0,0.0,0.0,262.0,2.0,12.0
321f83a2,39.0,36.0,3.0,1.0,0.0,0.0,3,1.0,1.0,1.0,0.0,0.0,24.0,0.0,1.0
cbec1196,301.0,279.0,21.0,4.0,0.0,0.0,32,6.0,10.0,5.0,2.0,0.0,192.0,1.0,12.0
0a215326,164.0,160.0,2.0,1.0,0.0,1.0,3,1.0,0.0,0.0,0.0,0.0,131.0,2.0,8.0
4a1abff3,230.0,215.0,12.0,1.0,1.0,2.0,9,7.0,3.0,2.0,0.0,1.0,183.0,3.0,7.0
df746364,14.0,14.0,0.0,0.0,0.0,0.0,1,0.0,0.0,0.0,0.0,0.0,12.0,0.0,0.0
0f276764,46.0,29.0,16.0,6.0,0.0,0.0,0,0.0,0.0,0.0,0.0,0.0,22.0,1.0,0.0
