id,MP,Min,90s,Starts,Compl,Subs,unSub,PPM,onG,onGA,+/-,On-Off,onxG,onxGA,xG+/-,On-Off.1,MinGK,MPGK,StartsGK,90sGK
0018166b,0,0,0.0,0,0,0,1,0.0,0,0.0,0.0,0.0,0.0,0.0,0.0,0.0,0,0,0,0.0
00638016,0,0,0.0,0,0,0,2,0.0,0,0.0,0.0,0.0,0.0,0.0,0.0,0.0,0,0,0,0.0
00891164,25,2237,24.9,25,24,0,0,0.4,21,52.0,-31.0,5.68,28.0,38.8,-10.8,0.05,0,0,0,0.0
00a8d210,25,1785,19.8,19,10,6,0,2.0,32,12.0,20.0,1.2,34.7,19.7,15.0,0.15,0,0,0,0.0
0167017b,0,0,0.0,0,0,0,6,0.0,0,0.0,0.0,0.0,0.0,0.0,0.0,0.0,0,0,0,0.0
01870104,17,472,5.2,5,1,12,5,1.76,11,5.0,6.0,0.79,11.4,6.1,5.3,0.37,0,0,0,0.0
01becd60,12,223,2.5,1,0,11,5,1.5,5,4.0,1.0,-0.13,6.1,1.6,4.4,1.19,0,0,0,0.0
01fd01e8,13,685,7.7,7,6,6,8,3.6,6,11.0,-5.0,-2.85,9.9,8.6,1.4000000000000001,-0.62,0,0,0,0.0
02bcaf8e,17,481,5.3,3,1,14,7,1.59,7,3.0,4.0,0.34,7.5,7.2,0.3,-0.27,0,0,0,0.0
02e63f80,0,0,0.0,0,0,0,15,0.0,0,0.0,0.0,0.0,0.0,0.0,0.0,0.0,0,0,0,0.0
032f894e,14,424,4.7,3,0,11,1,2.5,14,5.0,9.0,0.43,11.4,5.7,5.7,0.3,0,0,0,0.0
03e91055,2,23,0.3,0,0,2,2,3.0,0,0.0,0.0,0.36,0.1,0.6,-0.5,-1.62,0,0,0,0.0
0400dd2f,6,202,2.2,2,0,4,3,2.33,5,1.0,4.0,1.43,4.3,2.4,1.9,0.64,0,0,0,0.0
04ac78d2,6,519,5.8,5,5,1,8,1.14,8,9.0,-1.0,-0.33,7.4,8.9,-1.6,0.09,0,0,0,0.0
04bb2b06,24,887,9.9,8,3,16,1,1.58,13,11.0,2.0,0.2,11.3,13.5,-2.1,0.21,0,0,0,0.0
0512a60a,16,1291,14.3,14,12,2,9,0.88,15,22.0,-7.0,0.08,13.1,20.9,-7.8,0.21,0,0,0,0.0
061266cd,5,158,1.8,1,1,4,20,1.2,0,3.0,-3.0,-1.92,1.9,3.1,-1.2,-0.4,0,0,0,0.0
065dc209,22,1717,19.1,21,7,1,0,4.22,33,26.0,7.0,1.46,22.5,29.7,-7.2,-0.59,0,0,0,0.0
06c48679,20,1660,18.4,20,14,0,0,2.0,32,18.0,14.0,0.0,35.1,18.7,16.4,0.63,0,0,0,0.0
06df8256,11,839,9.3,9,8,2,2,1.55,20,15.0,5.0,-0.36,14.5,15.2,-0.7,-0.65,0,0,0,0.0
07ace8c3,3,60,0.7,0,0,3,0,1.67,1,1.0,0.0,0.16,0.8,1.4,-0.6,-0.77,0,0,0,0.0
0810b6df,7,630,7.0,7,7,0,12,0.86,10,14.0,-4.0,-1.18,11.4,11.2,0.2,-0.41,630,7,7,7.0
08511d65,22,1714,19.0,20,15,2,0,2.32,45,18.0,27.0,-0.6,38.7,24.0,14.8,-0.83,0,0,0,0.0
08f5afaa,25,2250,25.0,25,25,0,0,2.4,62,23.0,39.0,0.0,54.9,30.6,24.3,0.0,2250,25,25,25.0
095e4199,18,898,10.0,11,0,7,7,1.5,11,5.0,6.0,0.53,15.3,12.6,2.7,-0.09,0,0,0,0.0
0a63446f,19,951,10.6,10,7,9,6,0.95,6,17.0,-11.0,0.0,10.1,14.4,-4.3,-0.43,0,0,0,0.0
0af4dcf0,3,59,0.7,0,0,3,2,2.33,1,1.0,0.0,-0.94,1.5,1.6,-0.1,-0.66,0,0,0,0.0
0b2c9aec,20,687,7.6,5,2,15,2,1.45,11,12.0,-1.0,-0.59,13.7,10.1,3.6,0.21,0,0,0,0.0
0b4d8274,14,788,8.8,10,1,4,1,0.71,11,20.0,-9.0,0.02,15.6,12.1,3.5,0.87,0,0,0,0.0
0b4f388a,25,1611,17.9,18,10,7,0,2.0,34,28.0,6.0,-1.5,27.6,25.2,2.4,-0.7,0,0,0,0.0
0be95d34,14,752,8.4,9,0,5,0,0.64,10,14.0,-4.0,0.24,12.7,13.7,-1.1,0.51,0,0,0,0.0
0bfca6a1,16,1265,14.1,15,8,1,0,1.06,15,20.0,-5.0,-0.36,17.7,18.9,-1.2,0.15,0,0,0,0.0
0cbc8baa,21,1487,16.5,15,14,6,4,0.86,17,27.0,-10.0,0.1,20.7,24.8,-4.0,0.65,0,0,0,0.0
0d7b6576,21,1692,18.8,20,7,1,0,1.1,27,31.0,-4.0,0.75,20.5,27.5,-7.0,0.51,0,0,0,0.0
0d836298,0,0,0.0,0,0,0,9,0.0,0,0.0,0.0,0.0,0.0,0.0,0.0,0.0,0,0,0,0.0
0df854bb,0,0,0.0,0,0,0,4,0.0,0,0.0,0.0,0.0,0.0,0.0,0.0,0.0,0,0,0,0.0
0e12089d,25,2250,25.0,25,25,0,0,1.28,41,45.0,-4.0,0.0,34.6,38.7,-4.2,0.0,2250,25,25,25.0
0e46fa2f,19,547,6.1,5,1,14,4,3.27,11,7.0,4.0,4.74,10.3,6.1,4.2,2.15,0,0,0,0.0
0e7ccfc4,19,615,6.8,4,1,15,6,1.21,9,11.0,-2.0,-0.13,5.7,10.8,-5.1,-0.83,0,0,0,0.0
0e8d7b6c,0,0,0.0,0,0,0,4,0.0,0,0.0,0.0,0.0,0.0,0.0,0.0,0.0,0,0,0,0.0
0ed063d6,21,1187,13.2,14,6,7,3,0.71,16,32.0,-16.0,-0.79,17.3,25.4,-8.0,0.36,0,0,0,0.0
0f8418aa,15,756,8.4,7,4,8,2,1.0,9,13.0,-4.0,0.07,8.1,15.0,-6.9,-0.28,0,0,0,0.0
0f86995c,2,15,0.2,0,0,2,2,2.0,0,0.0,0.0,0.64,0.3,0.1,0.2,1.5,0,0,0,0.0
0ff630d0,16,1029,11.4,12,9,4,8,2.38,16,20.0,-4.0,0.44,17.1,15.5,1.5999999999999999,0.29,0,0,0,0.0
101fc260,0,0,0.0,0,0,0,11,0.0,0,0.0,0.0,0.0,0.0,0.0,0.0,0.0,0,0,0,0.0
102c9665,9,544,6.0,5,4,4,15,1.89,13,14.0,-1.0,-0.9,12.3,7.9,4.4,0.02,0,0,0,0.0
104b4ad3,5,218,2.4,2,0,3,0,0.4,1,6.0,-5.0,-1.58,3.0,5.7,-2.7,-0.74,0,0,0,0.0
10dd88f9,24,934,10.4,10,0,14,0,0.83,10,21.0,-11.0,-0.03,11.9,16.7,-4.8,-0.21,0,0,0,0.0
10f0fdd3,19,1589,17.7,19,14,0,0,0.79,23,33.0,-10.0,-0.16,20.7,31.2,-10.5,0.14,0,0,0,0.0
114bbdee,1,90,1.0,1,1,0,4,3.0,2,1.0,1.0,0.33,1.2,1.4,-0.2,-0.62,0,0,0,0.0
11f54bd5,3,100,1.1,1,0,2,0,2.33,1,0.0,1.0,2.03,1.2,0.9,0.3,0.6,0,0,0,0.0
1361e5bc,2,180,2.0,2,2,0,1,0.5,1,3.0,-2.0,-0.7,2.2,3.1,-0.9,0.1,0,0,0,0.0
1467af0d,19,1424,15.8,18,8,1,0,2.53,45,13.0,32.0,1.26,37.9,18.5,19.4,0.69,0,0,0,0.0
148e136f,19,1464,16.3,16,9,3,1,1.84,30,15.0,15.0,1.15,32.4,14.4,18.0,1.13,0,0,0,0.0
14e7e7ad,0,0,0.0,0,0,0,1,0.0,0,0.0,0.0,0.0,0.0,0.0,0.0,0.0,0,0,0,0.0
15944afd,12,626,7.0,7,3,5,9,2.17,13,11.0,2.0,-0.65,10.4,10.3,0.1,-0.45,0,0,0,0.0
16aa7d4c,18,1575,17.5,17,17,1,1,0.83,17,29.0,-12.0,-0.15,20.9,24.1,-3.2,0.94,0,0,0,0.0
17e25e72,2,23,0.3,0,0,2,4,0.0,0,1.0,-1.0,-2.9,0.2,0.4,-0.2,-0.71,0,0,0,0.0
18563ea7,0,0,0.0,0,0,0,9,0.0,0,0.0,0.0,0.0,0.0,0.0,0.0,0.0,0,0,0,0.0
1880614f,24,1397,15.5,16,6,8,1,2.04,33,14.0,19.0,0.8,26.5,16.7,9.8,0.34,0,0,0,0.0
18ebca4b,6,254,2.8,3,1,3,0,0.83,3,9.0,-6.0,-1.22,2.8,5.8,-3.0,-0.81,0,0,0,0.0
19053e31,18,1039,11.5,12,3,6,2,4.82,18,8.0,10.0,1.26,18.8,12.8,5.9,1.98,0,0,0,0.0
1956b948,23,1388,15.4,15,6,8,0,1.22,11,21.0,-10.0,-0.75,15.8,25.2,-9.3,-0.18,0,0,0,0.0
1961b2aa,17,963,10.7,10,6,7,0,1.82,22,12.0,10.0,0.72,20.1,10.6,9.5,0.31,0,0,0,0.0
19ba6c6d,10,541,6.0,7,1,3,1,1.0,8,8.0,0.0,0.84,8.3,10.4,-2.1,0.16,0,0,0,0.0
1a066e69,19,1362,15.1,15,12,4,3,1.11,16,23.0,-7.0,-0.16,16.4,27.7,-11.2,-0.62,0,0,0,0.0
1a248246,19,1218,13.6,15,1,4,1,1.91,18,30.0,-12.0,-0.11,20.2,21.2,-0.9000000000000001,0.3,0,0,0,0.0
1a2935f6,8,696,7.7,8,6,0,0,1.75,11,7.0,4.0,0.11,11.4,9.1,2.3,-0.02,0,0,0,0.0
1a6b7ea4,19,1041,11.6,9,7,10,5,1.68,13,16.0,-3.0,-1.38,14.4,14.3,0.1,-0.48,0,0,0,0.0
1a85bcdb,20,1656,18.4,18,17,2,4,0.7,14,38.0,-24.0,-1.0,20.7,27.1,-6.4,-0.71,0,0,0,0.0
1b5b32d2,1,19,0.2,0,0,1,6,0.0,0,1.0,-1.0,-3.93,0.0,0.4,-0.3,-0.85,0,0,0,0.0
1b729a98,1,82,0.9,0,0,1,3,3.0,1,0.0,1.0,2.22,0.5,0.5,0.0,0.12,82,1,0,0.9
1bd5bdc4,1,8,0.1,0,0,1,0,3.0,0,0.0,0.0,-0.68,0.0,0.1,-0.1,-1.14,0,0,0,0.0
1bfb6fef,24,1962,21.8,22,18,2,0,1.71,35,27.0,8.0,-1.2,38.9,25.9,13.0,-0.92,0,0,0,0.0
1d2d5cc8,23,2025,22.5,23,22,0,1,1.87,41,24.0,17.0,0.76,37.3,28.2,9.1,0.53,2025,23,23,22.5
1d383c10,1,9,0.1,0,0,1,1,1.0,0,0.0,0.0,0.52,0.2,0.4,-0.2,-0.93,0,0,0,0.0
1d5c96f8,18,1473,16.4,17,10,1,0,1.33,29,29.0,0.0,0.46,24.9,25.6,-0.7,0.36,0,0,0,0.0
1ddbc7ca,21,1588,17.6,17,14,4,2,1.48,21,18.0,3.0,-1.05,23.5,22.2,1.4,-0.63,0,0,0,0.0
1df4a109,16,874,9.7,8,5,8,8,2.0,17,12.0,5.0,-0.27,14.3,13.4,0.9,-0.42,0,0,0,0.0
1e52971c,20,1325,14.7,14,9,6,4,1.6,20,14.0,6.0,-0.08,21.2,18.2,3.0,-0.29,0,0,0,0.0
1e7aea56,22,1898,21.1,22,21,0,0,0.82,16,40.0,-24.0,-0.63,25.3,30.5,-5.3,-0.56,1898,22,22,21.1
1e93fc5d,2,36,0.4,0,0,2,6,0.5,1,0.0,1.0,2.74,0.8,0.0,0.7,2.05,0,0,0,0.0
1ec7e1c5,7,338,3.8,3,2,4,11,1.71,6,6.0,0.0,-0.52,7.4,4.1,3.3,0.65,0,0,0,0.0
1f6298f2,1,4,0.0,0,0,1,3,3.0,0,0.0,0.0,-0.92,0.4,0.0,0.4,6.11,0,0,0,0.0
2054d037,19,1052,11.7,13,2,6,0,0.79,6,26.0,-20.0,-1.26,12.0,17.4,-5.4,-0.23,0,0,0,0.0
209528d3,0,0,0.0,0,0,0,1,0.0,0,0.0,0.0,0.0,0.0,0.0,0.0,0.0,0,0,0,0.0
20b9f052,21,1890,21.0,21,21,0,1,2.24,41,20.0,21.0,0.5,37.0,25.9,11.1,0.13,1890,21,21,21.0
20e0dd86,24,1430,15.9,18,4,6,0,0.83,7,32.0,-25.0,-1.46,15.9,21.7,-5.8,-0.56,0,0,0,0.0
20e73fac,24,1941,21.6,24,9,0,0,1.79,40,24.0,16.0,0.45,34.7,26.8,7.8,0.1,0,0,0,0.0
2180c761,5,213,2.4,2,0,3,14,2.4,4,5.0,-1.0,-2.19,4.2,4.3,-0.2,-1.15,0,0,0,0.0
22396615,1,20,0.2,0,0,1,2,1.0,0,0.0,0.0,0.85,0.1,0.6,-0.6,-1.74,0,0,0,0.0
22768e08,0,0,0.0,0,0,0,6,0.0,0,0.0,0.0,0.0,0.0,0.0,0.0,0.0,0,0,0,0.0
22bfb57e,5,368,4.1,4,3,1,0,0.8,3,4.0,-1.0,-0.39,5.3,5.0,0.3,0.48,0,0,0,0.0
2321ea6e,24,2160,24.0,24,24,0,1,1.63,38,35.0,3.0,1.12,29.6,38.0,-8.4,-0.21,0,0,0,0.0
23c63b7f,22,1034,11.5,10,3,12,0,3.56,12,19.0,-7.0,-2.97,14.1,15.3,-1.2,-2.59,0,0,0,0.0
2405094a,0,0,0.0,0,0,0,1,0.0,0,0.0,0.0,0.0,0.0,0.0,0.0,0.0,0,0,0,0.0
2434f24a,19,1710,19.0,19,19,0,6,0.68,16,41.0,-25.0,-1.15,18.6,31.0,-12.4,-1.3,1710,19,19,19.0
25749008,22,1443,16.0,17,5,5,0,1.27,18,22.0,-4.0,0.31,19.3,23.9,-4.5,0.7,0,0,0,0.0
2677a1de,17,988,11.0,11,3,6,2,1.0,16,25.0,-9.0,-0.75,12.2,19.0,-6.8,-0.21,0,0,0,0.0
279ddf6a,23,1623,18.0,17,15,6,2,0.78,22,40.0,-18.0,-0.57,19.5,37.0,-17.5,-0.68,0,0,0,0.0
27c91f71,0,0,0.0,0,0,0,2,0.0,0,0.0,0.0,0.0,0.0,0.0,0.0,0.0,0,0,0,0.0
28a65a2c,0,0,0.0,0,0,0,7,0.0,0,0.0,0.0,0.0,0.0,0.0,0.0,0.0,0,0,0,0.0
28dabd43,17,1530,17.0,17,17,0,8,0.24,13,38.0,-25.0,-0.6,18.0,26.5,-8.5,-0.21,1530,17,17,17.0
29939a1d,22,898,10.0,12,0,10,3,1.59,19,18.0,1.0,0.03,12.6,16.7,-4.1,-0.11,0,0,0,0.0
29c02c9f,14,599,6.7,7,0,7,1,1.0,7,9.0,-2.0,0.3,8.4,10.2,-1.9,0.48,0,0,0,0.0
2a74ef47,0,0,0.0,0,0,0,1,0.0,0,0.0,0.0,0.0,0.0,0.0,0.0,0.0,0,0,0,0.0
2acd49b9,18,1236,13.7,14,7,4,2,1.06,12,17.0,-5.0,-0.36,12.4,17.9,-5.6,-0.56,0,0,0,0.0
2acf0cd7,21,1577,17.5,18,11,3,0,1.48,24,20.0,4.0,-0.17,28.1,23.7,4.4,-0.23,0,0,0,0.0
2b089203,0,0,0.0,0,0,0,2,0.0,0,0.0,0.0,0.0,0.0,0.0,0.0,0.0,0,0,0,0.0
2b1bed19,25,1602,17.8,17,13,8,0,0.8,15,34.0,-19.0,-1.48,17.4,30.2,-12.9,-0.9,0,0,0,0.0
2b471f99,14,838,9.3,11,2,3,0,1.29,15,9.0,6.0,0.26,13.8,9.4,4.4,0.34,0,0,0,0.0
2c0f8e9e,22,1638,18.2,19,5,3,2,2.05,34,17.0,17.0,0.05,32.5,22.4,10.2,0.2,0,0,0,0.0
2c70d915,2,98,1.1,1,1,1,3,1.5,1,6.0,-5.0,-4.63,1.8,2.6,-0.8,-0.58,0,0,0,0.0
2ccd89a3,6,385,4.3,4,2,2,0,1.17,4,7.0,-3.0,-0.22,3.7,5.8,-2.1,0.17,0,0,0,0.0
2d22cea7,3,266,3.0,3,0,0,0,2.33,5,3.0,2.0,0.68,6.3,4.0,2.3,1.28,0,0,0,0.0
2d70dbe5,0,0,0.0,0,0,0,3,0.0,0,0.0,0.0,0.0,0.0,0.0,0.0,0.0,0,0,0,0.0
2db2fd7b,6,315,3.5,4,1,2,8,2.0,5,3.0,2.0,0.15,4.4,4.2,0.2,-0.31,0,0,0,0.0
2f9e4435,18,1548,17.2,18,13,0,0,1.61,27,25.0,2.0,0.12,21.1,26.6,-5.4,0.08,0,0,0,0.0
2fa2a875,6,540,6.0,6,6,0,0,1.67,8,6.0,2.0,0.96,6.9,9.5,-2.6,0.09,540,6,6,6.0
300ec91c,2,13,0.1,0,0,2,10,0.0,0,0.0,0.0,0.52,0.3,0.5,-0.2,-0.65,0,0,0,0.0
3010aefb,16,312,3.5,3,0,13,9,1.38,4,2.0,2.0,0.9,5.2,5.7,-0.5,0.0,0,0,0,0.0
30144daa,13,814,9.0,11,2,2,1,0.85,10,14.0,-4.0,-0.07,9.1,15.9,-6.7,-0.39,0,0,0,0.0
307581ff,0,0,0.0,0,0,0,2,0.0,0,0.0,0.0,0.0,0.0,0.0,0.0,0.0,0,0,0,0.0
30af8b93,22,1847,20.5,20,17,2,1,2.0,45,23.0,22.0,1.74,34.6,27.5,7.1,0.05,0,0,0,0.0
30db8574,0,0,0.0,0,0,0,4,0.0,0,0.0,0.0,0.0,0.0,0.0,0.0,0.0,0,0,0,0.0
31626657,17,1281,14.2,16,9,1,0,2.06,24,21.0,3.0,0.3,19.0,22.7,-3.7,0.19,0,0,0,0.0
31822f8c,24,1853,20.6,21,9,3,0,1.5,30,18.0,12.0,1.72,36.7,25.5,11.2,1.26,0,0,0,0.0
3189f61a,21,1759,19.5,20,16,1,0,0.43,17,44.0,-27.0,-0.46,20.5,30.1,-9.6,-0.27,0,0,0,0.0
321a71a7,21,1565,17.4,18,13,3,0,1.0,19,28.0,-9.0,0.01,19.8,30.6,-10.7,0.06,0,0,0,0.0
32c2d95f,25,2250,25.0,25,25,0,0,1.48,33,26.0,7.0,0.0,40.8,32.7,8.1,0.0,0,0,0,0.0
32f3d97e,4,78,0.9,1,0,3,9,0.6,3,1.0,2.0,2.6,0.7,0.4,0.3,0.5,0,0,0,0.0
3322e296,6,170,1.9,2,1,4,11,2.33,5,0.0,5.0,2.34,2.6,0.9,1.6,0.65,0,0,0,0.0
34a88e3e,14,700,7.8,8,1,6,7,2.07,17,8.0,9.0,0.92,15.0,7.3,7.7,0.41,0,0,0,0.0
35516eac,22,1050,11.7,10,3,12,2,0.86,20,30.0,-10.0,-0.03,14.1,24.9,-10.8,-0.28,0,0,0,0.0
357103bd,23,1520,16.9,16,6,7,0,1.22,33,25.0,8.0,1.95,24.3,23.3,0.9,0.69,0,0,0,0.0
3670aa71,1,9,0.1,0,0,1,1,0.0,0,1.0,-1.0,-9.0,0.1,0.1,-0.1,-0.43,0,0,0,0.0
3681cfff,14,1048,11.6,12,9,2,8,0.86,10,13.0,-3.0,0.72,10.7,20.7,-9.9,-0.73,0,0,0,0.0
3708e9fa,24,1711,19.0,19,6,5,0,1.96,41,22.0,19.0,1.0,31.8,23.2,8.6,0.5,0,0,0,0.0
37143438,1,45,0.5,0,0,1,1,0.0,0,0.0,0.0,-0.78,0.4,1.2,-0.8,-1.95,0,0,0,0.0
374fbf7d,22,1221,13.6,12,2,10,2,0.95,15,28.0,-13.0,0.18,17.6,20.1,-2.6,-0.06,0,0,0,0.0
375622c5,22,1781,19.8,21,13,1,0,0.95,28,38.0,-10.0,-0.51,22.6,31.1,-8.5,0.33,0,0,0,0.0
380a15e2,0,0,0.0,0,0,0,3,0.0,0,0.0,0.0,0.0,0.0,0.0,0.0,0.0,0,0,0,0.0
3814120d,5,408,4.5,4,4,1,15,0.2,5,11.0,-6.0,-1.13,5.0,10.3,-5.3,-0.81,408,5,4,4.5
38309b03,0,0,0.0,0,0,0,1,0.0,0,0.0,0.0,0.0,0.0,0.0,0.0,0.0,0,0,0,0.0
386de9b1,0,0,0.0,0,0,0,1,0.0,0,0.0,0.0,0.0,0.0,0.0,0.0,0.0,0,0,0,0.0
3870f7c3,0,0,0.0,0,0,0,7,0.0,0,0.0,0.0,0.0,0.0,0.0,0.0,0.0,0,0,0,0.0
3916b09c,7,630,7.0,7,7,0,10,0.86,8,12.0,-4.0,0.65,6.1,10.7,-4.6,-0.44,0,0,0,0.0
3935e52e,21,1247,13.9,15,8,6,0,2.19,33,12.0,21.0,1.34,26.8,16.3,10.6,0.58,0,0,0,0.0
3975195f,20,1499,16.7,18,9,2,1,0.8,21,36.0,-15.0,-0.18,16.9,30.5,-13.6,-0.11,0,0,0,0.0
397ba086,24,1223,13.6,14,1,10,0,1.29,14,15.0,-1.0,0.63,15.6,17.7,-2.1,0.84,0,0,0,0.0
39b326ed,6,381,4.2,4,4,2,0,1.5,9,8.0,1.0,0.48,8.2,6.7,1.5,0.62,0,0,0,0.0
3a24769f,17,626,7.0,6,2,11,2,1.76,8,9.0,-1.0,-0.86,9.0,9.3,-0.3,-0.43,0,0,0,0.0
3b029691,23,1545,17.2,19,4,4,1,2.43,38,15.0,23.0,-0.7,35.6,20.9,14.7,-0.37,0,0,0,0.0
3b676989,4,63,0.7,0,0,4,1,1.75,0,0.0,0.0,-0.78,0.1,1.5,-1.4,-2.76,0,0,0,0.0
3bd65247,9,612,6.8,8,0,1,1,2.22,16,9.0,7.0,0.37,11.6,6.4,5.2,0.59,0,0,0,0.0
3befc2b6,24,2142,23.8,24,21,0,1,1.17,24,27.0,-3.0,1.54,27.6,30.5,-2.9,0.62,0,0,0,0.0
3c6bbbab,12,917,10.2,10,8,2,1,1.42,8,5.0,3.0,0.83,11.4,10.0,1.4,0.49,0,0,0,0.0
3cdfc63e,19,1637,18.2,19,17,0,5,0.53,13,32.0,-19.0,0.86,19.9,26.2,-6.2,0.33,0,0,0,0.0
3d214e5f,24,2160,24.0,24,24,0,0,0.79,26,42.0,-16.0,-0.67,26.5,38.5,-12.0,-0.93,2160,24,24,24.0
3dd738a1,13,615,6.8,7,4,6,1,2.46,12,9.0,3.0,-0.44,11.7,9.6,2.1,-0.04,0,0,0,0.0
3eaf8817,14,269,3.0,1,0,13,6,1.14,6,4.0,2.0,1.35,4.3,6.0,-1.7,0.07,0,0,0,0.0
3ecc8c5f,25,2249,25.0,25,24,0,0,1.24,24,34.0,-10.0,-90.4,26.4,40.1,-13.7,-25.51,0,0,0,0.0
3ef0fa48,11,345,3.8,3,0,8,7,2.18,9,6.0,3.0,0.03,6.7,6.9,-0.3,-0.48,0,0,0,0.0
3f319bb9,24,2095,23.3,24,22,0,0,1.33,41,39.0,2.0,3.57,33.4,34.0,-0.7,2.03,0,0,0,0.0
3f3a2cba,0,0,0.0,0,0,0,2,0.0,0,0.0,0.0,0.0,0.0,0.0,0.0,0.0,0,0,0,0.0
40221fa7,17,1187,13.2,14,10,3,3,1.0,16,21.0,-5.0,-1.82,18.6,18.8,-0.10000000000000009,-1.2,0,0,0,0.0
40774c6b,15,435,4.9,4,0,11,1,2.7,9,4.0,5.0,1.27,8.899999999999999,5.1,3.8000000000000003,1.66,0,0,0,0.0
40ef7347,20,1331,14.8,19,1,1,1,1.3,28,26.0,2.0,0.72,24.1,22.3,1.8,0.71,0,0,0,0.0
419b3fd0,0,0,0.0,0,0,0,3,0.0,0,0.0,0.0,0.0,0.0,0.0,0.0,0.0,0,0,0,0.0
41eebdf5,17,1271,14.1,16,9,1,1,2.24,27,13.0,14.0,0.16,25.3,15.8,9.6,0.39,0,0,0,0.0
42276181,23,1637,18.2,19,7,4,0,0.83,23,32.0,-9.0,0.09,20.9,33.8,-12.9,-0.28,0,0,0,0.0
42fd9c7f,21,1648,18.3,19,13,2,0,2.43,46,16.0,30.0,0.29,41.5,24.2,17.3,-0.09,0,0,0,0.0
4315f30d,11,536,6.0,6,4,5,11,2.18,8,11.0,-3.0,-1.66,7.6,8.3,-0.7,-0.6,0,0,0,0.0
433dc9a2,19,1069,11.9,11,7,8,5,2.47,25,11.0,14.0,-0.73,22.1,16.6,5.4,-0.98,0,0,0,0.0
43e7a164,23,1976,22.0,23,20,0,1,0.91,26,37.0,-11.0,0.16,24.9,36.9,-11.9,0.75,0,0,0,0.0
4534a352,5,373,4.1,4,3,1,4,1.2,5,4.0,1.0,-0.53,6.6,6.3,0.3,-0.33,0,0,0,0.0
45cce300,1,24,0.3,0,0,1,1,3.0,2,1.0,1.0,3.35,0.9,0.6,0.3,0.84,0,0,0,0.0
462475ed,13,771,8.6,9,4,4,1,0.62,12,18.0,-6.0,-0.27,10.8,13.6,-2.8,0.47,0,0,0,0.0
46359159,11,511,5.7,5,3,6,0,2.18,8,6.0,2.0,-0.53,11.2,6.7,4.5,0.08,0,0,0,0.0
46750e9c,6,66,0.7,0,0,6,7,1.0,1,2.0,-1.0,-1.69,1.7,1.6,0.2,-0.1,0,0,0,0.0
468fdbad,9,191,2.1,1,0,8,13,1.78,0,4.0,-4.0,-2.63,3.3,2.2,1.1,-0.2,0,0,0,0.0
46faabfa,4,315,3.5,4,2,0,0,0.5,2,4.0,-2.0,0.82,2.5,4.6,-2.2,-0.22,0,0,0,0.0
477e50ce,1,90,1.0,1,1,0,21,1.0,2,2.0,0.0,0.21,1.7,0.7,1.1,1.26,90,1,1,1.0
47c609d5,3,91,1.0,1,0,2,2,0.33,0,4.0,-4.0,-4.41,0.8,0.8,0.1,-0.27,0,0,0,0.0
489e80e3,19,1473,16.4,17,12,2,1,2.05,38,23.0,15.0,0.45,28.2,21.5,6.7,0.22,0,0,0,0.0
48b28bfd,19,834,9.3,10,0,9,3,0.79,9,12.0,-3.0,0.31,11.8,13.9,-2.1,0.65,0,0,0,0.0
48d5bd33,8,490,5.4,5,1,3,0,2.0,10,7.0,3.0,-0.47,10.3,6.5,3.8,0.24,0,0,0,0.0
49070d66,16,1009,11.2,10,9,6,4,0.94,18,21.0,-3.0,0.46,13.1,23.0,-9.9,-0.46,0,0,0,0.0
49136c42,13,1038,11.5,12,9,1,4,0.85,11,18.0,-7.0,-1.65,15.3,16.0,-0.7,-0.71,0,0,0,0.0
4917d8f5,0,0,0.0,0,0,0,1,0.0,0,0.0,0.0,0.0,0.0,0.0,0.0,0.0,0,0,0,0.0
4a0c6555,0,0,0.0,0,0,0,3,0.0,0,0.0,0.0,0.0,0.0,0.0,0.0,0.0,0,0,0,0.0
4a56052c,25,1693,18.8,18,11,7,0,2.08,36,16.0,20.0,0.58,32.5,22.2,10.2,0.15,0,0,0,0.0
4a5e83ad,8,276,3.1,3,0,5,15,1.0,1,6.0,-5.0,-2.41,3.2,4.1,-0.9,-0.63,0,0,0,0.0
4a987ffa,2,25,0.3,0,0,2,10,1.0,0,0.0,0.0,-0.08,0.3,0.3,-0.1,0.06,0,0,0,0.0
4b792f35,2,37,0.4,0,0,2,1,1.5,1,2.0,-1.0,-2.07,0.3,2.8,-2.5,-5.7,0,0,0,0.0
4b96c347,4,206,2.3,3,0,1,0,1.25,5,3.0,2.0,0.13,3.9,1.9,2.0,0.14,0,0,0,0.0
4be0b467,8,437,4.9,5,2,3,0,1.0,4,12.0,-8.0,-0.46,5.7,7.0,-1.3,0.2,0,0,0,0.0
4ca4f601,21,1407,15.6,19,0,2,3,1.19,30,28.0,2.0,0.77,23.7,24.4,-0.7,0.33,0,0,0,0.0
4db5915d,12,639,7.1,6,3,6,4,1.08,9,10.0,-1.0,-0.31,7.5,10.0,-2.5,-0.02,0,0,0,0.0
4e0afc5d,12,361,4.0,3,0,9,5,1.17,6,9.0,-3.0,-0.41,6.1,8.7,-2.6,-0.19,0,0,0,0.0
4e47507a,8,390,4.3,5,0,3,2,1.13,1,4.0,-3.0,0.42,3.8,4.7,-0.9,-0.05,0,0,0,0.0
4e7db402,24,2159,24.0,24,23,0,0,1.13,24,29.0,-5.0,-0.21,26.8,31.7,-4.8,-1.25,2159,24,24,24.0
4fb18ca4,2,76,0.8,0,0,2,7,1.5,2,1.0,1.0,1.76,1.1,2.4,-1.3,-0.9,0,0,0,0.0
4fe0044b,0,0,0.0,0,0,0,1,0.0,0,0.0,0.0,0.0,0.0,0.0,0.0,0.0,0,0,0,0.0
5065d67d,2,126,1.4,1,1,1,14,0.5,2,3.0,-1.0,0.35,1.8,1.5,0.3,0.57,0,0,0,0.0
5069b796,15,1061,11.8,12,10,3,5,0.6,16,26.0,-10.0,-0.39,13.3,18.2,-4.9,0.08,0,0,0,0.0
508a9011,1,2,0.0,0,0,1,3,3.0,1,0.0,1.0,44.6,0.6,0.1,0.6,53.48,0,0,0,0.0
50ac8941,2,47,0.5,0,0,2,1,0.5,2,0.0,2.0,4.44,1.9,0.4,1.5,3.52,0,0,0,0.0
5148dcc5,16,1319,14.7,16,7,0,0,2.06,29,17.0,12.0,0.34,25.0,16.0,9.1,0.65,0,0,0,0.0
5167c97e,23,1109,12.3,12,8,11,0,2.0,11,5.0,6.0,-0.54,21.8,12.6,9.3,0.05,0,0,0,0.0
51c30111,23,1475,16.4,17,6,6,0,0.91,22,34.0,-12.0,-0.62,16.8,32.8,-16.1,-1.0,0,0,0,0.0
51c83a90,0,0,0.0,0,0,0,23,0.0,0,0.0,0.0,0.0,0.0,0.0,0.0,0.0,0,0,0,0.0
5219ab4a,21,1541,17.1,19,9,2,0,2.14,35,13.0,22.0,1.16,28.6,21.3,7.3,-0.25,0,0,0,0.0
52cd0e88,2,35,0.4,0,0,2,1,0.0,1,1.0,0.0,0.16,0.2,0.7,-0.5,-1.21,0,0,0,0.0
5313ed43,23,2012,22.4,22,18,1,0,2.0,32,17.0,15.0,-0.84,39.1,23.8,15.2,-0.41,0,0,0,0.0
531a4aa8,17,1362,15.1,17,10,0,0,0.47,10,30.0,-20.0,-0.11,16.5,23.4,-6.9,-0.06,0,0,0,0.0
53af52f3,23,2070,23.0,23,23,0,2,1.74,32,19.0,13.0,1.07,32.4,26.0,6.4,0.17,2070,23,23,23.0
546bb36e,19,914,10.2,10,2,9,4,1.74,12,16.0,-4.0,-0.8,8.3,18.1,-9.8,-1.05,0,0,0,0.0
547a72ad,5,145,1.6,2,0,3,5,1.2,1,2.0,-1.0,-1.48,2.9,2.2,0.7,-0.3,0,0,0,0.0
55168bb4,0,0,0.0,0,0,0,4,0.0,0,0.0,0.0,0.0,0.0,0.0,0.0,0.0,0,0,0,0.0
55d360a3,0,0,0.0,0,0,0,5,0.0,0,0.0,0.0,0.0,0.0,0.0,0.0,0.0,0,0,0,0.0
562a4799,5,450,5.0,5,5,0,0,1.4,6,6.0,0.0,0.5,6.2,7.7,-1.5,0.26,0,0,0,0.0
563fcd6b,22,987,11.0,11,1,11,0,0.91,7,24.0,-17.0,-0.91,10.3,16.5,-6.2,-0.4,0,0,0,0.0
5680bf3f,14,643,7.1,7,2,7,2,1.07,7,8.0,-1.0,0.31,5.6,11.0,-5.5,-0.32,0,0,0,0.0
56a66faa,0,0,0.0,0,0,0,14,0.0,0,0.0,0.0,0.0,0.0,0.0,0.0,0.0,0,0,0,0.0
56ae428b,24,2047,22.7,22,22,2,1,0.88,22,43.0,-21.0,1.29,24.9,32.2,-7.3,0.2,0,0,0,0.0
574aa9ec,1,7,0.1,0,0,1,10,3.0,2,0.0,2.0,25.03,0.4,0.0,0.4,3.96,0,0,0,0.0
576817b7,6,433,4.8,5,2,1,0,1.17,4,4.0,0.0,0.25,5.8,5.4,0.5,0.31,0,0,0,0.0
57a46f3f,0,0,0.0,0,0,0,1,0.0,0,0.0,0.0,0.0,0.0,0.0,0.0,0.0,0,0,0,0.0
57e3f0c7,15,1225,13.6,14,7,1,1,1.53,15,12.0,3.0,-0.57,18.6,16.5,2.2,-0.25,0,0,0,0.0
587823f4,0,0,0.0,0,0,0,1,0.0,0,0.0,0.0,0.0,0.0,0.0,0.0,0.0,0,0,0,0.0
588a48f2,0,0,0.0,0,0,0,3,0.0,0,0.0,0.0,0.0,0.0,0.0,0.0,0.0,0,0,0,0.0
58ae47b2,19,710,7.9,8,1,11,4,1.95,22,11.0,11.0,0.69,13.9,9.6,4.2,0.04,0,0,0,0.0
595e6f3e,25,1316,14.6,13,3,12,0,1.12,20,18.0,2.0,0.81,16.4,19.5,-3.1,-0.15,0,0,0,0.0
59948ef7,23,1294,14.4,16,1,7,0,2.0,23,7.0,16.0,0.83,29.4,13.3,16.1,0.93,0,0,0,0.0
5a6b06cd,3,24,0.3,0,0,3,1,0.0,0,0.0,0.0,1.05,1.2,0.0,1.1,4.48,0,0,0,0.0
5b146df3,23,1923,21.4,22,20,1,2,0.87,25,37.0,-12.0,0.54,25.6,35.1,-9.4,0.15,0,0,0,0.0
5b1bf5e3,2,22,0.2,0,0,2,4,2.0,1,0.0,1.0,3.36,0.5,0.4,0.0,-0.7,0,0,0,0.0
5b3cfa12,3,47,0.5,0,0,3,10,1.0,0,0.0,0.0,-1.59,0.5,1.2,-0.7,-2.35,0,0,0,0.0
5b479568,6,127,1.4,1,0,5,10,2.17,4,4.0,0.0,-0.81,3.5,2.6,0.9,0.33,0,0,0,0.0
5b4bc323,10,867,9.6,10,9,0,6,0.9,9,20.0,-11.0,-0.17,9.7,15.1,-5.4,-0.36,0,0,0,0.0
5b92d896,17,782,8.7,8,0,9,8,2.47,19,14.0,5.0,-1.51,15.2,10.1,5.1,-0.59,0,0,0,0.0
5b9512c5,22,1907,21.2,21,21,1,1,1.55,35,26.0,9.0,-0.1,33.4,24.3,9.1,0.71,0,0,0,0.0
5bf26efc,1,55,0.6,0,0,1,6,0.0,0,1.0,-1.0,-0.61,0.1,0.3,-0.2,-0.19,0,0,0,0.0
5c42e7ce,2,180,2.0,2,2,0,7,0.0,2,6.0,-4.0,-1.04,1.4,5.0,-3.6,-1.6,0,0,0,0.0
5cb215fc,15,1243,13.8,15,12,0,1,0.67,10,30.0,-20.0,-0.91,13.4,20.9,-7.5,-0.45,0,0,0,0.0
5ceba7fc,24,1625,18.0,18,8,6,0,3.12,29,20.0,9.0,0.67,30.0,22.0,7.9,0.65,0,0,0,0.0
5d0e0a1f,25,1787,19.9,21,12,4,0,1.84,35,24.0,11.0,-0.61,32.0,26.7,5.3,-0.4,0,0,0,0.0
5d8d7454,6,415,4.6,5,2,1,0,1.17,4,9.0,-5.0,-0.69,3.8,7.7,-4.0,-0.27,0,0,0,0.0
5d9577aa,6,321,3.6,3,3,3,5,0.5,3,12.0,-9.0,-1.73,1.7,5.6,-3.9,-1.07,0,0,0,0.0
5e080f73,10,233,2.6,1,0,9,4,0.9,1,8.0,-7.0,-2.3,2.3,5.4,-3.1,-0.81,0,0,0,0.0
5e22e2a4,13,1037,11.5,12,10,1,0,1.54,18,13.0,5.0,-0.46,18.7,15.7,3.0,-0.17,0,0,0,0.0
5e5249c8,23,1235,13.7,14,3,9,1,0.65,11,24.0,-13.0,0.21,14.4,21.5,-7.1,-0.39,0,0,0,0.0
5e6355f8,3,65,0.7,1,0,2,11,0.0,1,4.0,-3.0,-4.11,0.3,2.2,-1.9,-2.56,0,0,0,0.0
5ea8ef20,23,1571,17.5,18,10,5,0,2.13,28,17.0,11.0,-0.96,30.4,23.0,7.4,-0.28,0,0,0,0.0
5f0241b2,0,0,0.0,0,0,0,13,0.0,0,0.0,0.0,0.0,0.0,0.0,0.0,0.0,0,0,0,0.0
5f3eaaf5,21,1664,18.5,20,8,1,0,1.0,18,23.0,-5.0,-0.27,19.3,23.3,-4.0,-0.25,0,0,0,0.0
5fdcb075,11,976,10.8,11,9,0,4,2.09,18,5.0,13.0,1.62,20.4,13.3,7.1,0.59,0,0,0,0.0
6043997c,12,972,10.8,12,10,0,0,0.67,16,23.0,-7.0,-0.23,12.6,22.2,-9.5,-0.44,0,0,0,0.0
60d90c55,25,2250,25.0,25,25,0,0,2.0,39,20.0,19.0,0.0,45.3,27.2,18.1,0.0,2250,25,25,25.0
6191093d,24,1847,20.5,20,13,4,1,1.17,22,18.0,4.0,2.2,26.7,23.2,3.4,1.79,0,0,0,0.0
61b77d0a,8,194,2.2,2,1,6,3,1.63,1,4.0,-3.0,-1.83,1.6,4.8,-3.2,-1.97,0,0,0,0.0
61f80c89,0,0,0.0,0,0,0,2,0.0,0,0.0,0.0,0.0,0.0,0.0,0.0,0.0,0,0,0,0.0
62124972,0,0,0.0,0,0,0,23,0.0,0,0.0,0.0,0.0,0.0,0.0,0.0,0.0,0,0,0,0.0
627b570a,4,64,0.7,0,0,4,0,0.75,0,2.0,-2.0,-1.82,0.3,1.6,-1.4,-1.79,0,0,0,0.0
62e02107,9,93,1.0,0,0,9,12,1.78,5,2.0,3.0,2.24,2.6,3.3,-0.7,-1.49,0,0,0,0.0
636247ca,17,311,3.5,1,0,16,3,1.18,5,8.0,-3.0,-0.82,4.3,5.8,-1.6,-0.33,0,0,0,0.0
6388e356,22,1526,17.0,17,12,5,3,1.09,28,30.0,-2.0,0.88,20.4,30.0,-9.6,-0.2,0,0,0,0.0
645a3363,24,1877,20.9,23,8,1,0,1.71,38,28.0,10.0,-0.24,37.5,24.9,12.6,-0.64,0,0,0,0.0
64748421,0,0,0.0,0,0,0,11,0.0,0,0.0,0.0,0.0,0.0,0.0,0.0,0.0,0,0,0,0.0
64ba07c0,14,653,7.3,7,2,7,2,0.71,7,16.0,-9.0,-1.02,8.6,13.0,-4.5,0.03,0,0,0,0.0
64c14d49,20,924,10.3,11,3,9,1,1.45,11,9.0,2.0,-0.14,17.2,12.0,5.2,0.31,0,0,0,0.0
64f69877,8,290,3.2,3,0,5,4,2.0,7,3.0,4.0,0.55,5.8,3.0,2.8,0.6,0,0,0,0.0
652d4c37,18,1082,12.0,14,3,4,0,1.56,25,16.0,9.0,0.59,20.9,14.2,6.7,0.45,0,0,0,0.0
654f49ca,8,198,2.2,1,0,7,6,1.13,3,3.0,0.0,0.44,3.0,3.7,-0.8,0.17,0,0,0,0.0
65c55288,6,305,3.4,3,2,3,0,2.67,8,1.0,7.0,1.83,6.1,3.6,2.4,0.52,0,0,0,0.0
65fcf987,8,229,2.5,2,0,6,5,0.38,1,5.0,-4.0,-0.59,3.0,5.1,-2.0,-0.72,0,0,0,0.0
6605d143,25,1806,20.1,20,15,5,0,0.88,25,34.0,-9.0,0.36,23.3,36.9,-13.6,-0.23,0,0,0,0.0
6690ef25,0,0,0.0,0,0,0,1,0.0,0,0.0,0.0,0.0,0.0,0.0,0.0,0.0,0,0,0,0.0
6751b938,0,0,0.0,0,0,0,11,0.0,0,0.0,0.0,0.0,0.0,0.0,0.0,0.0,0,0,0,0.0
6763f716,7,495,5.5,5,3,2,12,1.86,12,8.0,4.0,0.27,10.9,7.9,3.0,-0.22,0,0,0,0.0
67f649be,6,540,6.0,6,6,0,0,1.33,6,7.0,-1.0,1.15,8.9,5.0,3.9,1.3,540,6,6,6.0
686a7a31,0,0,0.0,0,0,0,2,0.0,0,0.0,0.0,0.0,0.0,0.0,0.0,0.0,0,0,0,0.0
68a26d51,22,1782,19.8,21,10,1,1,0.95,17,25.0,-8.0,-0.98,22.1,27.6,-5.5,-0.6,0,0,0,0.0
69384e5d,20,1545,17.2,18,9,2,0,2.4,42,14.0,28.0,0.23,36.5,20.8,15.8,-0.17,0,0,0,0.0
698f11e3,18,1006,11.2,10,7,8,6,1.56,16,17.0,-1.0,0.13,12.2,18.2,-6.0,-0.66,0,0,0,0.0
6993927b,16,1124,12.5,12,11,4,9,1.19,11,21.0,-10.0,-0.88,13.0,24.0,-10.9,-0.68,0,0,0,0.0
6a827d8e,13,637,7.1,7,2,6,1,1.38,9,5.0,4.0,0.12,11.5,7.0,4.5,0.52,0,0,0,0.0
6a9e4913,1,90,1.0,1,1,0,22,1.0,0,0.0,0.0,0.67,1.5,1.0,0.4,0.93,90,1,1,1.0
6b4436ba,2,42,0.5,0,0,2,1,0.5,0,2.0,-2.0,-3.06,0.6,0.7,-0.1,0.21,0,0,0,0.0
6b5edd5d,1,3,0.0,0,0,1,1,3.0,0,0.0,0.0,-0.28,0.1,0.0,0.1,1.47,0,0,0,0.0
6b9960cf,13,306,3.4,2,1,11,9,2.15,7,6.0,1.0,-1.47,7.4,7.4,0.0,-1.12,0,0,0,0.0
6bde367b,20,1711,19.0,20,13,0,0,1.0,22,38.0,-16.0,-1.84,20.8,33.9,-13.1,-0.79,0,0,0,0.0
6d0fe035,16,821,9.1,9,2,7,6,0.94,9,14.0,-5.0,-0.04,9.8,13.7,-3.9,0.32,0,0,0,0.0
6d7ede84,10,108,1.2,0,0,10,11,0.9,5,2.0,3.0,3.72,3.7,2.7,1.0,1.26,0,0,0,0.0
6de23ab0,14,1139,12.7,13,10,1,5,1.43,20,16.0,4.0,-0.25,18.8,17.8,1.0,-0.49,0,0,0,0.0
6e33125f,25,2250,25.0,25,25,0,0,2.0,39,20.0,19.0,0.0,45.3,27.2,18.1,0.0,0,0,0,0.0
6e7f1353,6,412,4.6,6,0,0,0,1.17,6,8.0,-2.0,0.1,4.3,5.8,-1.5,0.38,0,0,0,0.0
6ea05ca7,5,54,0.6,0,0,5,9,1.0,1,0.0,1.0,2.08,1.8,1.1,0.6,1.64,0,0,0,0.0
6f5ec8bb,23,1970,21.9,23,19,0,1,2.0,34,18.0,16.0,-0.23,38.7,24.2,14.5,-0.49,0,0,0,0.0
6f806d99,25,2162,24.0,25,17,0,0,1.56,38,36.0,2.0,0.08,29.1,38.0,-8.8,-0.69,0,0,0,0.0
705a1642,0,0,0.0,0,0,0,5,0.0,0,0.0,0.0,0.0,0.0,0.0,0.0,0.0,0,0,0,0.0
706a60e1,4,154,1.7,2,0,2,0,2.0,3,0.0,3.0,1.58,2.9,2.1,0.8,0.17,0,0,0,0.0
7091324a,1,3,0.0,0,0,1,7,3.0,0,0.0,0.0,-0.28,0.0,0.0,0.0,-0.06,0,0,0,0.0
70c52749,18,611,6.8,5,1,13,3,1.94,15,7.0,8.0,0.68,9.9,7.3,2.6,0.04,0,0,0,0.0
70d4c949,1,6,0.1,0,0,1,7,0.0,1,1.0,0.0,1.28,0.5,0.6,-0.1,-1.79,0,0,0,0.0
7120a04d,17,1107,12.3,14,2,3,2,1.12,18,14.0,4.0,-0.23,18.1,15.4,2.6,-0.21,0,0,0,0.0
7155e3e1,14,492,5.5,4,2,10,3,2.07,13,5.0,8.0,0.7,11.3,5.9,5.4,0.6,0,0,0,0.0
71d10572,17,698,7.8,7,0,10,1,0.53,4,11.0,-7.0,0.2,8.3,11.2,-2.9,-0.31,0,0,0,0.0
71e6a454,0,0,0.0,0,0,0,4,0.0,0,0.0,0.0,0.0,0.0,0.0,0.0,0.0,0,0,0,0.0
72d4922b,5,146,1.6,1,0,4,8,1.2,0,5.0,-5.0,-3.12,1.3,3.7,-2.3,-1.37,0,0,0,0.0
7304f3b1,14,163,1.8,0,0,14,10,1.0,1,4.0,-3.0,-1.1,1.8,2.4,-0.6,0.16,0,0,0,0.0
740f00ac,23,1835,20.4,22,13,1,0,0.91,17,30.0,-13.0,2.18,26.7,25.1,1.6,1.3,0,0,0,0.0
741418c3,15,512,5.7,5,0,10,3,2.15,9,8.0,1.0,-4.79,9.6,5.5,4.0,-0.46,0,0,0,0.0
745ca0a3,15,611,6.8,6,1,9,5,2.4,12,9.0,3.0,0.45,12.1,8.0,4.1,1.44,0,0,0,0.0
74733221,0,0,0.0,0,0,0,1,3.0,2,1.0,1.0,0.0,0.0,0.0,0.0,0.0,0,0,0,0.0
7495aba7,8,279,3.1,3,1,5,4,0.63,3,2.0,1.0,1.56,4.3,2.5,1.8,0.84,0,0,0,0.0
74d4cec6,3,62,0.7,1,0,2,1,1.0,0,2.0,-2.0,-3.93,1.3,1.0,0.3,-0.07,0,0,0,0.0
75438a9a,8,633,7.0,7,6,1,13,1.38,7,11.0,-4.0,-1.46,9.2,7.4,1.8,-0.01,0,0,0,0.0
7587446d,5,107,1.2,0,0,5,10,1.4,3,5.0,-2.0,-2.06,2.1,2.7,-0.7,-0.93,0,0,0,0.0
75f1ed80,20,1689,18.8,19,17,1,0,1.4,26,20.0,6.0,0.16,30.6,25.4,5.3,-0.17,0,0,0,0.0
770d7eb8,8,607,6.7,7,4,1,0,0.88,7,6.0,1.0,1.08,6.5,11.2,-4.7,-0.31,0,0,0,0.0
779847d6,16,1368,15.2,16,14,0,1,1.0,16,21.0,-5.0,-0.33,18.6,19.0,-0.4,0.32,0,0,0,0.0
7909ffa4,22,1443,16.0,15,7,7,2,1.18,24,28.0,-4.0,0.42,18.9,27.0,-8.1,-0.02,0,0,0,0.0
796b1c41,23,1508,16.8,17,5,6,1,1.22,16,20.0,-4.0,0.37,17.9,24.0,-6.1,0.52,0,0,0,0.0
7978cbf0,17,1040,11.6,11,7,6,6,0.12,10,22.0,-12.0,0.45,12.8,18.6,-5.8,-0.12,0,0,0,0.0
79a793b7,2,47,0.5,0,0,2,2,0.0,1,1.0,0.0,1.31,0.8,0.2,0.6,1.65,0,0,0,0.0
79b2399c,18,934,10.4,10,5,8,3,0.39,6,18.0,-12.0,0.21,9.8,16.0,-6.2,-0.29,0,0,0,0.0
7a42d0df,25,2041,22.7,23,13,2,0,2.0,38,17.0,21.0,1.79,42.2,22.0,20.2,1.79,0,0,0,0.0
7af655fe,0,0,0.0,0,0,0,2,0.0,0,0.0,0.0,0.0,0.0,0.0,0.0,0.0,0,0,0,0.0
7b082ec2,11,637,7.1,7,3,4,6,1.09,9,8.0,1.0,-0.19,10.7,10.1,0.6,-0.33,0,0,0,0.0
7b9a9e25,23,1352,15.0,17,2,6,1,1.04,25,26.0,-1.0,0.84,16.0,20.6,-4.6,0.49,0,0,0,0.0
7be7c08b,2,23,0.3,0,0,2,0,0.0,0,1.0,-1.0,-2.9,0.2,0.4,-0.2,-0.71,0,0,0,0.0
7c2965bb,21,1471,16.3,19,7,2,0,0.86,21,32.0,-11.0,0.48,15.7,32.7,-17.0,-0.76,0,0,0,0.0
7c3ed041,25,1945,21.6,22,18,3,0,2.08,42,23.0,19.0,-0.3,37.7,26.9,10.9,-0.02,0,0,0,0.0
7cdda3bf,24,1803,20.1,21,10,3,0,2.8,28,18.0,10.0,-0.66,26.900000000000002,23.9,3.0,-0.4,0,0,0,0.0
7ce98c36,0,0,0.0,0,0,0,1,0.0,0,0.0,0.0,0.0,0.0,0.0,0.0,0.0,0,0,0,0.0
7d08063d,0,0,0.0,0,0,0,2,0.0,0,0.0,0.0,0.0,0.0,0.0,0.0,0.0,0,0,0,0.0
7d3dfdfd,5,318,3.5,3,3,2,10,0.0,5,11.0,-6.0,-0.49,4.9,5.5,-0.6,0.3,0,0,0,0.0
7d704e92,18,1447,16.1,16,14,2,7,0.72,23,35.0,-12.0,0.26,20.1,31.0,-10.9,0.29,0,0,0,0.0
7d827b4f,0,0,0.0,0,0,0,1,0.0,0,0.0,0.0,0.0,0.0,0.0,0.0,0.0,0,0,0,0.0
7d937aa1,3,18,0.2,0,0,3,3,0.33,0,0.0,0.0,1.29,0.4,0.3,0.1,1.01,0,0,0,0.0
7d9397f8,25,1747,19.4,20,9,5,0,1.64,24,14.0,10.0,0.16,26.4,22.1,4.3,-0.19,0,0,0,0.0
7dfbba27,20,1259,14.0,16,0,4,3,0.7,15,26.0,-11.0,0.58,14.7,19.8,-5.1,-0.06,0,0,0,0.0
7e3e825e,7,51,0.6,0,0,7,8,1.71,2,2.0,0.0,0.37,0.8,1.6,-0.7,-0.75,0,0,0,0.0
7e82a78f,6,398,4.4,5,1,1,0,1.17,3,5.0,-2.0,-0.31,4.8,5.7,-0.8,-0.05,0,0,0,0.0
7ef972c3,2,91,1.0,1,1,1,0,0.5,0,1.0,-1.0,-1.53,1.4,0.9,0.5,0.23,0,0,0,0.0
7f41ee30,4,331,3.7,3,3,1,21,2.5,7,4.0,3.0,0.44,6.6,3.6,3.0,0.58,331,4,3,3.7
7f783431,18,950,10.6,10,6,8,4,0.89,12,23.0,-11.0,-1.11,11.3,16.5,-5.2,0.01,0,0,0,0.0
7fecbcdb,9,555,6.2,4,4,5,13,0.33,7,18.0,-11.0,-0.67,8.0,9.9,-1.9,0.16,0,0,0,0.0
8104e41e,21,1522,16.9,16,7,5,2,1.9,36,23.0,13.0,0.03,31.1,21.5,9.5,0.71,0,0,0,0.0
810edef9,0,0,0.0,0,0,0,3,0.0,0,0.0,0.0,0.0,0.0,0.0,0.0,0.0,0,0,0,0.0
822d51d7,24,2019,22.4,23,21,1,0,2.08,50,27.0,23.0,2.58,38.2,28.4,9.8,1.0,0,0,0,0.0
82464ce3,23,2066,23.0,23,21,0,0,2.13,37,17.0,20.0,1.36,42.1,24.3,17.8,0.64,0,0,0,0.0
8299e363,6,288,3.2,4,2,2,7,0.33,3,8.0,-5.0,-0.32,3.8,5.5,-1.6,-0.09,0,0,0,0.0
83299cc0,20,1217,13.5,14,6,6,0,2.33,14,31.0,-17.0,-2.01,16.3,22.4,-6.2,-0.53,0,0,0,0.0
8332db56,12,709,7.9,8,1,4,0,0.75,13,12.0,1.0,0.94,10.4,13.5,-3.1,0.35,0,0,0,0.0
834b5c4c,25,2250,25.0,25,25,0,0,0.88,30,43.0,-13.0,0.0,28.1,43.9,-15.9,0.0,2250,25,25,25.0
836dc4a8,3,58,0.6,0,0,3,1,0.0,0,2.0,-2.0,-2.32,0.5,1.5,-1.1,-0.9,0,0,0,0.0
83f03b07,15,935,10.4,12,5,3,1,0.6,10,19.0,-9.0,-0.39,12.8,16.9,-4.1,0.12,0,0,0,0.0
8499c713,2,13,0.1,0,0,2,6,1.0,0,1.0,-1.0,-6.12,0.5,1.3,-0.8,-5.03,0,0,0,0.0
85613cf0,2,129,1.4,2,0,0,1,2.0,3,1.0,2.0,0.5,1.2,1.8,-0.6,-1.01,0,0,0,0.0
8577e60a,20,1381,15.3,17,4,3,2,0.7,14,25.0,-11.0,-0.2,17.3,24.4,-7.1,0.01,0,0,0,0.0
85847c67,0,0,0.0,0,0,0,4,0.0,0,0.0,0.0,0.0,0.0,0.0,0.0,0.0,0,0,0,0.0
8608f269,2,136,1.5,1,1,1,5,1.5,2,3.0,-1.0,-0.28,1.6,2.2,-0.6,0.12,136,2,1,1.5
8652a85c,25,1439,16.0,16,2,9,0,2.0,24,12.0,12.0,-0.03,29.7,16.7,13.0,0.25,0,0,0,0.0
868eaba0,18,1564,17.4,18,12,0,0,1.5,20,25.0,-5.0,0.24,18.6,30.3,-11.7,-0.46,0,0,0,0.0
86a2ba20,20,1701,18.9,20,14,0,5,0.9,27,40.0,-13.0,0.62,22.9,33.2,-10.3,0.95,0,0,0,0.0
86a49468,3,98,1.1,1,0,2,4,1.0,2,3.0,-1.0,0.13,1.2,1.7,-0.5,-0.32,0,0,0,0.0
87935cf3,10,516,5.7,5,1,5,10,0.9,10,15.0,-5.0,-0.61,6.4,9.5,-3.1,-0.04,0,0,0,0.0
87d31635,3,230,2.6,3,0,0,3,0.0,0,5.0,-5.0,-1.78,1.5,4.2,-2.7,-0.59,0,0,0,0.0
87e9c7cd,9,386,4.3,4,1,5,3,1.33,8,8.0,0.0,1.01,5.9,8.0,-2.1,0.34,0,0,0,0.0
8827bf46,10,417,4.6,6,0,4,3,2.3,9,5.0,4.0,-0.07,6.2,4.3,1.9,-0.11,0,0,0,0.0
8846a40f,18,1079,12.0,14,2,4,0,0.78,14,25.0,-11.0,-0.53,12.8,18.9,-6.1,-0.09,0,0,0,0.0
88c4d190,20,1222,13.6,13,4,7,0,0.95,14,22.0,-8.0,0.11,15.3,19.1,-3.9,0.39,0,0,0,0.0
88f130ed,23,1939,21.5,23,20,0,0,1.78,32,15.0,17.0,2.24,31.5,24.2,7.3,0.53,0,0,0,0.0
890bc029,2,25,0.3,0,0,2,2,0.0,0,2.0,-2.0,-5.99,0.3,0.6,-0.3,-0.68,0,0,0,0.0
8a53d24b,15,413,4.6,5,0,10,7,1.07,10,5.0,5.0,2.36,7.8,6.4,1.4,1.34,0,0,0,0.0
8aeab818,0,0,0.0,0,0,0,1,0.0,0,0.0,0.0,0.0,0.0,0.0,0.0,0.0,0,0,0,0.0
8bc8829a,8,556,6.2,7,5,1,3,0.5,5,16.0,-11.0,-1.25,5.8,11.3,-5.5,-0.15,0,0,0,0.0
8ca9415f,3,96,1.1,1,0,2,2,0.33,1,1.0,0.0,0.67,0.5,1.4,-0.9,-0.43,0,0,0,0.0
8d62d31a,14,1237,13.7,14,12,0,8,1.5,25,16.0,9.0,-0.06,22.3,16.6,5.8,0.15,0,0,0,0.0
8dbff17c,9,681,7.6,7,5,2,6,0.56,8,14.0,-6.0,0.07,7.7,17.0,-9.3,-0.64,0,0,0,0.0
8eec784d,16,912,10.1,9,5,7,1,1.94,20,8.0,12.0,1.12,19.9,9.3,10.6,0.55,0,0,0,0.0
8f325097,17,1277,14.2,14,13,3,1,0.82,21,29.0,-8.0,-0.38,17.4,25.7,-8.4,-0.21,0,0,0,0.0
8f7e6783,4,212,2.4,3,0,1,0,0.5,1,3.0,-2.0,-1.47,3.1,2.3,0.8,0.07,0,0,0,0.0
8fd9996f,20,1275,14.2,14,9,6,3,2.25,31,11.0,20.0,-0.34,29.6,16.7,12.9,-0.14,0,0,0,0.0
9004f318,0,0,0.0,0,0,0,1,0.0,0,0.0,0.0,0.0,0.0,0.0,0.0,0.0,0,0,0,0.0
906baf89,1,7,0.1,0,0,1,9,3.0,1,0.0,1.0,13.06,0.7,0.0,0.7,9.15,0,0,0,0.0
909222de,21,1282,14.2,14,1,7,0,0.71,12,22.0,-10.0,0.79,14.8,15.8,-1.1,0.61,0,0,0,0.0
90a9cc01,1,62,0.7,1,0,0,8,0.0,0,1.0,-1.0,-0.42,0.1,2.2,-2.1,-2.71,0,0,0,0.0
90eb507d,11,893,9.9,10,9,1,0,1.91,17,6.0,11.0,1.37,17.4,11.6,5.8,0.44,0,0,0,0.0
90f87966,21,1692,18.8,20,18,1,1,1.62,29,22.0,7.0,-0.6,33.7,22.4,11.3,-0.45,0,0,0,0.0
90fcf472,17,597,6.6,6,0,11,1,2.29,10,5.0,5.0,-0.01,11.5,9.3,2.1,-0.55,0,0,0,0.0
910e3cad,1,11,0.1,0,0,1,6,0.0,0,0.0,0.0,-1.57,0.0,0.4,-0.4,-4.16,0,0,0,0.0
9226aa22,20,910,10.1,11,0,9,5,1.45,16,11.0,5.0,0.36,19.9,13.0,6.9,0.61,0,0,0,0.0
923f4dda,1,23,0.3,0,0,1,0,0.0,0,0.0,0.0,-0.69,0.4,0.9,-0.5,-2.18,0,0,0,0.0
9260926b,7,424,4.7,4,4,3,4,0.14,5,9.0,-4.0,0.53,5.7,9.8,-4.1,-0.53,0,0,0,0.0
928a4a61,19,928,10.3,8,2,11,0,1.63,9,9.0,0.0,-0.48,13.0,14.0,-1.0,-0.71,0,0,0,0.0
92b56413,8,99,1.1,0,0,8,8,1.25,2,2.0,0.0,0.88,2.1,2.1,0.0,0.84,0,0,0,0.0
92d90c8f,8,89,1.0,0,0,8,8,1.75,3,0.0,3.0,3.08,2.8,1.7,1.2,1.57,0,0,0,0.0
92ffb8f9,3,41,0.5,0,0,3,0,2.0,1,0.0,1.0,2.4,1.1,0.6,0.6,1.43,0,0,0,0.0
93c942fb,5,355,3.9,5,3,0,0,1.8,12,9.0,3.0,1.38,5.6,6.7,-1.1,0.25,0,0,0,0.0
942b4f90,21,1246,13.8,17,6,4,4,1.81,34,19.0,15.0,0.72,23.7,19.6,4.1,-0.09,0,0,0,0.0
94f8d10c,1,8,0.1,0,0,1,3,3.0,0,0.0,0.0,-0.92,0.0,0.1,0.0,-0.76,0,0,0,0.0
95192fe4,9,173,1.9,1,0,8,8,0.11,2,5.0,-3.0,-0.3,2.3,3.1,-0.8,0.02,0,0,0,0.0
96726741,0,0,0.0,0,0,0,1,0.0,0,0.0,0.0,0.0,0.0,0.0,0.0,0.0,0,0,0,0.0
967f34d3,4,360,4.0,4,4,0,21,1.25,7,5.0,2.0,-0.5,6.2,4.7,1.6,-0.13,360,4,4,4.0
96f4ebc0,1,28,0.3,0,0,1,1,1.0,0,0.0,0.0,1.3,0.7,0.4,0.3,1.48,0,0,0,0.0
96fcd380,0,0,0.0,0,0,0,5,0.0,0,0.0,0.0,0.0,0.0,0.0,0.0,0.0,0,0,0,0.0
9744ff80,14,370,4.1,3,0,11,3,2.5,12,2.0,10.0,1.04,11.2,3.6,7.5,1.03,0,0,0,0.0
99d29d38,0,0,0.0,0,0,0,1,0.0,0,0.0,0.0,0.0,0.0,0.0,0.0,0.0,0,0,0,0.0
99d660b2,24,2082,23.1,24,17,0,0,1.21,35,43.0,-8.0,-2.49,30.3,36.0,-5.7,-1.06,0,0,0,0.0
9b545925,25,2242,24.9,25,24,0,0,1.28,41,44.0,-3.0,11.13,34.5,38.5,-4.0,2.04,0,0,0,0.0
9b6f7fd5,2,159,1.8,2,0,0,0,3.0,6,2.0,4.0,1.96,3.5,2.4,1.0,0.28,0,0,0,0.0
9bc9a519,4,353,3.9,4,3,0,0,1.5,5,4.0,1.0,-0.5,6.3,7.2,-0.9,-0.7,0,0,0,0.0
9bdd8118,16,1427,15.9,16,15,0,2,0.75,12,33.0,-21.0,-0.78,19.5,21.9,-2.3,0.52,0,0,0,0.0
9c221d14,3,270,3.0,3,3,0,0,0.67,3,6.0,-3.0,-1.45,3.4,4.4,-1.1,-0.77,0,0,0,0.0
9c2b1f11,5,26,0.3,0,0,5,3,2.6,0,0.0,0.0,-0.28,0.3,0.2,0.1,0.16,0,0,0,0.0
9d420dad,8,720,8.0,8,8,0,6,0.75,8,15.0,-7.0,0.6,10.1,12.4,-2.3,0.21,720,8,8,8.0
9d498560,5,162,1.8,1,0,4,13,0.6,1,4.0,-3.0,-0.42,2.4,3.2,-0.8,-0.01,0,0,0,0.0
9daeac61,19,1534,17.0,19,13,0,0,0.42,14,37.0,-23.0,-0.22,19.8,25.2,-5.3,0.38,0,0,0,0.0
9dbb75ca,23,1968,21.9,23,17,0,0,1.52,33,23.0,10.0,0.14,35.1,25.1,10.0,1.12,0,0,0,0.0
9dd35c94,0,0,0.0,0,0,0,2,0.0,0,0.0,0.0,0.0,0.0,0.0,0.0,0.0,0,0,0,0.0
9e03d22e,0,0,0.0,0,0,0,2,0.0,0,0.0,0.0,0.0,0.0,0.0,0.0,0.0,0,0,0,0.0
9e17ccff,3,225,2.5,2,2,1,22,1.33,4,4.0,0.0,-0.76,3.1,3.4,-0.3,-0.53,225,3,2,2.5
9e7483ff,19,868,9.6,9,0,10,2,1.74,19,11.0,8.0,0.24,14.6,12.0,2.6,-0.13,0,0,0,0.0
9f0f4b49,5,223,2.5,1,1,4,9,0.8,2,3.0,-1.0,-0.05,1.5,4.4,-2.9,-0.7,0,0,0,0.0
9f4a940f,7,68,0.8,0,0,7,9,0.86,1,0.0,1.0,2.02,0.7,1.0,-0.3,0.07,0,0,0,0.0
9f936061,22,1891,21.0,22,19,0,0,1.36,21,29.0,-8.0,-0.13,22.4,32.7,-10.4,0.27,0,0,0,0.0
a0415710,21,594,6.6,5,3,16,3,1.9,13,15.0,-2.0,-1.44,11.6,11.7,-0.1,-0.48,0,0,0,0.0
a08985b8,25,2250,25.0,25,25,0,0,1.28,41,45.0,-4.0,0.0,34.6,38.7,-4.2,0.0,0,0,0,0.0
a0d55a09,15,507,5.6,5,1,10,5,1.53,11,3.0,8.0,1.27,8.7,6.9,1.8,-0.01,0,0,0,0.0
a0f9b535,23,1380,15.3,16,7,7,0,1.74,32,17.0,15.0,0.77,26.7,15.5,11.2,0.98,0,0,0,0.0
a1232f4e,9,422,4.7,4,1,5,3,2.33,8,5.0,3.0,-0.34,8.9,6.2,2.7,0.08,0,0,0,0.0
a1390d2f,11,273,3.0,3,0,8,9,2.18,4,2.0,2.0,0.16,5.0,2.7,2.3,0.04,0,0,0,0.0
a17a94d6,19,1598,17.8,18,14,1,0,1.63,25,15.0,10.0,0.98,31.4,22.0,9.4,0.71,0,0,0,0.0
a1dbfcb1,9,258,2.9,2,0,7,8,1.0,5,3.0,2.0,1.19,4.7,5.6,-0.9,0.24,0,0,0,0.0
a30cb0d4,0,0,0.0,0,0,0,1,0.0,0,0.0,0.0,0.0,0.0,0.0,0.0,0.0,0,0,0,0.0
a3d524cb,0,0,0.0,0,0,0,25,0.0,0,0.0,0.0,0.0,0.0,0.0,0.0,0.0,0,0,0,0.0
a3e1d20d,1,23,0.3,0,0,1,3,0.0,0,0.0,0.0,0.36,0.0,0.5,-0.5,-1.28,0,0,0,0.0
a426a912,3,91,1.0,1,0,2,5,2.0,3,2.0,1.0,1.2,0.7,1.7,-1.0,-0.83,0,0,0,0.0
a4527d33,0,0,0.0,0,0,0,11,0.0,0,0.0,0.0,0.0,0.0,0.0,0.0,0.0,0,0,0,0.0
a45a5d95,12,483,5.4,6,1,6,4,0.42,2,8.0,-6.0,-0.1,4.3,6.5,-2.3,-0.33,0,0,0,0.0
a4a44eb0,25,2250,25.0,25,25,0,0,1.56,38,36.0,2.0,0.0,30.7,39.3,-8.5,0.0,0,0,0,0.0
a4b1028a,19,1633,18.1,18,17,1,0,1.79,33,19.0,14.0,0.33,30.0,21.7,8.3,0.39,0,0,0,0.0
a4b798a9,25,2233,24.8,25,23,0,0,0.84,21,46.0,-25.0,4.29,26.8,35.5,-8.7,-1.34,0,0,0,0.0
a5db0bec,9,402,4.5,6,0,3,5,1.78,6,6.0,0.0,-0.54,4.1,6.0,-2.0,-0.92,0,0,0,0.0
a62f8bf1,14,326,3.6,2,0,12,4,1.71,7,2.0,5.0,0.82,8.0,3.7,4.3,0.99,0,0,0,0.0
a65c844b,21,1666,18.5,17,12,4,0,1.9,31,22.0,9.0,-1.67,31.4,23.8,7.6,-0.36,0,0,0,0.0
a6f93497,0,0,0.0,0,0,0,1,0.0,0,0.0,0.0,0.0,0.0,0.0,0.0,0.0,0,0,0,0.0
a94571f6,2,69,0.8,0,0,2,3,0.0,0,4.0,-4.0,-4.52,0.5,2.1,-1.5,-1.23,0,0,0,0.0
a94d93be,16,1282,14.2,14,13,2,6,0.88,10,26.0,-16.0,-0.19,16.1,18.6,-2.5,-0.03,0,0,0,0.0
a99138af,6,291,3.2,3,2,3,6,0.83,4,5.0,-1.0,-1.23,6.0,6.2,-0.2,-0.47,0,0,0,0.0
a9d4c241,20,1756,19.5,20,17,0,1,0.75,13,39.0,-26.0,-1.33,21.6,26.9,-5.3,-0.51,0,0,0,0.0
aad0c56f,0,0,0.0,0,0,0,11,0.0,0,0.0,0.0,0.0,0.0,0.0,0.0,0.0,0,0,0,0.0
aad56ca3,23,1723,19.1,21,8,2,1,2.62,34,22.0,12.0,-0.94,30.6,21.7,8.9,0.58,0,0,0,0.0
ac73ec79,18,1067,11.9,11,9,7,2,2.44,30,9.0,21.0,0.4,24.6,12.5,12.1,0.1,0,0,0,0.0
ad82197c,25,2160,24.0,24,23,1,0,2.0,50,32.0,18.0,-0.25,40.4,33.0,7.4,-0.62,0,0,0,0.0
ae11ba3d,1,90,1.0,1,1,0,0,3.0,3,0.0,3.0,2.63,2.4,0.9,1.5,1.25,0,0,0,0.0
aef6e670,11,730,8.1,9,7,2,0,2.55,30,9.0,21.0,1.52,21.9,9.7,12.2,0.79,0,0,0,0.0
aefa3050,1,29,0.3,0,0,1,14,0.0,0,1.0,-1.0,-2.29,0.1,0.5,-0.4,-0.57,0,0,0,0.0
af0c835b,22,1396,15.5,16,9,6,0,1.23,16,17.0,-1.0,0.36,18.9,19.5,-0.6,0.29,0,0,0,0.0
af3ddb2e,25,1285,14.3,15,2,10,0,1.24,13,23.0,-10.0,-0.79,15.3,26.4,-11.2,-0.57,0,0,0,0.0
af66b89c,0,0,0.0,0,0,0,2,0.0,0,0.0,0.0,0.0,0.0,0.0,0.0,0.0,0,0,0,0.0
af69e7f0,5,166,1.8,2,0,3,8,2.0,3,1.0,2.0,0.65,3.2,1.5,1.7,0.72,0,0,0,0.0
afb0c500,25,2250,25.0,25,25,0,0,2.0,53,34.0,19.0,0.0,42.5,34.1,8.4,0.0,2250,25,25,25.0
afbb55d2,0,0,0.0,0,0,0,2,0.0,0,0.0,0.0,0.0,0.0,0.0,0.0,0.0,0,0,0,0.0
afe39ca8,18,1013,11.3,11,5,7,1,1.72,16,16.0,0.0,-0.15,12.9,18.6,-5.8,-0.31,0,0,0,0.0
b003239d,10,685,7.6,8,7,2,11,5.11,14,9.0,5.0,-0.79,11.3,9.1,2.1999999999999997,-2.55,0,0,0,0.0
b026bbf6,6,194,2.2,2,1,4,9,2.33,4,3.0,1.0,-0.24,3.4,1.4,2.0,0.64,0,0,0,0.0
b088d5d3,17,1106,12.3,12,7,5,1,0.71,16,25.0,-9.0,0.21,13.6,24.2,-10.6,-0.17,0,0,0,0.0
b0c71810,13,834,9.3,9,2,4,0,0.54,12,23.0,-11.0,0.15,13.5,15.6,-2.1,0.33,0,0,0,0.0
b20cc590,8,541,6.0,6,4,2,2,0.5,4,12.0,-8.0,-0.38,6.2,10.5,-4.3,-0.73,0,0,0,0.0
b2336681,24,2005,22.3,23,18,1,0,1.71,41,24.0,17.0,2.23,41.6,22.4,19.3,1.4,0,0,0,0.0
b2791a55,15,923,10.3,10,7,5,7,0.8,9,25.0,-16.0,-0.88,13.7,15.8,-2.1,-0.07,0,0,0,0.0
b2bd0f6c,21,1706,19.0,19,14,2,0,1.76,36,30.0,6.0,-0.84,34.4,23.3,11.1,-0.52,0,0,0,0.0
b3244eeb,20,1616,18.0,18,14,2,1,1.0,17,32.0,-15.0,0.73,24.5,23.9,0.6,0.69,0,0,0,0.0
b34c63a5,22,930,10.3,10,3,12,3,1.45,17,7.0,10.0,0.9,17.8,11.3,6.6,0.54,0,0,0,0.0
b3d76d84,19,1710,19.0,19,19,0,6,1.79,32,19.0,13.0,0.68,35.9,19.8,16.1,0.57,1710,19,19,19.0
b3f8bdef,22,1606,17.8,19,1,3,1,1.95,28,16.0,12.0,-0.31,31.3,17.5,13.8,0.17,0,0,0,0.0
b4ef3fb5,1,8,0.1,0,0,1,11,3.0,0,0.0,0.0,-0.68,0.0,0.1,-0.1,-1.14,0,0,0,0.0
b5bb8188,12,360,4.0,5,0,7,8,2.25,3,5.0,-2.0,-1.5,6.3,6.3,0.0,-0.87,0,0,0,0.0
b625b241,6,248,2.8,3,0,3,10,2.67,4,0.0,4.0,0.78,5.0,2.7,2.3,0.56,0,0,0,0.0
b70afb45,24,1430,15.9,18,1,6,0,1.29,24,30.0,-6.0,-0.6,21.9,24.8,-2.9,-0.05,0,0,0,0.0
b73f17f8,24,1019,11.3,12,2,12,0,1.13,10,14.0,-4.0,-0.28,12.6,14.8,-2.2,-0.08,0,0,0,0.0
b85e57bb,0,0,0.0,0,0,0,3,0.0,0,0.0,0.0,0.0,0.0,0.0,0.0,0.0,0,0,0,0.0
b8c1de25,13,653,7.3,9,0,4,0,1.0,8,12.0,-4.0,-0.27,6.4,13.1,-6.7,-0.55,0,0,0,0.0
b94b8be1,7,102,1.1,0,0,7,9,1.0,1,2.0,-1.0,-1.01,1.8,1.0,0.8,1.08,0,0,0,0.0
b99bec05,21,1732,19.2,20,15,1,0,3.04,29,27.0,2.0,1.48,26.5,24.3,2.1,1.69,0,0,0,0.0
ba046af6,0,0,0.0,0,0,0,1,0.0,0,0.0,0.0,0.0,0.0,0.0,0.0,0.0,0,0,0,0.0
badcdcae,11,146,1.6,0,0,11,7,1.73,2,2.0,0.0,0.17,2.2,2.6,-0.5,-0.13,0,0,0,0.0
bc7b4580,6,224,2.5,3,0,3,1,1.0,3,3.0,0.0,0.22,3.2,2.5,0.7,0.49,0,0,0,0.0
bc7cc472,23,1141,12.7,11,3,12,2,0.17,10,23.0,-13.0,0.52,15.1,17.6,-2.5,0.48,0,0,0,0.0
be98f358,7,247,2.7,3,0,4,17,2.0,6,2.0,4.0,0.78,5.8,3.2,2.6,0.27,0,0,0,0.0
beae3a73,22,1056,11.7,11,3,11,2,0.77,16,25.0,-9.0,0.14,14.0,20.2,-6.2,0.47,0,0,0,0.0
bf4c41f9,18,1173,13.0,15,2,3,1,2.0,23,17.0,6.0,-0.46,21.1,18.4,2.7,-0.3,0,0,0,0.0
bfb2056e,1,45,0.5,0,0,1,22,0.0,0,2.0,-2.0,-3.92,0.4,1.4,-1.0,-1.88,0,0,0,0.0
c03b7266,1,90,1.0,1,1,0,10,3.0,2,1.0,1.0,2.12,1.3,1.0,0.3,0.66,0,0,0,0.0
c066d1a5,12,575,6.4,5,2,7,10,2.08,12,6.0,6.0,0.03,10.1,5.6,4.5,0.26,0,0,0,0.0
c0c7ff58,16,1105,12.3,13,6,3,0,2.38,24,11.0,13.0,-0.98,24.7,16.4,8.3,-0.58,0,0,0,0.0
c25a7a2a,0,0,0.0,0,0,0,5,0.0,0,0.0,0.0,0.0,0.0,0.0,0.0,0.0,0,0,0,0.0
c2a6033c,25,1754,19.5,20,10,5,0,1.28,29,37.0,-8.0,-1.14,26.0,30.8,-4.8,-0.35,0,0,0,0.0
c3725db2,23,1967,21.9,23,19,0,0,0.78,32,51.0,-19.0,-0.23,25.5,41.5,-16.0,0.37,0,0,0,0.0
c385bf49,9,599,6.7,6,6,3,4,1.44,10,8.0,2.0,-0.19,8.8,9.5,-0.7,-0.57,0,0,0,0.0
c4065f40,7,586,6.5,6,6,1,6,0.86,6,14.0,-8.0,-0.26,7.0,11.3,-4.3,-0.43,0,0,0,0.0
c4173f1a,12,1068,11.9,11,11,1,7,1.0,14,17.0,-3.0,-0.63,11.8,20.0,-8.3,-0.68,1068,12,11,11.9
c43a8336,10,304,3.4,3,2,7,5,0.9,1,7.0,-6.0,-1.87,2.6,6.0,-3.4,-0.99,0,0,0,0.0
c5908bc4,5,58,0.6,0,0,5,2,0.2,1,1.0,0.0,0.53,0.4,1.5,-1.1,-1.09,0,0,0,0.0
c5adc293,4,268,3.0,3,1,1,0,0.5,2,4.0,-2.0,0.69,2.5,3.8,-1.3,0.0,0,0,0,0.0
c5e6c017,4,128,1.4,1,0,3,15,0.25,2,2.0,0.0,0.68,1.0,2.3,-1.3,-0.47,0,0,0,0.0
c631f952,14,1166,13.0,14,12,0,0,1.14,21,26.0,-5.0,0.03,15.8,19.9,-4.1,0.39,1166,14,14,13.0
c678ddd7,2,98,1.1,1,1,1,14,3.0,2,0.0,2.0,1.21,2.0,1.0,1.0,0.61,0,0,0,0.0
c6e5d20f,22,1596,17.7,18,12,4,3,1.45,21,18.0,3.0,-0.93,24.5,21.8,2.8,-0.56,0,0,0,0.0
c7511849,0,0,0.0,0,0,0,2,0.0,0,0.0,0.0,0.0,0.0,0.0,0.0,0.0,0,0,0,0.0
c76b7567,22,1294,14.4,14,7,8,0,2.02,13,24.0,-11.0,-1.82,18.3,24.6,-6.2,-0.8,0,0,0,0.0
c801616a,18,895,9.9,9,4,9,3,0.83,6,24.0,-18.0,-1.28,10.8,15.6,-4.8,-0.54,0,0,0,0.0
c8c02ac7,7,69,0.8,0,0,7,2,1.57,3,0.0,3.0,4.41,1.1,0.7,0.4,1.14,0,0,0,0.0
c90f380c,7,99,1.1,0,0,7,8,1.0,2,0.0,2.0,1.11,2.4,2.3,0.1,-0.68,0,0,0,0.0
c9151d66,23,1589,17.7,18,8,5,2,0.65,15,39.0,-24.0,-1.09,18.9,24.9,-6.0,0.0,0,0,0,0.0
c92c24f0,16,1385,15.4,16,13,0,0,1.25,16,17.0,-1.0,0.77,15.8,21.0,-5.2,0.51,0,0,0,0.0
c977ef13,0,0,0.0,0,0,0,4,0.0,0,0.0,0.0,0.0,0.0,0.0,0.0,0.0,0,0,0,0.0
c9f2f83a,4,278,3.1,3,1,1,7,2.0,5,1.0,4.0,1.16,6.2,3.1,3.1,0.77,0,0,0,0.0
c9f49454,4,148,1.6,2,0,2,8,1.25,2,4.0,-2.0,-1.82,1.9,1.8,0.2,-0.17,0,0,0,0.0
ca6f4846,2,64,0.7,0,0,2,1,0.0,0,2.0,-2.0,-2.03,0.5,1.3,-0.9,-0.43,0,0,0,0.0
ca95200f,0,0,0.0,0,0,0,4,0.0,0,0.0,0.0,0.0,0.0,0.0,0.0,0.0,0,0,0,0.0
caa7aaea,25,1841,20.5,20,17,5,0,1.24,19,26.0,-7.0,0.1,21.0,30.8,-9.8,0.3,0,0,0,0.0
cad3fd4d,4,85,0.9,1,0,3,0,1.5,1,2.0,-1.0,-1.81,1.6,3.8,-2.2,-2.8,0,0,0,0.0
caef7840,20,1204,13.4,17,3,3,3,1.7,19,9.0,10.0,1.01,23.8,16.4,7.4,0.5,0,0,0,0.0
cb14d810,0,0,0.0,0,0,0,2,0.0,0,0.0,0.0,0.0,0.0,0.0,0.0,0.0,0,0,0,0.0
cb5f44ec,0,0,0.0,0,0,0,1,0.0,0,0.0,0.0,0.0,0.0,0.0,0.0,0.0,0,0,0,0.0
cd9b37a3,1,10,0.1,0,0,1,3,0.0,1,0.0,1.0,9.88,0.7,0.1,0.6,6.24,0,0,0,0.0
ce50fd99,24,2027,22.5,23,15,1,0,1.79,42,31.0,11.0,-0.32,41.6,26.0,15.6,-0.2,0,0,0,0.0
cea59f02,20,1753,19.5,20,18,0,0,1.45,23,25.0,-2.0,1.16,22.5,30.7,-8.2,0.51,0,0,0,0.0
cedc53d2,0,0,0.0,0,0,0,2,0.0,0,0.0,0.0,0.0,0.0,0.0,0.0,0.0,0,0,0,0.0
cf182add,18,1449,16.1,17,13,1,1,1.56,24,21.0,3.0,-0.94,25.9,19.1,6.8,-0.81,0,0,0,0.0
cf1ef7ec,8,354,3.9,4,2,4,11,3.17,5,8.0,-3.0,-2.53,3.3,7.800000000000001,-4.5,-2.01,0,0,0,0.0
cfa49cc1,13,907,10.1,10,5,3,1,0.77,15,17.0,-2.0,1.07,9.3,20.8,-11.6,-0.61,0,0,0,0.0
d14229f3,23,1680,18.7,22,5,1,2,0.43,13,40.0,-27.0,-0.66,20.6,30.0,-9.4,-0.28,0,0,0,0.0
d1b7117c,0,0,0.0,0,0,0,1,0.0,0,0.0,0.0,0.0,0.0,0.0,0.0,0.0,0,0,0,0.0
d21e361a,10,406,4.5,5,1,5,2,0.0,3,7.0,-4.0,0.48,4.4,6.4,-1.9,0.01,0,0,0,0.0
d33c706e,19,967,10.8,11,4,8,0,2.56,13,12.0,1.0,-1.05,17.8,12.100000000000001,5.6,1.24,0,0,0,0.0
d3ae48eb,0,0,0.0,0,0,0,25,0.0,0,0.0,0.0,0.0,0.0,0.0,0.0,0.0,0,0,0,0.0
d4d35152,21,1138,12.6,12,5,9,3,0.71,14,22.0,-8.0,0.01,14.3,19.5,-5.3,0.1,0,0,0,0.0
d504b3e1,16,430,4.7,2,0,14,4,1.07,6,10.0,-4.0,-3.64,7.4,8.1,-0.7,-1.0,0,0,0,0.0
d5326924,5,193,2.1,1,0,4,0,2.0,5,4.0,1.0,0.03,3.5,3.1,0.4,-0.15,0,0,0,0.0
d56b9520,17,1442,16.0,17,12,0,1,1.47,24,19.0,5.0,-0.36,27.8,18.2,9.6,0.78,0,0,0,0.0
d5d22a58,8,164,1.8,1,0,7,4,1.25,3,8.0,-5.0,-3.52,3.1,4.8,-1.7,-1.81,0,0,0,0.0
d5f2f82b,23,1914,21.3,21,19,2,0,2.35,50,18.0,32.0,-0.37,47.1,25.0,22.1,0.45,0,0,0,0.0
d609ec7d,0,0,0.0,0,0,0,4,0.0,0,0.0,0.0,0.0,0.0,0.0,0.0,0.0,0,0,0,0.0
d60cf08d,4,341,3.8,3,3,1,2,1.5,4,5.0,-1.0,-0.08,3.7,5.7,-1.9,-0.42,0,0,0,0.0
d6f6ce93,0,0,0.0,0,0,0,5,0.0,0,0.0,0.0,0.0,0.0,0.0,0.0,0.0,0,0,0,0.0
d70ce98e,20,1757,19.5,20,15,0,0,2.65,53,15.0,38.0,1.76,45.3,21.7,23.6,1.08,0,0,0,0.0
d7547531,2,23,0.3,0,0,2,2,2.0,1,0.0,1.0,4.12,0.5,0.4,0.2,0.78,0,0,0,0.0
d75f3980,6,300,3.3,3,2,3,6,0.17,2,7.0,-5.0,-0.99,2.2,6.2,-4.1,-0.87,0,0,0,0.0
d8c19a60,3,131,1.5,1,0,2,10,0.67,0,2.0,-2.0,-1.76,1.9,3.1,-1.2,-1.23,0,0,0,0.0
d9764034,18,1485,16.5,17,15,1,3,2.11,36,18.0,18.0,0.97,30.5,21.4,9.2,0.65,0,0,0,0.0
dab1b8dc,0,0,0.0,0,0,0,10,0.0,0,0.0,0.0,0.0,0.0,0.0,0.0,0.0,0,0,0,0.0
db3164e1,18,1620,18.0,18,18,0,5,0.72,26,41.0,-15.0,0.02,23.7,33.5,-9.8,0.84,1620,18,18,18.0
db7849ca,22,1730,19.2,20,12,2,0,0.91,20,26.0,-6.0,1.42,21.5,29.2,-7.7,0.28,0,0,0,0.0
db87a2c4,2,180,2.0,2,2,0,8,0.5,1,2.0,-1.0,-1.07,2.6,2.3,0.2,-0.17,180,2,2,2.0
dbd3a428,22,1778,19.8,21,10,1,0,1.59,27,17.0,10.0,1.08,32.2,23.7,8.5,0.51,0,0,0,0.0
dc29b608,14,1182,13.1,14,13,0,0,1.93,24,19.0,5.0,0.63,19.0,19.2,-0.3,0.68,1182,14,14,13.1
dd211559,21,1890,21.0,21,21,0,0,1.62,34,32.0,2.0,0.1,26.1,36.3,-10.1,-0.89,0,0,0,0.0
de488e56,9,323,3.6,4,1,5,0,1.67,2,4.0,-2.0,-0.42,2.8,5.5,-2.7,-0.69,0,0,0,0.0
df8d6029,24,2152,23.9,24,23,0,1,1.79,43,28.0,15.0,-1.21,38.4,30.6,7.7,-0.61,0,0,0,0.0
dfc5d4fa,1,74,0.8,0,0,1,4,1.0,1,1.0,0.0,-0.79,1.8,2.0,-0.2,-0.63,0,0,0,0.0
dff0c299,9,91,1.0,0,0,9,9,0.89,2,0.0,2.0,2.27,1.1,1.3,-0.2,-0.04,0,0,0,0.0
dff153a4,3,52,0.6,0,0,3,1,3.0,4,1.0,3.0,3.72,2.2,0.3,1.8,2.28,0,0,0,0.0
e05082d1,18,618,6.9,6,0,12,3,0.5,5,18.0,-13.0,-1.18,7.7,11.6,-3.9,-0.32,0,0,0,0.0
e0f3a1f6,21,1578,17.5,19,16,2,0,1.24,17,21.0,-4.0,-0.09,19.4,22.1,-2.6,0.0,0,0,0,0.0
e110ea4b,1,90,1.0,1,1,0,0,1.0,1,1.0,0.0,0.17,0.9,1.2,-0.3,-0.16,0,0,0,0.0
e17c2cec,0,0,0.0,0,0,0,2,0.0,0,0.0,0.0,0.0,0.0,0.0,0.0,0.0,0,0,0,0.0
e1d8ee76,0,0,0.0,0,0,0,1,0.0,0,0.0,0.0,0.0,0.0,0.0,0.0,0.0,0,0,0,0.0
e21d1928,0,0,0.0,0,0,0,1,0.0,0,0.0,0.0,0.0,0.0,0.0,0.0,0.0,0,0,0,0.0
e2348f3d,0,0,0.0,0,0,0,2,0.0,0,0.0,0.0,0.0,0.0,0.0,0.0,0.0,0,0,0,0.0
e3844ecb,9,445,4.9,4,1,5,2,0.89,3,9.0,-6.0,-0.22,3.7,5.7,-2.0,-0.3,0,0,0,0.0
e3e32fbb,2,99,1.1,1,0,1,9,1.5,0,1.0,-1.0,-1.03,1.1,0.9,0.2,0.52,0,0,0,0.0
e4114f5d,3,25,0.3,0,0,3,1,3.0,0,2.0,-2.0,-8.05,0.3,1.2,-0.9,-3.96,0,0,0,0.0
e42d61c7,21,1508,16.8,16,14,5,1,2.29,43,12.0,31.0,0.88,39.1,16.8,22.4,1.11,0,0,0,0.0
e4448c8c,3,20,0.2,0,0,3,7,1.33,2,1.0,1.0,4.94,1.7,0.7,0.9,4.82,0,0,0,0.0
e472a6f6,22,1796,20.0,22,14,0,0,0.45,14,44.0,-30.0,-1.11,20.8,30.7,-9.9,-0.3,0,0,0,0.0
e546b2e3,22,1314,14.6,16,2,6,2,1.36,28,23.0,5.0,0.63,19.5,22.7,-3.2,0.29,0,0,0,0.0
e54a9890,23,1422,15.8,17,4,6,0,1.04,22,30.0,-8.0,-0.29,18.3,27.1,-8.8,-0.15,0,0,0,0.0
e5c1e0ca,25,2021,22.5,23,19,2,0,0.76,31,52.0,-21.0,-0.94,25.9,41.0,-15.1,1.03,0,0,0,0.0
e6951f76,0,0,0.0,0,0,0,13,0.0,0,0.0,0.0,0.0,0.0,0.0,0.0,0.0,0,0,0,0.0
e6eadfb8,7,520,5.8,7,3,0,4,1.14,8,8.0,0.0,1.35,8.7,6.9,1.9,0.63,0,0,0,0.0
e76cb9cc,24,2015,22.4,23,20,1,0,2.17,44,21.0,23.0,1.03,36.8,26.9,10.0,-0.59,0,0,0,0.0
e76f6fbe,0,0,0.0,0,0,0,7,0.0,0,0.0,0.0,0.0,0.0,0.0,0.0,0.0,0,0,0,0.0
e7986081,18,792,8.8,8,3,10,4,1.39,10,11.0,-1.0,-0.85,11.9,10.3,1.6,-0.22,0,0,0,0.0
e7d59f4f,10,515,5.7,6,1,4,0,1.7,6,5.0,1.0,-0.97,9.8,8.0,1.8,-0.25,0,0,0,0.0
ea0ff634,23,612,6.8,5,0,18,1,1.04,12,11.0,1.0,0.75,9.9,11.3,-1.4,0.4,0,0,0,0.0
eb0db257,9,212,2.4,2,1,7,3,0.56,1,4.0,-3.0,-0.26,2.6,3.9,-1.2,-0.41,0,0,0,0.0
eba1e557,5,377,4.2,4,3,1,0,1.6,5,3.0,2.0,1.82,5.8,3.2,2.6,1.15,0,0,0,0.0
ecada4fc,0,0,0.0,0,0,0,17,0.0,0,0.0,0.0,0.0,0.0,0.0,0.0,0.0,0,0,0,0.0
ed39121c,14,1008,11.2,11,7,3,1,1.07,17,26.0,-9.0,0.07,14.2,21.3,-7.1,0.26,0,0,0,0.0
ed45c4a5,24,1952,21.7,22,17,2,0,2.04,37,23.0,14.0,-2.07,35.1,27.5,7.6,-1.18,0,0,0,0.0
ed8cecc9,0,0,0.0,0,0,0,5,0.0,0,0.0,0.0,0.0,0.0,0.0,0.0,0.0,0,0,0,0.0
ed90babd,13,784,8.7,9,2,4,0,1.85,13,11.0,2.0,-0.45,15.6,9.0,6.5,0.06,0,0,0,0.0
edbe46dc,0,0,0.0,0,0,0,25,0.0,0,0.0,0.0,0.0,0.0,0.0,0.0,0.0,0,0,0,0.0
ee45fd85,20,1296,14.4,14,6,6,0,2.0,38,18.0,20.0,1.48,25.7,18.9,6.8,0.32,0,0,0,0.0
eeba07f8,7,293,3.3,2,0,5,8,2.29,8,2.0,6.0,1.06,5.7,4.4,1.3,-0.11,0,0,0,0.0
eedea60b,18,1620,18.0,18,18,0,4,1.72,23,12.0,11.0,1.18,29.4,21.5,7.9,0.41,1620,18,18,18.0
ef619b0b,20,1126,12.5,13,4,7,0,1.7,19,4.0,15.0,1.44,18.8,11.9,6.8,0.57,0,0,0,0.0
ef8ae23b,15,1072,11.9,12,7,3,2,1.13,13,17.0,-4.0,1.34,17.7,15.8,1.8,0.6,0,0,0,0.0
ef9c1c95,23,2026,22.5,23,20,0,0,1.78,41,25.0,16.0,1.92,41.6,25.1,16.5,0.2,0,0,0,0.0
f00de885,22,1916,21.3,22,21,0,0,1.41,32,24.0,8.0,-0.43,32.0,27.0,5.0,-0.57,1916,22,22,21.3
f066022d,18,1540,17.1,18,16,0,0,1.72,29,24.0,5.0,0.67,22.1,25.6,-3.5,0.44,0,0,0,0.0
f0661424,23,2046,22.7,23,20,0,0,1.52,35,24.0,11.0,0.48,34.3,26.7,7.7,0.18,0,0,0,0.0
f19f32b1,3,270,3.0,3,3,0,21,1.0,3,6.0,-3.0,0.05,4.6,3.3,1.3,0.67,270,3,3,3.0
f1a29ddc,0,0,0.0,0,0,0,2,0.0,0,0.0,0.0,0.0,0.0,0.0,0.0,0.0,0,0,0,0.0
f20e4cc9,16,1001,11.1,12,4,4,1,2.88,34,8.0,26.0,1.4,29.0,10.9,18.1,1.18,0,0,0,0.0
f28474a4,4,131,1.5,1,1,3,15,2.25,2,1.0,1.0,0.26,1.2,3.1,-1.9,-1.73,0,0,0,0.0
f323d995,19,1705,18.9,19,18,0,1,1.11,27,32.0,-5.0,0.56,22.7,31.6,-8.9,0.13,0,0,0,0.0
f3600c02,8,552,6.1,6,4,2,0,2.38,11,6.0,5.0,0.18,9.2,6.8,2.3,0.04,0,0,0,0.0
f41a69e6,25,2250,25.0,25,25,0,0,1.24,25,34.0,-9.0,0.0,26.7,40.1,-13.4,0.0,2250,25,25,25.0
f4bc42b1,19,559,6.2,5,0,14,6,0.47,7,15.0,-8.0,-0.01,8.3,11.1,-2.8,-0.03,0,0,0,0.0
f5044e54,20,1687,18.7,20,14,0,0,0.9,22,29.0,-7.0,1.07,22.2,28.6,-6.4,0.48,0,0,0,0.0
f527a32c,25,1319,14.7,15,3,10,0,1.24,14,23.0,-9.0,-0.61,16.7,25.5,-8.7,-0.14,0,0,0,0.0
f5c8b425,4,200,2.2,3,0,1,1,1.5,5,7.0,-2.0,-1.56,3.1,5.5,-2.3,-1.94,0,0,0,0.0
f5dfc256,6,540,6.0,6,6,0,12,1.67,13,13.0,0.0,-0.68,0.0,0.0,0.0,0.0,540,6,6,6.0
f6496133,5,184,2.0,1,0,4,7,1.2,2,0.0,2.0,0.98,2.6,1.6,0.9,0.86,0,0,0,0.0
f6857b4f,2,14,0.2,0,0,2,8,0.0,0,0.0,0.0,0.4,0.3,0.6,-0.3,-1.38,0,0,0,0.0
f7691f63,20,1231,13.7,15,6,5,1,1.0,13,21.0,-8.0,-0.14,13.0,25.0,-12.1,-0.55,0,0,0,0.0
f81ef10d,23,1733,19.3,20,11,3,1,1.52,28,20.0,8.0,-0.11,26.9,23.4,3.5,-0.6,0,0,0,0.0
f833a830,12,480,5.3,7,0,5,12,2.17,10,8.0,2.0,-0.49,8.8,7.2,1.5,-0.06,0,0,0,0.0
f8ce97ca,2,139,1.5,2,0,0,4,1.5,3,6.0,-3.0,-3.73,2.9,4.7,-1.8,-2.26,0,0,0,0.0
f9d5908e,15,941,10.5,11,5,4,2,2.13,13,2.0,11.0,0.98,15.4,12.0,3.4,0.11,0,0,0,0.0
fa753b79,0,0,0.0,0,0,0,2,0.0,0,0.0,0.0,0.0,0.0,0.0,0.0,0.0,0,0,0,0.0
faf00ab8,16,494,5.5,5,2,11,7,0.94,10,12.0,-2.0,0.05,7.3,11.8,-4.5,-0.42,0,0,0,0.0
fb0ee44e,22,1679,18.7,20,9,2,1,0.95,18,26.0,-8.0,2.41,26.1,22.0,4.1,1.5,0,0,0,0.0
fb14aa28,23,1831,20.3,22,12,1,0,0.65,29,47.0,-18.0,-0.24,23.7,39.2,-15.5,0.1,0,0,0,0.0
fb3236a7,21,1281,14.2,14,12,7,2,0.95,9,25.0,-16.0,-0.2,15.6,21.9,-6.3,-0.24,0,0,0,0.0
fb4c5b6e,1,59,0.7,1,0,0,2,3.0,1,0.0,1.0,1.77,0.1,0.8,-0.7,-0.95,0,0,0,0.0
fb55f63a,3,40,0.4,0,0,3,13,0.33,0,1.0,-1.0,-1.92,0.6,0.8,-0.2,0.1,0,0,0,0.0
fc46aab1,20,970,10.8,11,1,9,0,2.0,18,10.0,8.0,0.11,17.6,13.8,3.8,0.01,0,0,0,0.0
fc4cf6a7,24,1818,20.2,20,13,4,1,1.58,26,17.0,9.0,-0.18,26.5,23.5,2.9,-0.61,0,0,0,0.0
fc62f087,0,0,0.0,0,0,0,4,0.0,0,0.0,0.0,0.0,0.0,0.0,0.0,0.0,0,0,0,0.0
fcc84a07,18,817,9.1,10,2,8,6,1.22,13,12.0,1.0,0.8,11.8,13.1,-1.2,0.57,0,0,0,0.0
fd2bc67d,24,2160,24.0,24,24,0,0,1.67,32,20.0,12.0,0.5,33.3,27.5,5.8,-0.54,0,0,0,0.0
fd78b105,7,630,7.0,7,7,0,12,0.86,8,14.0,-6.0,-0.02,4.9,14.6,-9.7,-0.84,630,7,7,7.0
fdbde523,21,1177,13.1,13,5,8,0,0.38,12,28.0,-16.0,0.12,14.9,19.8,-4.9,0.12,0,0,0,0.0
feb5d3ab,15,795,8.8,9,3,6,0,0.87,8,16.0,-8.0,-1.09,10.0,12.5,-2.4,-0.2,0,0,0,0.0
fed17f5a,16,743,8.3,9,2,7,4,2.19,20,10.0,10.0,-0.52,17.3,10.3,7.0,-0.19,0,0,0,0.0
ff4d0258,2,36,0.4,0,0,2,11,0.0,0,1.0,-1.0,-2.17,0.2,0.8,-0.6,-0.97,0,0,0,0.0
ff4df82e,22,646,7.2,4,0,18,3,1.23,11,14.0,-3.0,-0.36,8.9,11.2,-2.3,-0.22,0,0,0,0.0
ff800ed8,0,0,0.0,0,0,0,1,0.0,0,0.0,0.0,0.0,0.0,0.0,0.0,0.0,0,0,0,0.0
ffec9769,16,986,11.0,11,4,5,0,0.88,11,15.0,-4.0,0.49,10.6,15.8,-5.2,-0.02,0,0,0,0.0
fffea3e5,18,576,6.4,4,1,14,1,1.61,4,7.0,-3.0,-1.54,7.7,11.5,-3.8,-1.27,0,0,0,0.0
