id,MP,Min,90s,Starts,Compl,Subs,unSub,onG,onGA,+/-,onxG,onxGA,xG+/-,MinGK,MPGK,StartsGK,90sGK
0076ab7f,3,241,2,2,1,1,1,1,1,0,2.9,3.8,-0.9,0,0,0,0
01204d46,0,0,0,0,0,0,3,0,0,0,0.0,0.0,0.0,0,0,0,0
01226327,4,246,2,3,2,1,2,5,7,-2,3.0,4.7,-1.7,0,0,0,0
0127419a,5,290,3,3,0,2,0,6,1,5,5.5,3.2,2.3,0,0,0,0
01ccefab,1,22,0,0,0,1,2,0,0,0,0.3,0.0,0.3,0,0,0,0
01da7812,5,385,4,4,4,1,0,4,9,-5,3.5,7.7,-4.1,0,0,0,0
01f41161,0,0,0,0,0,0,3,0,0,0,0.0,0.0,0.0,0,0,0,0
02caf6e0,6,315,3,4,2,2,0,3,1,2,6.0,3.4,2.6,0,0,0,0
0331786b,3,34,0,0,0,3,3,0,0,0,0.7,0.9,-0.1,0,0,0,0
0362c29e,4,282,3,3,3,1,1,2,7,-5,3.6,6.8,-3.2,0,0,0,0
038bbb55,0,0,0,0,0,0,6,0,0,0,0.0,0.0,0.0,0,0,0,0
03b6afa9,6,469,5,5,5,1,0,6,7,-1,10.1,6.8,3.4,0,0,0,0
03f946ed,7,342,3,4,2,3,1,13,5,8,10.0,5.1,5.0,0,0,0,0
046a255f,0,0,0,0,0,0,6,0,0,0,0.0,0.0,0.0,0,0,0,0
048a1cbc,1,90,1,1,1,0,1,2,4,-2,1.5,2.1,-0.6,0,0,0,0
04e17fd5,4,219,2,2,0,2,0,1,1,0,2.8,2.7,0.1,0,0,0,0
056269d7,2,140,1,2,0,0,4,1,3,-2,3.4,2.0,1.5,0,0,0,0
05bffdb1,6,540,6,6,6,0,0,4,9,-5,4.7,12.1,-7.4,540,6,6,6
05d548d8,2,180,2,2,2,0,0,4,6,-2,5.1,3.8,1.4,0,0,0,0
0683f364,5,357,4,4,1,1,0,2,8,-6,3.8,7.7,-3.9,0,0,0,0
068f4dec,4,90,1,0,0,4,2,1,0,1,1.7,0.3,1.5,0,0,0,0
06df8256,6,472,5,5,4,1,1,6,5,1,6.7,5.4,1.2,0,0,0,0
072e68ed,3,270,3,3,3,0,0,3,6,-3,7.7,4.6,3.1,270,3,3,3
0743d0ec,3,270,3,3,3,0,2,5,3,2,2.9,3.1,-0.2,270,3,3,3
07666c20,0,0,0,0,0,0,1,0,0,0,0.0,0.0,0.0,0,0,0,0
080440a4,9,757,8,9,8,0,2,14,8,6,14.8,13.4,1.4,0,0,0,0
08c982a0,3,162,1,3,1,0,3,0,2,-2,0.8,3.2,-2.4,0,0,0,0
098525c6,0,0,0,0,0,0,6,0,0,0,0.0,0.0,0.0,0,0,0,0
0a084b35,3,270,3,3,3,0,1,8,9,-1,5.2,5.5,-0.3,0,0,0,0
0a215326,4,254,2,4,1,0,0,4,4,0,2.4,5.7,-3.3,0,0,0,0
0a69de7b,0,0,0,0,0,0,2,0,0,0,0.0,0.0,0.0,0,0,0,0
0a89e877,6,445,4,5,1,1,0,7,5,2,8.5,5.6,2.9,0,0,0,0
0a98ecc2,1,4,0,0,0,1,4,0,0,0,0.5,0.1,0.4,0,0,0,0
0b243559,4,268,3,3,0,1,2,3,2,1,4.6,1.6,3.0,0,0,0,0
0b5a292a,5,305,3,4,3,1,0,7,8,-1,6.1,6.4,-0.3,0,0,0,0
0c0508dc,0,0,0,0,0,0,2,0,0,0,0.0,0.0,0.0,0,0,0,0
0c2ac3cb,2,159,1,2,0,0,0,3,3,0,1.6,2.4,-0.8,0,0,0,0
0c5c94d0,3,183,2,2,1,1,0,0,1,-1,1.4,4.5,-3.1,0,0,0,0
0c7a48f8,6,430,4,5,2,1,2,8,4,4,9.2,6.9,2.3,0,0,0,0
0cadc46d,3,109,1,0,0,3,3,1,1,0,3.9,1.2,2.6,0,0,0,0
0cb29e91,1,66,0,1,0,0,4,1,0,1,1.0,0.3,0.7,0,0,0,0
0cc07deb,1,14,0,0,0,1,1,0,1,-1,0.0,0.4,-0.4,0,0,0,0
0ceb43f6,4,341,3,4,2,0,1,7,7,0,4.5,8.4,-3.8,0,0,0,0
0d9b2d31,6,479,5,6,4,0,0,8,6,2,9.4,5.4,3.9,0,0,0,0
0da6a13e,5,324,3,4,2,1,1,1,6,-5,4.2,4.2,0.1,0,0,0,0
0de73fa4,4,136,1,2,0,2,0,3,6,-3,2.4,4.2,-1.8,0,0,0,0
0df2b165,14,1132,12,12,10,2,1,20,13,7,18.7,17.4,1.4,0,0,0,0
0df854bb,0,0,0,0,0,0,10,0,0,0,0.0,0.0,0.0,0,0,0,0
0eb83e1a,2,210,2,2,2,0,0,2,2,0,2.4,3.9,-1.5,0,0,0,0
0f888175,4,171,1,1,1,3,2,1,2,-1,1.1,3.6,-2.6,0,0,0,0
10072610,4,341,3,4,3,0,4,8,6,2,6.9,6.4,0.5,341,4,4,3
10549b49,2,36,0,0,0,2,0,0,1,-1,0.7,0.6,0.1,0,0,0,0
10b26721,1,2,0,0,0,1,0,0,0,0,0.0,0.0,0.0,0,0,0,0
10fe831e,3,186,2,2,2,1,0,1,4,-3,1.4,6.0,-4.6,0,0,0,0
1124ac8a,1,90,1,1,1,0,5,3,2,1,1.8,2.7,-0.9,0,0,0,0
1148323a,0,0,0,0,0,0,3,0,0,0,0.0,0.0,0.0,0,0,0,0
118b60ce,1,90,1,1,1,0,1,0,0,0,1.1,0.8,0.3,90,1,1,1
11d8aff0,0,0,0,0,0,0,6,0,0,0,0.0,0.0,0.0,0,0,0,0
121101a4,1,90,1,1,1,0,3,1,0,1,1.1,0.7,0.4,0,0,0,0
1295b5e3,6,533,5,6,5,0,0,5,8,-3,7.3,8.5,-1.2,0,0,0,0
12c35abe,12,379,4,2,0,10,1,5,5,0,4.0,7.2,-3.2,0,0,0,0
1339039e,5,338,3,4,2,1,0,7,9,-2,6.7,8.7,-2.0,0,0,0,0
133faa84,8,720,8,8,8,0,0,8,5,3,8.0,13.5,-5.5,0,0,0,0
13c8e5f6,6,413,4,5,3,1,0,3,7,-4,2.9,8.0,-5.1,0,0,0,0
13ea2544,8,572,6,7,2,1,0,6,9,-3,7.0,8.8,-1.8,0,0,0,0
14229604,0,0,0,0,0,0,2,0,0,0,0.0,0.0,0.0,0,0,0,0
1443ca7d,1,29,0,0,0,1,5,0,0,0,0.3,0.2,0.0,0,0,0,0
144b35b6,0,0,0,0,0,0,5,0,0,0,0.0,0.0,0.0,0,0,0,0
149895bf,0,0,0,0,0,0,1,0,0,0,0.0,0.0,0.0,0,0,0,0
149c5f5d,4,112,1,1,1,3,2,3,1,2,3.0,1.4,1.6,0,0,0,0
14e05913,0,0,0,0,0,0,3,0,0,0,0.0,0.0,0.0,0,0,0,0
14e8fe86,4,188,2,2,1,2,1,1,2,-1,2.4,4.2,-1.8,0,0,0,0
15944afd,5,241,2,3,1,2,2,3,2,1,5.0,4.5,0.5,0,0,0,0
15b287da,13,1105,12,12,8,1,0,19,12,7,20.5,17.4,3.1,0,0,0,0
15d0c248,7,630,7,7,7,0,1,8,7,1,10.7,8.7,1.9,0,0,0,0
1612a1dc,0,0,0,0,0,0,3,0,0,0,0.0,0.0,0.0,0,0,0,0
16380240,2,141,1,2,0,0,1,3,3,0,4.3,2.3,2.0,0,0,0,0
169ea6ed,0,0,0,0,0,0,2,0,0,0,0.0,0.0,0.0,0,0,0,0
169f5976,3,128,1,1,0,2,1,1,4,-3,1.7,2.0,-0.3,0,0,0,0
16e9d0ea,7,397,4,3,3,4,1,7,9,-2,5.9,7.3,-1.4,0,0,0,0
172bab0a,3,145,1,1,0,2,1,2,0,2,1.3,1.7,-0.5,0,0,0,0
173eb3cd,6,397,4,5,2,1,0,4,11,-7,4.6,8.6,-4.0,0,0,0,0
1774c547,2,26,0,0,0,2,0,1,0,1,1.2,1.1,0.1,0,0,0,0
1791a1ea,0,0,0,0,0,0,1,0,0,0,0.0,0.0,0.0,0,0,0,0
17e8b732,0,0,0,0,0,0,3,0,0,0,0.0,0.0,0.0,0,0,0,0
182a8b9d,1,90,1,1,1,0,8,0,1,-1,0.7,1.1,-0.4,0,0,0,0
18563ea7,0,0,0,0,0,0,6,0,0,0,0.0,0.0,0.0,0,0,0,0
1880614f,5,445,4,5,4,0,1,4,3,1,9.1,3.3,5.8,0,0,0,0
1881d66b,0,0,0,0,0,0,4,0,0,0,0.0,0.0,0.0,0,0,0,0
1900032e,3,189,2,2,2,1,1,2,4,-2,2.6,3.7,-1.1,0,0,0,0
19053e31,7,303,3,3,0,4,1,4,4,0,5.0,4.4,0.6,0,0,0,0
192d4c3d,0,0,0,0,0,0,1,0,0,0,0.0,0.0,0.0,0,0,0,0
1944818c,9,694,7,8,5,1,3,14,9,5,14.3,9.9,4.3,0,0,0,0
1971591f,4,301,3,4,0,0,0,7,5,2,4.5,4.4,0.1,0,0,0,0
197640fd,5,450,5,5,5,0,1,8,8,0,8.3,6.2,2.2,0,0,0,0
19a967ab,7,689,7,7,6,0,0,11,6,5,12.2,10.9,1.2,0,0,0,0
19cae58d,5,230,2,2,1,3,0,2,5,-3,4.3,3.9,0.4,0,0,0,0
1a4ef233,4,347,3,4,3,0,1,8,6,2,8.3,3.6,4.6,0,0,0,0
1b280c66,1,90,1,1,1,0,3,2,1,1,1.2,1.6,-0.4,0,0,0,0
1b70f53a,0,0,0,0,0,0,7,0,0,0,0.0,0.0,0.0,0,0,0,0
1bacc518,6,384,4,4,2,2,0,10,5,5,10.2,3.8,6.4,0,0,0,0
1bda5842,7,460,5,6,2,1,1,7,6,1,8.0,5.5,2.6,0,0,0,0
1c07b06e,6,366,4,4,3,2,2,7,5,2,6.3,7.1,-0.9,0,0,0,0
1c14c246,0,0,0,0,0,0,6,0,0,0,0.0,0.0,0.0,0,0,0,0
1c7012b8,10,896,10,10,7,0,1,16,7,9,17.3,12.3,5.0,0,0,0,0
1c78737d,2,10,0,0,0,2,0,0,0,0,0.4,0.0,0.4,0,0,0,0
1d2d5cc8,1,90,1,1,1,0,5,1,0,1,2.3,0.3,1.9,90,1,1,1
1d54e8f8,5,398,4,5,2,0,0,5,5,0,4.9,5.2,-0.3,0,0,0,0
1dff86ec,2,39,0,0,0,2,2,1,1,0,0.8,0.9,-0.1,0,0,0,0
1e8dbb59,6,299,3,3,2,3,2,3,1,2,4.6,3.7,0.9,0,0,0,0
1e9aa637,2,50,0,0,0,2,4,0,1,-1,1.3,1.9,-0.6,0,0,0,0
1e9e7538,0,0,0,0,0,0,1,0,0,0,0.0,0.0,0.0,0,0,0,0
1ec7e1c5,4,360,4,4,4,0,6,10,2,8,8.5,3.8,4.7,0,0,0,0
1eccbe9b,0,0,0,0,0,0,2,0,0,0,0.0,0.0,0.0,0,0,0,0
1eecc0c6,4,306,3,4,1,0,0,6,4,2,5.1,4.3,0.8,0,0,0,0
1f1229a9,4,192,2,2,1,2,1,2,6,-4,2.2,5.4,-3.2,0,0,0,0
1f2d714c,5,93,1,1,0,4,6,1,3,-2,0.6,2.7,-2.1,0,0,0,0
1f3afdcb,5,303,3,3,3,2,3,7,4,3,6.8,3.5,3.4,0,0,0,0
1f9328da,3,246,2,3,2,0,1,2,4,-2,3.0,4.4,-1.4,0,0,0,0
1fd1df9c,5,288,3,3,2,2,1,0,3,-3,1.4,4.5,-3.1,0,0,0,0
20030c06,4,360,4,4,4,0,0,7,5,2,8.7,6.3,2.4,0,0,0,0
200e89e1,4,112,1,0,0,4,0,1,0,1,2.9,0.4,2.5,0,0,0,0
20b9f052,5,450,5,5,5,0,1,5,7,-2,9.9,5.2,4.7,450,5,5,5
20dbf9e0,4,48,0,0,0,4,1,1,0,1,2.1,1.1,1.0,0,0,0,0
20de219a,1,90,1,1,1,0,6,1,1,0,1.8,2.5,-0.6,90,1,1,1
211589b8,1,1,0,0,0,1,0,0,0,0,0.1,0.0,0.1,0,0,0,0
21164a21,4,270,3,3,2,1,2,3,6,-3,4.8,5.2,-0.3,0,0,0,0
21166ff4,6,495,5,5,5,1,0,11,11,0,11.1,6.2,4.9,0,0,0,0
222dfffb,8,665,7,7,6,1,0,8,11,-3,8.2,10.9,-2.7,0,0,0,0
225647e2,0,0,0,0,0,0,8,0,0,0,0.0,0.0,0.0,0,0,0,0
22721b88,0,0,0,0,0,0,6,0,0,0,0.0,0.0,0.0,0,0,0,0
22798128,5,353,3,4,2,1,0,4,6,-2,3.3,5.6,-2.4,0,0,0,0
228b0d9d,8,622,6,7,5,1,0,11,10,1,13.1,9.3,3.8,0,0,0,0
230a2fac,8,720,8,8,8,0,0,18,15,3,17.1,12.3,4.8,0,0,0,0
230f0471,2,115,1,1,1,1,4,1,1,0,0.5,2.2,-1.7,0,0,0,0
23505094,0,0,0,0,0,0,3,0,0,0,0.0,0.0,0.0,0,0,0,0
24051310,4,360,4,4,4,0,0,5,5,0,6.2,6.8,-0.6,0,0,0,0
240c8ab6,1,2,0,0,0,1,6,0,0,0,0.0,0.1,-0.1,0,0,0,0
24228180,7,520,5,7,2,0,0,9,9,0,8.8,9.1,-0.3,0,0,0,0
244a31b9,1,53,0,1,0,0,0,1,1,0,0.5,0.9,-0.3,0,0,0,0
24d9435b,3,188,2,2,2,1,2,3,5,-2,3.5,4.6,-1.0,0,0,0,0
2506009f,2,210,2,2,2,0,0,2,2,0,2.4,3.9,-1.5,0,0,0,0
25146df0,3,181,2,2,2,1,3,2,1,1,3.7,2.7,1.1,0,0,0,0
258aff54,6,442,4,5,3,1,0,1,7,-6,2.6,8.2,-5.6,0,0,0,0
25b74470,5,229,2,2,0,3,3,4,2,2,3.2,3.1,0.1,0,0,0,0
25e6f8cb,6,506,5,6,5,0,0,6,9,-3,7.2,8.0,-0.9,0,0,0,0
25ef5b47,6,229,2,2,0,4,0,1,4,-3,1.2,4.4,-3.2,0,0,0,0
262e5a82,3,138,1,1,1,2,2,4,2,2,3.9,2.8,1.1,0,0,0,0
264b6d64,2,18,0,0,0,2,3,0,0,0,0.1,0.6,-0.5,0,0,0,0
2690dffa,2,91,1,0,0,2,3,1,3,-2,0.4,3.4,-3.0,0,0,0,0
26f6dca8,10,673,7,9,0,1,1,16,4,12,15.5,8.9,6.6,0,0,0,0
270c700c,1,4,0,0,0,1,0,0,0,0,0.0,0.0,0.0,0,0,0,0
27e6fbbc,1,16,0,0,0,1,5,0,0,0,0.5,0.2,0.3,0,0,0,0
27ff9bdb,3,225,2,3,1,0,0,4,7,-3,5.5,5.4,0.1,0,0,0,0
282947c7,0,0,0,0,0,0,1,0,0,0,0.0,0.0,0.0,0,0,0,0
284f2ce6,3,270,3,3,3,0,3,2,8,-6,3.8,7.2,-3.4,0,0,0,0
28b1f3ce,3,267,3,3,2,0,0,4,4,0,5.2,4.4,0.8,0,0,0,0
28eaa0f3,6,540,6,6,6,0,0,6,10,-4,6.5,10.5,-4.0,0,0,0,0
28eea0fc,2,83,0,0,0,2,0,0,1,-1,1.8,2.4,-0.6,0,0,0,0
29d8ad3f,3,263,2,3,2,0,2,0,4,-4,2.3,7.2,-4.9,0,0,0,0
29fbdc88,6,493,5,6,2,0,0,8,6,2,7.0,7.8,-0.7,0,0,0,0
2a0c8ba4,3,230,2,2,2,1,0,1,2,-1,2.8,3.6,-0.8,0,0,0,0
2a1beb34,6,521,5,6,5,0,0,10,6,4,8.7,7.4,1.4,0,0,0,0
2a6cd437,0,0,0,0,0,0,2,0,0,0,0.0,0.0,0.0,0,0,0,0
2a70dcc9,2,39,0,0,0,2,4,0,0,0,0.2,0.4,-0.2,0,0,0,0
2a7e2610,0,0,0,0,0,0,1,0,0,0,0.0,0.0,0.0,0,0,0,0
2ab7149e,4,210,2,2,1,2,8,1,5,-4,2.7,3.4,-0.7,0,0,0,0
2b09d998,4,154,1,2,1,2,1,3,1,2,2.3,0.8,1.5,0,0,0,0
2b1c4abd,4,149,1,2,1,2,1,4,7,-3,3.4,4.8,-1.4,0,0,0,0
2b65fe46,5,410,4,5,3,0,0,10,10,0,9.6,8.5,1.1,0,0,0,0
2ba38347,1,21,0,0,0,1,3,0,0,0,0.1,0.3,-0.2,0,0,0,0
2bed3eab,5,429,4,5,4,0,1,4,6,-2,8.8,4.4,4.4,0,0,0,0
2bef2bca,5,350,3,4,3,1,0,7,6,1,6.1,4.9,1.2,0,0,0,0
2c320058,3,89,1,1,0,2,2,2,1,1,1.9,0.9,1.1,0,0,0,0
2c56a792,3,125,1,2,0,1,3,1,2,-1,2.1,1.0,1.1,0,0,0,0
2c5f04ba,6,422,4,6,2,0,0,3,7,-4,4.1,11.1,-7.0,0,0,0,0
2cb77ec6,3,249,2,3,1,0,1,2,4,-2,1.9,4.1,-2.2,0,0,0,0
2ce71308,4,291,3,4,0,0,1,2,4,-2,2.8,6.9,-4.1,0,0,0,0
2d54d501,3,42,0,0,0,3,3,0,1,-1,0.2,1.1,-0.9,0,0,0,0
2d6e535f,3,270,3,3,3,0,0,4,7,-3,3.2,7.0,-3.8,0,0,0,0
2db2fd7b,3,195,2,3,0,0,3,5,3,2,4.3,1.0,3.3,0,0,0,0
2dce876a,1,10,0,0,0,1,3,0,1,-1,0.0,0.6,-0.5,0,0,0,0
2de6641f,1,7,0,0,0,1,3,0,0,0,0.6,0.0,0.6,0,0,0,0
2e1ca4a1,0,0,0,0,0,0,6,0,0,0,0.0,0.0,0.0,0,0,0,0
2e7ff968,0,0,0,0,0,0,2,0,0,0,0.0,0.0,0.0,0,0,0,0
2edbd8d5,0,0,0,0,0,0,2,0,0,0,0.0,0.0,0.0,0,0,0,0
2f3452eb,7,478,5,5,4,2,1,8,4,4,11.4,5.9,5.5,0,0,0,0
2f557579,5,345,3,5,0,0,0,6,7,-1,6.2,5.2,0.9,0,0,0,0
2f965a72,11,1020,11,11,11,0,1,16,8,8,20.0,14.9,5.1,1020,11,11,11
2fabebc0,1,90,1,1,1,0,1,2,3,-1,1.2,1.3,0.0,90,1,1,1
2fbe6af0,0,0,0,0,0,0,3,0,0,0,0.0,0.0,0.0,0,0,0,0
2ff76adc,6,494,5,6,4,0,0,9,7,2,8.2,6.5,1.7,0,0,0,0
2ffa6348,4,223,2,2,2,2,2,3,4,-1,3.3,3.1,0.2,0,0,0,0
305a3820,0,0,0,0,0,0,3,0,0,0,0.0,0.0,0.0,0,0,0,0
30670b0e,0,0,0,0,0,0,6,0,0,0,0.0,0.0,0.0,0,0,0,0
30941e96,6,466,5,5,4,1,0,8,7,1,9.5,7.5,2.1,0,0,0,0
30af8b93,8,600,6,7,4,1,0,7,7,0,9.1,8.4,0.7,0,0,0,0
30d75bfb,0,0,0,0,0,0,1,0,0,0,0.0,0.0,0.0,0,0,0,0
30e03a25,2,210,2,2,2,0,0,2,2,0,2.4,3.9,-1.5,0,0,0,0
30fab1ee,0,0,0,0,0,0,2,0,0,0,0.0,0.0,0.0,0,0,0,0
313d5ee5,5,353,3,5,1,0,1,3,7,-4,3.3,8.1,-4.8,0,0,0,0
31434fa4,0,0,0,0,0,0,2,0,0,0,0.0,0.0,0.0,0,0,0,0
316de854,13,1141,12,12,9,1,0,21,13,8,20.6,17.1,3.5,0,0,0,0
31f5b89b,2,146,1,2,1,0,3,3,4,-1,3.4,2.8,0.6,0,0,0,0
32314605,4,271,3,3,1,1,1,0,5,-5,1.8,7.2,-5.3,0,0,0,0
328f7d51,15,1105,12,13,3,2,0,21,11,10,20.4,16.6,3.8,0,0,0,0
32c0491f,2,126,1,2,0,0,0,1,4,-3,2.3,1.7,0.6,0,0,0,0
32fb87b4,4,318,3,4,2,0,2,5,8,-3,6.3,7.8,-1.5,0,0,0,0
33182cb8,6,390,4,4,2,2,0,5,9,-4,5.3,9.2,-3.9,0,0,0,0
332695f4,2,180,2,2,2,0,2,2,2,0,2.7,3.2,-0.5,180,2,2,2
33508c78,1,45,0,0,0,1,0,1,0,1,0.9,0.1,0.8,0,0,0,0
33591ff0,6,333,3,3,2,3,0,2,7,-5,4.2,9.7,-5.5,0,0,0,0
3376a776,1,49,0,1,0,0,0,3,1,2,1.4,0.5,0.9,0,0,0,0
339fe0e8,8,720,8,8,8,0,0,10,7,3,14.0,9.6,4.4,720,8,8,8
33a6a650,7,585,6,6,6,1,1,7,7,0,8.1,8.4,-0.3,0,0,0,0
33b11df6,2,180,2,2,2,0,0,2,3,-1,2.3,2.1,0.3,0,0,0,0
33bd3dae,6,247,2,2,1,4,0,1,5,-4,4.4,4.1,0.3,0,0,0,0
34551ef5,0,0,0,0,0,0,2,0,0,0,0.0,0.0,0.0,0,0,0,0
34ccf6fa,2,180,2,2,2,0,0,1,1,0,3.3,3.1,0.1,180,2,2,2
34e393f2,9,716,8,7,7,2,1,10,11,-1,11.1,11.4,-0.3,0,0,0,0
35862524,2,163,1,1,0,1,0,2,0,2,1.5,2.2,-0.7,0,0,0,0
3594a357,1,1,0,0,0,1,1,0,0,0,0.1,0.1,0.0,0,0,0,0
35d64857,11,854,9,10,7,1,1,15,10,5,15.5,12.7,2.8,0,0,0,0
35f67791,7,330,3,3,0,4,1,5,3,2,5.0,5.9,-0.9,0,0,0,0
360e3062,5,450,5,5,5,0,0,4,9,-5,7.5,8.1,-0.6,0,0,0,0
3642b47f,3,224,2,2,1,1,0,1,6,-5,1.2,4.2,-3.1,0,0,0,0
36463103,1,90,1,1,1,0,1,2,0,2,1.4,0.9,0.5,0,0,0,0
36a3ff67,2,166,1,2,0,0,0,4,6,-2,5.0,3.8,1.2,0,0,0,0
36a79857,6,400,4,5,1,1,0,2,11,-9,3.6,9.0,-5.4,0,0,0,0
3708e9fa,7,333,3,2,0,5,0,5,3,2,6.4,3.9,2.5,0,0,0,0
3741ca58,0,0,0,0,0,0,5,0,0,0,0.0,0.0,0.0,0,0,0,0
374d5158,2,60,0,1,0,1,0,0,1,-1,0.3,0.8,-0.5,0,0,0,0
374ee424,5,450,5,5,5,0,3,8,4,4,10.1,3.6,6.5,450,5,5,5
3759e431,0,0,0,0,0,0,1,0,0,0,0.0,0.0,0.0,0,0,0,0
37998008,0,0,0,0,0,0,2,0,0,0,0.0,0.0,0.0,0,0,0,0
37d0048f,10,546,6,7,0,3,0,8,8,0,7.4,10.4,-3.0,0,0,0,0
37dc1a48,9,585,6,7,0,2,2,12,6,6,13.3,7.4,6.0,0,0,0,0
387750b7,0,0,0,0,0,0,1,0,0,0,0.0,0.0,0.0,0,0,0,0
38ffe644,0,0,0,0,0,0,3,0,0,0,0.0,0.0,0.0,0,0,0,0
393a257c,4,276,3,4,3,0,0,4,4,0,3.5,3.0,0.5,0,0,0,0
3b0108d6,1,90,1,1,1,0,13,1,1,0,0.5,1.0,-0.6,90,1,1,1
3b029691,4,224,2,2,1,2,0,3,2,1,4.3,3.3,1.0,0,0,0,0
3b12b11f,1,8,0,0,0,1,5,1,0,1,0.5,0.0,0.5,0,0,0,0
3b333ac3,6,454,5,5,5,1,0,8,5,3,7.0,7.1,-0.1,0,0,0,0
3c251970,0,0,0,0,0,0,4,0,0,0,0.0,0.0,0.0,0,0,0,0
3ca7254a,8,483,5,5,1,3,0,9,7,2,9.7,7.5,2.2,0,0,0,0
3cdfc63e,6,540,6,6,6,0,0,5,12,-7,5.3,11.1,-5.8,0,0,0,0
3ce20eda,5,507,5,5,4,0,1,7,4,3,6.4,10.5,-4.0,0,0,0,0
3d6686f9,2,85,0,1,0,1,0,1,2,-1,0.6,2.8,-2.2,0,0,0,0
3d6691dd,4,293,3,3,2,1,0,1,4,-3,2.2,7.8,-5.6,0,0,0,0
3d99999d,0,0,0,0,0,0,1,0,0,0,0.0,0.0,0.0,0,0,0,0
3dd738a1,6,367,4,4,3,2,2,5,3,2,5.2,5.0,0.3,0,0,0,0
3e9e06cb,10,930,10,10,10,0,1,16,7,9,19.3,13.9,5.5,0,0,0,0
3ea50f67,4,275,3,3,2,1,1,7,6,1,4.6,5.1,-0.6,0,0,0,0
3ecc8c5f,6,540,6,6,6,0,0,4,11,-7,6.4,13.5,-7.1,0,0,0,0
3ee0dd59,7,552,6,7,5,0,0,8,9,-1,11.7,8.5,3.2,0,0,0,0
3ef0af0d,0,0,0,0,0,0,2,0,0,0,0.0,0.0,0.0,0,0,0,0
3ef0fa48,6,229,2,3,1,3,2,1,3,-2,4.1,3.3,0.8,0,0,0,0
3efaa30d,3,132,1,1,1,2,1,1,1,0,1.7,1.1,0.6,0,0,0,0
3effaa34,6,306,3,4,1,2,0,7,3,4,6.6,2.7,3.9,0,0,0,0
3f10bd22,4,247,2,2,1,2,0,1,2,-1,3.1,3.9,-0.8,0,0,0,0
3f1107d5,0,0,0,0,0,0,1,0,0,0,0.0,0.0,0.0,0,0,0,0
3f79a1c8,0,0,0,0,0,0,6,0,0,0,0.0,0.0,0.0,0,0,0,0
4030c7ae,5,450,5,5,5,0,0,3,9,-6,4.6,9.9,-5.3,450,5,5,5
4037db79,6,465,5,5,2,1,0,2,5,-3,3.1,7.1,-4.0,0,0,0,0
403f5d20,6,507,5,6,5,0,0,9,8,1,8.4,6.9,1.5,0,0,0,0
4044e8d8,3,76,0,0,0,3,2,0,0,0,2.1,0.8,1.3,0,0,0,0
40774c6b,5,270,3,3,1,2,1,3,4,-1,7.1,3.3,3.8,0,0,0,0
40a5ecd5,0,0,0,0,0,0,6,0,0,0,0.0,0.0,0.0,0,0,0,0
40ab93b4,1,2,0,0,0,1,1,0,0,0,0.0,0.2,-0.2,0,0,0,0
414b2ce4,3,87,1,1,0,2,4,0,1,-1,1.1,2.7,-1.6,0,0,0,0
414e94a7,0,0,0,0,0,0,2,0,0,0,0.0,0.0,0.0,0,0,0,0
41d3704d,1,90,1,1,1,0,2,0,1,-1,0.7,1.1,-0.4,0,0,0,0
41eebdf5,6,540,6,6,6,0,0,10,9,1,9.2,12.9,-3.7,0,0,0,0
41f32541,2,150,1,2,1,0,0,3,2,1,2.3,2.4,-0.1,0,0,0,0
42104acf,0,0,0,0,0,0,4,0,0,0,0.0,0.0,0.0,0,0,0,0
42a55711,5,274,3,3,0,2,1,7,4,3,5.2,6.2,-1.0,0,0,0,0
42dcf26d,2,180,2,2,2,0,4,1,1,0,3.9,0.6,3.4,0,0,0,0
4352d221,6,540,6,6,6,0,0,7,7,0,10.1,6.7,3.4,0,0,0,0
4374d81c,7,617,6,7,6,0,1,7,4,3,6.8,11.2,-4.4,0,0,0,0
43b23d3a,6,53,0,0,0,6,0,1,2,-1,1.9,3.5,-1.6,0,0,0,0
43c3e523,0,0,0,0,0,0,6,0,0,0,0.0,0.0,0.0,0,0,0,0
441197b8,11,969,10,10,8,1,0,15,10,5,15.2,13.6,1.6,0,0,0,0
44150beb,3,50,0,0,0,3,4,1,1,0,0.4,1.6,-1.2,0,0,0,0
4431aed2,7,521,5,7,4,0,0,8,4,4,9.7,6.8,2.9,0,0,0,0
444940e2,5,374,4,4,4,1,0,6,4,2,7.3,8.5,-1.2,0,0,0,0
448a3608,2,135,1,2,0,0,0,2,3,-1,1.6,1.7,-0.1,0,0,0,0
4535e4bb,3,270,3,3,3,0,5,4,7,-3,3.5,6.8,-3.2,270,3,3,3
458e3479,0,0,0,0,0,0,4,0,0,0,0.0,0.0,0.0,0,0,0,0
45954ec7,3,252,2,3,2,0,1,5,3,2,5.4,3.4,2.0,0,0,0,0
45963054,4,120,1,1,1,3,2,2,3,-1,3.8,2.0,1.8,0,0,0,0
45bb4303,1,17,0,0,0,1,1,0,0,0,0.0,0.3,-0.3,0,0,0,0
4601e194,6,540,6,6,6,0,0,10,8,2,11.8,6.4,5.4,0,0,0,0
4611e028,0,0,0,0,0,0,2,0,0,0,0.0,0.0,0.0,0,0,0,0
46152b69,7,551,6,6,5,1,0,9,6,3,8.7,8.4,0.3,0,0,0,0
46f21efd,0,0,0,0,0,0,1,0,0,0,0.0,0.0,0.0,0,0,0,0
4737cebe,7,506,5,6,2,1,0,9,7,2,11.5,6.3,5.2,0,0,0,0
4760b2f2,6,495,5,5,5,1,0,3,7,-4,3.7,9.4,-5.7,0,0,0,0
47681787,4,254,2,3,1,1,2,7,5,2,4.2,3.6,0.6,0,0,0,0
47af88b8,5,359,4,4,3,1,3,9,6,3,7.6,3.7,3.9,0,0,0,0
47dbe004,6,437,4,6,1,0,0,3,9,-6,4.3,8.8,-4.5,0,0,0,0
47fd5136,1,45,0,1,0,0,1,2,3,-1,0.8,0.8,0.0,0,0,0,0
48d5bd33,5,336,3,5,0,0,1,8,4,4,5.1,3.0,2.1,0,0,0,0
48df060a,1,1,0,0,0,1,1,0,0,0,0.0,0.0,0.0,0,0,0,0
4980c6be,2,180,2,2,2,0,4,0,4,-4,0.8,5.8,-5.0,180,2,2,2
49b45985,5,167,1,2,1,3,0,1,4,-3,0.9,4.7,-3.8,0,0,0,0
49d028db,7,630,7,7,7,0,3,13,11,2,12.3,10.8,1.5,0,0,0,0
49df363f,1,11,0,0,0,1,1,0,0,0,0.1,0.2,0.0,0,0,0,0
4a5839fa,0,0,0,0,0,0,4,0,0,0,0.0,0.0,0.0,0,0,0,0
4a5e83ad,6,506,5,6,4,0,0,1,9,-8,4.3,14.5,-10.2,0,0,0,0
4ae3f059,0,0,0,0,0,0,4,0,0,0,0.0,0.0,0.0,0,0,0,0
4b00cd47,6,540,6,6,6,0,0,3,10,-7,5.7,13.7,-8.0,0,0,0,0
4b3e1a38,7,473,5,5,5,2,1,13,10,3,11.1,7.7,3.4,0,0,0,0
4b5ed2f7,3,108,1,1,1,2,3,4,2,2,3.3,2.9,0.4,0,0,0,0
4b77bb89,4,155,1,1,0,3,2,4,3,1,4.2,2.1,2.1,0,0,0,0
4bd00a50,3,106,1,1,1,2,3,2,1,1,2.7,0.9,1.8,0,0,0,0
4be0b467,4,151,1,1,0,3,0,3,2,1,2.3,2.0,0.4,0,0,0,0
4c0a6a48,0,0,0,0,0,0,3,0,0,0,0.0,0.0,0.0,0,0,0,0
4c2a5d34,3,173,1,2,0,1,1,2,2,0,2.9,3.1,-0.2,0,0,0,0
4c5b14d2,10,553,6,8,1,2,0,12,10,2,10.9,10.0,0.9,0,0,0,0
4c5b714f,3,180,2,2,1,1,3,3,1,2,3.1,2.3,0.8,0,0,0,0
4c6facae,12,1082,12,12,6,0,0,16,11,5,18.8,15.3,3.5,0,0,0,0
4c78b5ed,8,428,4,6,0,2,0,5,5,0,6.1,5.7,0.4,0,0,0,0
4c82730b,8,701,7,8,7,0,0,7,8,-1,10.3,9.6,0.7,0,0,0,0
4d1666ff,4,390,4,4,4,0,0,4,4,0,5.2,6.1,-0.8,0,0,0,0
4d1c4a5d,0,0,0,0,0,0,4,0,0,0,0.0,0.0,0.0,0,0,0,0
4d982baf,8,328,3,4,0,4,0,6,7,-1,3.9,5.6,-1.6,0,0,0,0
4da9191b,14,996,11,11,8,3,0,13,11,2,13.8,14.5,-0.8,0,0,0,0
4dedd469,7,603,6,7,5,0,0,6,8,-2,8.7,8.4,0.3,0,0,0,0
4e4b59a4,1,15,0,0,0,1,6,0,0,0,0.0,1.2,-1.2,0,0,0,0
4e6dbac4,8,462,5,4,3,4,0,5,6,-1,8.7,6.2,2.5,0,0,0,0
4f0f270a,0,0,0,0,0,0,1,0,0,0,0.0,0.0,0.0,0,0,0,0
4f255115,7,585,6,7,6,0,0,6,6,0,8.2,7.3,0.9,0,0,0,0
4f28a6ff,2,78,0,0,0,2,2,1,1,0,0.9,1.0,-0.1,0,0,0,0
4f338bc1,0,0,0,0,0,0,1,0,0,0,0.0,0.0,0.0,0,0,0,0
4f974391,9,696,7,9,6,0,1,12,5,7,14.5,7.5,6.9,0,0,0,0
4fac8f81,6,540,6,6,6,0,0,6,9,-3,7.5,8.7,-1.2,0,0,0,0
4fdf1fd9,1,34,0,0,0,1,2,0,0,0,0.5,0.2,0.3,0,0,0,0
50310821,0,0,0,0,0,0,5,0,0,0,0.0,0.0,0.0,0,0,0,0
50871bcc,1,68,0,1,0,0,1,2,2,0,3.4,1.7,1.7,0,0,0,0
50c1ff86,5,420,4,5,3,0,2,4,4,0,4.2,6.0,-1.8,0,0,0,0
50ff205b,6,387,4,4,3,2,0,4,8,-4,8.4,6.2,2.3,0,0,0,0
510c6a3f,6,540,6,6,6,0,0,9,8,1,8.7,7.1,1.5,540,6,6,6
51ffa295,8,438,4,5,3,3,0,8,6,2,7.9,6.8,1.1,0,0,0,0
524f20c8,0,0,0,0,0,0,6,0,0,0,0.0,0.0,0.0,0,0,0,0
5294a83f,8,482,5,6,1,2,0,8,5,3,8.5,7.8,0.7,0,0,0,0
52b8ea30,1,20,0,0,0,1,5,0,0,0,0.0,0.4,-0.4,0,0,0,0
52fdf512,6,540,6,6,6,0,0,2,11,-9,4.0,10.9,-6.9,0,0,0,0
53070b63,6,334,3,4,1,2,2,7,3,4,7.2,3.8,3.4,0,0,0,0
53af52f3,6,540,6,6,6,0,0,12,11,1,11.5,7.7,3.8,540,6,6,6
53de807a,2,124,1,2,0,0,6,2,3,-1,1.0,2.5,-1.5,0,0,0,0
53e360bb,4,360,4,4,4,0,2,3,7,-4,2.1,7.5,-5.3,360,4,4,4
53e442e2,1,23,0,0,0,1,4,0,0,0,0.6,0.4,0.2,0,0,0,0
53f1c5de,9,302,3,2,1,7,0,5,7,-2,4.2,6.0,-1.8,0,0,0,0
540c9a17,6,377,4,5,1,1,0,4,5,-1,4.2,7.1,-2.9,0,0,0,0
5458f670,1,4,0,0,0,1,5,0,0,0,0.9,0.4,0.4,0,0,0,0
54b4dc4e,5,419,4,5,3,0,0,11,2,9,10.3,6.8,3.5,0,0,0,0
5521f419,5,442,4,5,3,0,1,6,6,0,5.2,6.1,-0.9,0,0,0,0
555d5edd,5,156,1,1,1,4,1,5,1,4,5.2,1.4,3.8,0,0,0,0
55b93ae0,2,210,2,2,2,0,0,2,2,0,2.4,3.9,-1.5,210,2,2,2
55c95c3e,3,160,1,2,0,1,2,1,0,1,1.3,1.2,0.1,0,0,0,0
56208b05,5,450,5,5,5,0,0,10,13,-3,9.9,9.8,0.1,0,0,0,0
5631b735,5,114,1,0,0,5,3,3,2,1,2.0,1.9,0.0,0,0,0,0
563cbac0,6,540,6,6,6,0,0,7,7,0,10.1,6.7,3.4,0,0,0,0
56413b1f,5,346,3,4,1,1,0,6,3,3,6.5,4.6,1.9,0,0,0,0
56545648,3,86,1,1,0,2,2,3,1,2,1.7,1.1,0.7,0,0,0,0
56901a62,1,90,1,1,1,0,5,3,2,1,1.8,2.7,-0.9,90,1,1,1
56b1933d,2,23,0,0,0,2,4,0,0,0,0.4,0.1,0.3,0,0,0,0
56f6f826,14,1320,14,14,14,0,0,23,15,8,23.9,19.5,4.3,0,0,0,0
56f7a928,5,365,4,4,2,1,0,7,9,-2,8.4,4.0,4.3,0,0,0,0
56f99ec7,1,90,1,1,1,0,5,2,3,-1,0.7,1.2,-0.5,90,1,1,1
5715bb71,6,478,5,6,2,0,0,6,6,0,8.8,5.6,3.2,0,0,0,0
574fff8c,4,270,3,3,2,1,0,1,4,-3,3.6,3.6,0.1,0,0,0,0
5777eca0,6,444,4,5,4,1,0,1,8,-7,2.7,9.7,-7.0,0,0,0,0
577efaec,2,59,0,1,0,1,2,1,1,0,0.7,0.9,-0.2,0,0,0,0
57d88cf9,2,180,2,2,2,0,0,4,6,-2,5.1,3.8,1.4,0,0,0,0
57df7a11,4,142,1,2,0,2,8,2,1,1,4.8,1.7,3.1,0,0,0,0
58027adc,2,112,1,1,1,1,1,0,2,-2,0.7,2.0,-1.3,0,0,0,0
58a9a4d9,4,205,2,1,1,3,0,1,1,0,2.3,3.0,-0.6,0,0,0,0
58ae47b2,4,293,3,3,3,1,1,2,2,0,5.5,2.9,2.6,0,0,0,0
58f077c0,8,720,8,8,8,0,0,11,9,2,11.0,10.9,0.1,720,8,8,8
595e6f3e,7,190,2,2,0,5,1,0,0,0,1.8,3.1,-1.4,0,0,0,0
5976f83e,5,275,3,3,2,2,0,8,4,4,7.0,2.9,4.0,0,0,0,0
59be3a74,0,0,0,0,0,0,2,0,0,0,0.0,0.0,0.0,0,0,0,0
5a04fd92,12,498,5,4,2,8,0,5,2,3,9.8,6.1,3.7,0,0,0,0
5a068ec6,5,311,3,3,2,2,0,9,8,1,5.7,8.8,-3.1,0,0,0,0
5ab0ea87,6,402,4,4,3,2,0,9,6,3,9.5,5.1,4.4,0,0,0,0
5ad50391,6,510,5,6,4,0,0,9,7,2,9.6,6.9,2.7,0,0,0,0
5b3d1a7a,10,657,7,7,3,3,0,14,9,5,13.5,9.9,3.7,0,0,0,0
5b479568,7,311,3,3,0,4,0,3,3,0,2.6,4.3,-1.8,0,0,0,0
5b5c2228,4,256,2,3,2,1,0,3,6,-3,4.3,5.9,-1.6,0,0,0,0
5b9512c5,6,540,6,6,6,0,4,7,7,0,10.9,6.0,4.9,0,0,0,0
5bbd5346,0,0,0,0,0,0,15,0,0,0,0.0,0.0,0.0,0,0,0,0
5c397195,6,450,5,6,1,0,0,6,8,-2,4.9,7.0,-2.1,0,0,0,0
5c6eed81,0,0,0,0,0,0,1,0,0,0,0.0,0.0,0.0,0,0,0,0
5c74c0f5,4,191,2,2,0,2,2,2,4,-2,4.4,2.2,2.2,0,0,0,0
5c7845f6,7,570,6,6,6,1,1,9,7,2,11.0,6.9,4.1,0,0,0,0
5c78cb9e,6,493,5,6,4,0,0,3,8,-5,3.2,9.2,-6.0,0,0,0,0
5c899683,0,0,0,0,0,0,2,0,0,0,0.0,0.0,0.0,0,0,0,0
5ca20b7a,7,493,5,6,3,1,1,11,10,1,7.5,8.5,-0.9,0,0,0,0
5caa62a7,5,255,2,2,2,3,1,2,4,-2,4.3,3.8,0.4,0,0,0,0
5ccc9672,0,0,0,0,0,0,2,0,0,0,0.0,0.0,0.0,0,0,0,0
5cdddffa,4,315,3,4,3,0,0,3,4,-1,8.1,3.9,4.2,0,0,0,0
5ce0b5ba,1,1,0,0,0,1,2,0,0,0,0.0,0.0,0.0,0,0,0,0
5ceba7fc,10,629,7,7,5,3,0,14,8,6,15.8,6.4,9.5,0,0,0,0
5cec2487,4,285,3,3,3,1,1,8,6,2,6.4,5.5,0.9,0,0,0,0
5cfec13d,3,270,3,3,3,0,0,5,8,-3,7.3,6.7,0.7,0,0,0,0
5d2f1989,0,0,0,0,0,0,2,0,0,0,0.0,0.0,0.0,0,0,0,0
5d4f7d61,3,65,0,0,0,3,0,3,1,2,2.1,1.2,0.9,0,0,0,0
5ddb8f9f,2,112,1,1,1,1,10,1,1,0,1.1,2.5,-1.4,0,0,0,0
5dfc6ad5,2,50,0,1,0,1,0,0,2,-2,0.8,1.9,-1.1,0,0,0,0
5e167a35,6,419,4,5,1,1,0,2,8,-6,3.1,7.9,-4.8,0,0,0,0
5e42afa3,6,426,4,5,3,1,0,2,7,-5,3.8,11.2,-7.4,0,0,0,0
5e7fff2d,3,200,2,3,2,0,0,2,3,-1,1.9,5.1,-3.2,0,0,0,0
5e861944,5,189,2,1,0,4,1,10,3,7,5.0,1.9,3.1,0,0,0,0
5e8936be,7,630,7,7,7,0,0,7,8,-1,9.5,9.7,-0.2,630,7,7,7
5ea8ef20,6,492,5,6,3,0,0,6,6,0,11.1,5.1,6.0,0,0,0,0
5eb77bef,4,85,0,0,0,4,2,1,3,-2,2.2,2.1,0.1,0,0,0,0
5ef3d210,1,3,0,0,0,1,3,0,0,0,0.0,0.0,0.0,0,0,0,0
5f09991f,8,698,7,8,5,0,0,8,5,3,7.5,12.2,-4.7,0,0,0,0
5f3d00d1,9,419,4,4,0,5,2,7,4,3,9.6,4.4,5.2,0,0,0,0
5f408f23,0,0,0,0,0,0,1,0,0,0,0.0,0.0,0.0,0,0,0,0
5fcb90ac,4,342,3,4,3,0,0,3,10,-7,4.0,7.8,-3.8,0,0,0,0
6011e63a,1,4,0,0,0,1,0,0,0,0,0.1,0.0,0.0,0,0,0,0
60c07b31,4,204,2,2,1,2,4,3,2,1,3.2,1.5,1.7,0,0,0,0
617f2e27,1,18,0,0,0,1,0,0,0,0,0.7,0.2,0.5,0,0,0,0
62d0dcc5,5,156,1,1,0,4,1,2,1,1,1.7,2.8,-1.1,0,0,0,0
62f94e47,0,0,0,0,0,0,3,0,0,0,0.0,0.0,0.0,0,0,0,0
633acacc,0,0,0,0,0,0,4,0,0,0,0.0,0.0,0.0,0,0,0,0
6385ebfb,0,0,0,0,0,0,12,0,0,0,0.0,0.0,0.0,0,0,0,0
639ea276,0,0,0,0,0,0,1,0,0,0,0.0,0.0,0.0,0,0,0,0
6412cc03,3,146,1,2,1,1,1,2,2,0,2.7,2.7,0.0,0,0,0,0
6421ec64,5,309,3,4,1,1,1,8,3,5,7.5,2.8,4.7,0,0,0,0
642d1963,0,0,0,0,0,0,4,0,0,0,0.0,0.0,0.0,0,0,0,0
6438d426,7,303,3,4,0,3,1,2,3,-1,2.2,4.6,-2.4,0,0,0,0
64748421,1,1,0,0,0,1,1,0,0,0,0.0,0.0,0.0,0,0,0,0
64b08de7,5,178,2,1,1,4,0,4,6,-2,3.0,5.0,-2.0,0,0,0,0
64f69877,8,601,6,7,3,1,0,6,5,1,9.7,7.9,1.9,0,0,0,0
6510079f,4,302,3,4,0,0,0,4,5,-1,4.2,4.8,-0.6,0,0,0,0
65159211,2,109,1,1,0,1,0,0,0,0,1.1,1.3,-0.2,0,0,0,0
6603fed7,12,1117,12,12,10,0,0,18,15,3,17.4,19.3,-1.9,0,0,0,0
6613c819,11,876,9,9,8,2,0,17,6,11,17.9,12.3,5.6,0,0,0,0
6637e6a7,6,275,3,3,2,3,0,2,2,0,4.2,7.0,-2.8,0,0,0,0
66c52a77,5,310,3,4,0,1,1,6,7,-1,7.2,5.8,1.5,0,0,0,0
6800f515,5,361,4,4,3,1,0,9,10,-1,8.4,7.8,0.6,0,0,0,0
683a8f5f,2,122,1,2,0,0,0,1,2,-1,1.9,2.5,-0.6,0,0,0,0
6853490f,2,180,2,2,2,0,0,2,3,-1,2.3,2.1,0.3,0,0,0,0
688fcea2,4,69,0,0,0,4,4,1,0,1,2.0,1.8,0.3,0,0,0,0
691f64f5,5,297,3,4,0,1,2,4,1,3,3.1,4.7,-1.6,0,0,0,0
69225d89,0,0,0,0,0,0,1,0,0,0,0.0,0.0,0.0,0,0,0,0
692cd6de,4,359,4,4,3,0,1,3,7,-4,3.5,8.5,-5.0,0,0,0,0
697dc00a,7,609,6,7,6,0,0,10,9,1,9.8,10.0,-0.1,0,0,0,0
6af56975,1,120,1,1,1,0,0,0,2,-2,1.0,3.0,-2.0,0,0,0,0
6afcaaa3,6,440,4,5,2,1,0,2,7,-5,3.4,8.5,-5.1,0,0,0,0
6b0802ea,5,47,0,0,0,5,1,1,0,1,0.6,0.3,0.3,0,0,0,0
6b21b7b5,2,31,0,0,0,2,0,0,0,0,0.4,0.0,0.4,0,0,0,0
6b47c5db,4,302,3,3,2,1,0,7,6,1,6.1,5.0,1.1,0,0,0,0
6b8887c2,2,37,0,0,0,2,0,1,0,1,0.4,0.1,0.3,0,0,0,0
6b88c810,5,282,3,4,1,1,1,3,7,-4,3.6,6.3,-2.7,0,0,0,0
6b994195,8,630,7,8,6,0,0,11,8,3,9.7,10.0,-0.3,0,0,0,0
6bb2c084,5,357,4,4,1,1,0,7,7,0,9.0,5.4,3.6,0,0,0,0
6be813ab,5,228,2,2,2,3,1,1,3,-2,2.1,7.1,-4.9,0,0,0,0
6c249ea7,8,720,8,8,8,0,0,9,12,-3,8.7,11.5,-2.8,0,0,0,0
6c8ddd52,3,244,2,3,2,0,0,1,2,-1,1.2,5.2,-4.0,0,0,0,0
6cbf8d0d,10,513,5,6,0,4,1,5,4,1,6.0,7.6,-1.6,0,0,0,0
6ce43701,2,67,0,0,0,2,0,2,2,0,1.0,0.3,0.7,0,0,0,0
6ce46a59,0,0,0,0,0,0,6,0,0,0,0.0,0.0,0.0,0,0,0,0
6dab92d4,0,0,0,0,0,0,8,0,0,0,0.0,0.0,0.0,0,0,0,0
6ddcdccc,0,0,0,0,0,0,2,0,0,0,0.0,0.0,0.0,0,0,0,0
6de23ab0,4,228,2,2,2,2,0,7,1,6,6.6,2.6,4.0,0,0,0,0
6e4df551,2,180,2,2,2,0,0,3,2,1,2.7,2.6,0.1,0,0,0,0
6ee683f5,0,0,0,0,0,0,5,0,0,0,0.0,0.0,0.0,0,0,0,0
6eee05f1,4,329,3,3,2,1,1,9,3,6,5.4,2.2,3.2,0,0,0,0
6f21c06f,0,0,0,0,0,0,3,0,0,0,0.0,0.0,0.0,0,0,0,0
6f3cc2fe,4,122,1,1,0,3,0,0,2,-2,1.2,4.2,-2.9,0,0,0,0
6f4e1c93,3,270,3,3,3,0,3,6,7,-1,5.9,6.6,-0.6,270,3,3,3
6f51e382,6,540,6,6,6,0,0,10,8,2,11.8,6.4,5.4,540,6,6,6
6f5f82c0,6,233,2,2,1,4,2,2,1,1,6.4,1.9,4.5,0,0,0,0
6faae64f,0,0,0,0,0,0,2,0,0,0,0.0,0.0,0.0,0,0,0,0
6fd8a334,7,630,7,7,7,0,0,7,8,-1,9.5,9.7,-0.2,0,0,0,0
6ff91a3a,4,179,2,2,1,2,2,2,1,1,3.8,1.1,2.7,0,0,0,0
7004c558,0,0,0,0,0,0,6,0,0,0,0.0,0.0,0.0,0,0,0,0
7120a04d,2,72,0,0,0,2,0,1,1,0,2.1,0.3,1.8,0,0,0,0
712dd708,14,1090,12,12,8,2,1,17,14,3,18.5,16.4,2.1,0,0,0,0
7155e3e1,6,251,2,3,1,3,0,1,3,-2,5.2,1.5,3.7,0,0,0,0
716e7308,1,2,0,0,0,1,2,0,0,0,0.0,0.0,0.0,0,0,0,0
7220ffd7,2,180,2,2,2,0,1,2,0,2,2.1,1.1,1.0,0,0,0,0
72984eee,3,170,1,2,0,1,1,3,4,-1,3.4,3.8,-0.4,0,0,0,0
72a99e38,6,250,2,2,1,4,2,6,3,3,5.4,3.5,1.9,0,0,0,0
72c01cfb,5,360,4,4,3,1,0,5,5,0,7.4,5.0,2.5,0,0,0,0
73000a79,4,185,2,2,1,2,4,5,2,3,4.9,2.3,2.5,0,0,0,0
73b9fa8a,2,99,1,1,0,1,0,2,3,-1,2.3,2.1,0.2,0,0,0,0
73e2f6eb,0,0,0,0,0,0,6,0,0,0,0.0,0.0,0.0,0,0,0,0
73fc8cc3,3,52,0,0,0,3,1,1,0,1,0.4,1.2,-0.8,0,0,0,0
7452ad45,0,0,0,0,0,0,2,0,0,0,0.0,0.0,0.0,0,0,0,0
745ca0a3,4,251,2,4,0,0,0,2,4,-2,5.6,2.8,2.8,0,0,0,0
7483d9f9,6,540,6,6,6,0,0,9,8,1,8.7,7.1,1.5,0,0,0,0
74b2cd7e,0,0,0,0,0,0,4,0,0,0,0.0,0.0,0.0,0,0,0,0
74d4cec6,9,502,5,5,0,4,3,9,7,2,8.8,9.2,-0.4,0,0,0,0
74f2e748,7,546,6,6,4,1,0,15,8,7,11.6,9.5,2.1,0,0,0,0
751a0fb5,5,426,4,5,3,0,0,6,6,0,7.9,5.2,2.7,0,0,0,0
755cfd28,0,0,0,0,0,0,1,0,0,0,0.0,0.0,0.0,0,0,0,0
75645f0e,10,557,6,6,3,4,0,11,11,0,12.1,8.6,3.5,0,0,0,0
75a72a99,1,58,0,1,0,0,2,3,2,1,2.9,0.7,2.2,0,0,0,0
76c98b58,2,210,2,2,2,0,0,2,2,0,2.4,3.9,-1.5,0,0,0,0
76ff8d0d,6,436,4,5,2,1,0,2,8,-6,7.0,6.2,0.8,0,0,0,0
770d7eb8,7,523,5,6,3,1,1,6,10,-4,6.6,8.7,-2.0,0,0,0,0
778ef829,3,240,2,3,1,0,0,2,4,-2,3.7,4.1,-0.4,0,0,0,0
77ae29ac,0,0,0,0,0,0,1,0,0,0,0.0,0.0,0.0,0,0,0,0
77bf714c,3,109,1,1,0,2,0,0,2,-2,1.2,3.3,-2.1,0,0,0,0
780e3631,4,173,1,3,0,1,2,3,2,1,2.8,2.0,0.8,0,0,0,0
78666ade,0,0,0,0,0,0,2,0,0,0,0.0,0.0,0.0,0,0,0,0
78e68b4d,10,682,7,7,5,3,2,10,8,2,9.9,10.3,-0.4,0,0,0,0
79083382,6,457,5,5,5,1,2,13,6,7,11.8,7.3,4.5,0,0,0,0
794364d7,8,712,7,8,5,0,0,8,5,3,7.8,13.4,-5.7,0,0,0,0
79c84d1c,9,590,6,6,4,3,0,13,5,8,12.7,9.0,3.7,0,0,0,0
7a20d90a,0,0,0,0,0,0,2,0,0,0,0.0,0.0,0.0,0,0,0,0
7a2cf111,4,213,2,3,1,1,0,5,2,3,4.9,1.8,3.1,0,0,0,0
7a4cea18,5,91,1,0,0,5,2,2,3,-1,1.2,1.3,-0.1,0,0,0,0
7b456af7,8,720,8,8,8,0,0,9,12,-3,8.7,11.5,-2.8,720,8,8,8
7b4c1f6e,3,149,1,2,1,1,1,3,3,0,2.8,3.1,-0.4,0,0,0,0
7b5f516f,0,0,0,0,0,0,6,0,0,0,0.0,0.0,0.0,0,0,0,0
7b9ecf02,6,511,5,6,4,0,0,3,10,-7,5.4,13.2,-7.8,0,0,0,0
7bb0fe4a,2,23,0,0,0,2,0,1,0,1,0.5,0.2,0.3,0,0,0,0
7bcc0708,4,44,0,0,0,4,4,0,0,0,0.6,1.5,-0.9,0,0,0,0
7be09c86,8,475,5,5,0,3,0,4,10,-6,5.199999999999999,11.2,-6.0,0,0,0,0
7be10897,0,0,0,0,0,0,2,0,0,0,0.0,0.0,0.0,0,0,0,0
7bf8ad6c,4,248,2,3,1,1,0,2,4,-2,1.4,4.4,-3.0,0,0,0,0
7c104bb7,4,151,1,1,0,3,1,3,2,1,3.9,2.0,1.9,0,0,0,0
7c2965bb,5,118,1,1,0,4,2,1,2,-1,1.7,1.1,0.6,0,0,0,0
7c3ed041,2,96,1,1,1,1,4,1,0,1,2.4,0.6,1.8,0,0,0,0
7c56da38,6,523,5,6,3,0,0,9,7,2,9.5,7.1,2.4,0,0,0,0
7c7fdb0f,3,168,1,0,0,3,3,0,3,-3,2.5,3.3,-0.8,0,0,0,0
7c962fda,0,0,0,0,0,0,1,0,0,0,0.0,0.0,0.0,0,0,0,0
7cb9de24,5,331,3,4,3,1,1,2,6,-4,2.3,6.5,-4.2,0,0,0,0
7cd78926,4,346,3,4,3,0,0,3,6,-3,2.6,7.0,-4.5,0,0,0,0
7d06360d,6,383,4,4,2,2,0,1,10,-9,1.9,7.4,-5.5,0,0,0,0
7d08063d,5,198,2,2,0,3,3,5,3,2,3.8,2.0,1.8,0,0,0,0
7d2d3329,1,26,0,0,0,1,5,1,1,0,0.2,0.7,-0.5,0,0,0,0
7da0ba70,0,0,0,0,0,0,5,0,0,0,0.0,0.0,0.0,0,0,0,0
7e219e84,0,0,0,0,0,0,5,0,0,0,0.0,0.0,0.0,0,0,0,0
7e56d3db,7,456,5,6,2,1,1,6,7,-1,6.8,7.3,-0.5,0,0,0,0
7ee64741,6,435,4,5,3,1,0,4,8,-4,4.9,10.2,-5.3,0,0,0,0
7ef181cf,2,65,0,1,0,1,0,1,1,0,0.5,0.4,0.1,0,0,0,0
7f40333d,6,540,6,6,6,0,0,6,10,-4,6.5,10.5,-4.0,540,6,6,6
7fa4e703,1,45,0,0,0,1,0,2,2,0,0.8,0.3,0.5,0,0,0,0
7fe90ccd,4,331,3,4,1,0,2,4,5,-1,5.2,5.7,-0.6,0,0,0,0
802a1d7d,0,0,0,0,0,0,1,0,0,0,0.0,0.0,0.0,0,0,0,0
80490d7f,5,405,4,4,4,1,1,3,8,-5,6.1,6.8,-0.7,0,0,0,0
80556f08,7,390,4,5,2,2,1,7,2,5,9.9,3.5,6.4,0,0,0,0
807cb743,2,39,0,0,0,2,4,0,1,-1,0.0,0.9,-0.9,0,0,0,0
8104e41e,3,196,2,2,2,1,0,2,1,1,2.4,1.8,0.6,0,0,0,0
81442ecb,3,270,3,3,3,0,0,4,2,2,4.2,3.7,0.5,0,0,0,0
816bdfdd,6,290,3,3,1,3,0,2,6,-4,2.6,6.6,-4.0,0,0,0,0
817ee048,0,0,0,0,0,0,2,0,0,0,0.0,0.0,0.0,0,0,0,0
819aa8e7,4,197,2,3,0,1,0,2,2,0,2.6,2.4,0.2,0,0,0,0
81a4c239,2,33,0,0,0,2,4,0,0,0,0.4,0.1,0.3,0,0,0,0
81d3318f,4,207,2,3,0,1,1,1,3,-2,2.5,6.3,-3.8,0,0,0,0
822d51d7,5,329,3,4,1,1,1,4,3,1,4.1,3.7,0.4,0,0,0,0
82518f62,5,234,2,2,2,3,1,8,3,5,4.6,1.7,2.9,0,0,0,0
82671804,4,268,3,3,2,1,0,3,6,-3,7.1,4.2,2.9,0,0,0,0
826e8b63,5,365,4,4,4,1,0,7,6,1,5.3,4.7,0.6,0,0,0,0
82927de4,12,760,8,8,3,4,0,12,7,5,13.2,11.5,1.7,0,0,0,0
82a39b66,4,221,2,2,0,2,0,2,3,-1,2.9,5.3,-2.4,0,0,0,0
82b1198a,1,90,1,1,1,0,7,2,2,0,2.1,0.7,1.4,90,1,1,1
82c615f8,0,0,0,0,0,0,9,0,0,0,0.0,0.0,0.0,0,0,0,0
82e9b1bb,3,136,1,1,1,2,2,0,1,-1,1.1,1.2,-0.1,0,0,0,0
8321285a,2,77,0,1,0,1,4,0,3,-3,1.4,2.3,-1.0,0,0,0,0
833a8fbc,3,137,1,1,1,2,1,1,2,-1,2.9,4.0,-1.1,0,0,0,0
834d0be5,6,354,3,5,0,1,1,5,5,0,6.2,6.3,-0.2,0,0,0,0
83e4643e,5,211,2,2,0,3,0,1,1,0,3.1,2.2,1.0,0,0,0,0
84399660,7,326,3,3,1,4,3,10,11,-1,7.4,7.7,-0.3,0,0,0,0
848c17ed,0,0,0,0,0,0,1,0,0,0,0.0,0.0,0.0,0,0,0,0
8494acc4,2,28,0,0,0,2,4,2,0,2,1.9,0.3,1.7,0,0,0,0
849c826a,8,392,4,4,2,4,2,7,1,6,9.3,4.1,5.2,0,0,0,0
84f55b4a,0,0,0,0,0,0,2,0,0,0,0.0,0.0,0.0,0,0,0,0
853b7c48,0,0,0,0,0,0,3,0,0,0,0.0,0.0,0.0,0,0,0,0
85613cf0,5,350,3,4,2,1,0,5,6,-1,7.7,4.6,3.1,0,0,0,0
85937928,5,409,4,5,2,0,0,2,8,-6,4.7,10.1,-5.4,0,0,0,0
85bed4ee,3,122,1,1,0,2,2,2,4,-2,1.6,2.7,-1.1,0,0,0,0
85c76f0a,0,0,0,0,0,0,1,0,0,0,0.0,0.0,0.0,0,0,0,0
864163f3,2,143,1,2,0,0,0,3,6,-3,4.7,3.7,1.1,0,0,0,0
864c362f,0,0,0,0,0,0,7,0,0,0,0.0,0.0,0.0,0,0,0,0
8690eef7,0,0,0,0,0,0,1,0,0,0,0.0,0.0,0.0,0,0,0,0
8696bc90,3,159,1,2,0,1,1,4,2,2,2.9,3.2,-0.3,0,0,0,0
86b575a7,4,219,2,3,0,1,0,4,4,0,2.9,2.6,0.3,0,0,0,0
86bf27f0,1,4,0,0,0,1,1,0,0,0,0.0,0.0,0.0,0,0,0,0
86dd16a8,4,358,4,4,3,0,0,1,6,-5,4.0,9.0,-4.9,0,0,0,0
871961e8,5,329,3,4,2,1,1,2,6,-4,2.3,6.1,-3.8,0,0,0,0
87d8b5a3,4,178,2,2,0,2,0,1,4,-3,2.1,3.1,-1.0,0,0,0,0
87f12e30,2,100,1,1,0,1,4,0,1,-1,0.0,0.0,0.0,0,0,0,0
88015937,2,32,0,0,0,2,1,0,0,0,1.1,0.7,0.5,0,0,0,0
88062e83,4,267,3,3,1,1,2,2,5,-3,4.6,4.9,-0.3,0,0,0,0
8827bf46,4,280,3,3,2,1,2,4,4,0,7.5,3.0,4.5,0,0,0,0
88ced02c,5,450,5,5,5,0,0,10,13,-3,9.9,9.8,0.1,0,0,0,0
89ac64a6,1,54,0,1,0,0,0,1,4,-3,1.1,1.9,-0.9,0,0,0,0
89b2c8a9,6,236,2,2,1,4,1,5,2,3,6.5,3.3,3.2,0,0,0,0
89f951b5,3,215,2,3,1,0,0,3,3,0,3.3,3.3,0.1,0,0,0,0
8a3aabc1,4,276,3,4,1,0,2,1,6,-5,2.7,5.7,-3.0,0,0,0,0
8a53d24b,5,172,1,2,1,3,1,2,2,0,3.6,2.5,1.0,0,0,0,0
8a56c04c,6,409,4,4,3,2,0,4,9,-5,4.5,8.8,-4.2,0,0,0,0
8a6ab963,1,90,1,1,1,0,5,0,1,-1,1.2,0.6,0.6,90,1,1,1
8b0b02c9,2,74,0,1,0,1,0,3,0,3,2.3,1.1,1.2,0,0,0,0
8b150514,1,45,0,0,0,1,3,0,0,0,0.0,0.6,-0.6,0,0,0,0
8b47ce35,6,518,5,6,5,0,0,4,10,-6,8.2,8.7,-0.6,0,0,0,0
8b529245,6,282,3,3,0,3,0,5,3,2,5.5,2.9,2.6,0,0,0,0
8b788c01,3,177,2,2,0,1,0,3,2,1,2.5,3.1,-0.6,0,0,0,0
8b8e759d,3,136,1,2,0,1,1,2,3,-1,2.0,3.5,-1.6,0,0,0,0
8b929ec2,4,270,3,3,2,1,3,4,4,0,4.3,4.9,-0.6,0,0,0,0
8babb812,6,383,4,4,2,2,0,4,5,-1,4.0,6.6,-2.5,0,0,0,0
8bc373ea,7,585,6,7,6,0,0,8,8,0,7.2,10.1,-2.9,0,0,0,0
8c3c640c,6,532,5,6,3,0,0,9,10,-1,8.0,9.1,-1.1,0,0,0,0
8c725b43,7,660,7,7,7,0,2,11,10,1,11.4,10.4,1.0,0,0,0,0
8c90fd7a,5,321,3,3,1,2,0,8,10,-2,6.7,6.7,0.1,0,0,0,0
8ca9415f,0,0,0,0,0,0,2,0,0,0,0.0,0.0,0.0,0,0,0,0
8cd49575,1,9,0,0,0,1,5,0,0,0,0.4,0.2,0.2,0,0,0,0
8d3d3b0a,3,58,0,0,0,3,0,1,2,-1,1.8,1.1,0.7,0,0,0,0
8d46713e,2,154,1,2,1,0,0,2,3,-1,2.0,1.6,0.3,0,0,0,0
8d7fe72a,6,222,2,2,1,4,2,3,3,0,3.1,2.9,0.2,0,0,0,0
8dcf77c0,6,416,4,6,1,0,1,5,3,2,5.0,7.3,-2.3,0,0,0,0
8df5b30f,5,103,1,1,0,4,0,0,1,-1,1.8,2.2,-0.4,0,0,0,0
8e34b9f5,2,180,2,2,2,0,1,2,2,0,3.0,2.0,0.9,0,0,0,0
8e48dc61,3,222,2,2,1,1,4,4,3,1,2.8,1.9,0.8,0,0,0,0
8e50599a,0,0,0,0,0,0,7,0,0,0,0.0,0.0,0.0,0,0,0,0
8e7f49d3,2,180,2,2,2,0,0,2,3,-1,2.3,2.1,0.3,0,0,0,0
8e92be30,6,407,4,5,0,1,0,7,7,0,6.8,6.7,0.1,0,0,0,0
8f1d4155,0,0,0,0,0,0,6,0,0,0,0.0,0.0,0.0,0,0,0,0
8f696594,3,81,0,1,0,2,0,2,0,2,2.0,0.1,1.9,0,0,0,0
8f8c94dc,0,0,0,0,0,0,1,0,0,0,0.0,0.0,0.0,0,0,0,0
8fafc04d,0,0,0,0,0,0,2,0,0,0,0.0,0.0,0.0,0,0,0,0
8fb94908,2,198,2,2,0,0,0,2,2,0,2.4,3.8,-1.4,0,0,0,0
8ff2354e,4,130,1,1,1,3,1,2,0,2,3.1,1.0,2.1,0,0,0,0
8ff4872e,5,380,4,4,4,1,0,2,6,-4,2.9,7.4,-4.6,0,0,0,0
9052e98c,0,0,0,0,0,0,8,0,0,0,0.0,0.0,0.0,0,0,0,0
90d7dda6,7,545,6,6,5,1,0,6,7,-1,9.0,7.7,1.3,0,0,0,0
919dd4b1,5,74,0,0,0,5,3,1,1,0,2.5,1.4,1.2,0,0,0,0
921f6058,4,292,3,3,3,1,0,2,3,-1,4.5,6.5,-2.0,0,0,0,0
922da988,2,17,0,0,0,2,1,0,0,0,0.4,0.0,0.4,0,0,0,0
92432bc6,2,31,0,0,0,2,0,1,1,0,1.1,1.1,0.1,0,0,0,0
9250bb0a,0,0,0,0,0,0,3,0,0,0,0.0,0.0,0.0,0,0,0,0
925dd6eb,0,0,0,0,0,0,2,0,0,0,0.0,0.0,0.0,0,0,0,0
928a4a61,4,110,1,1,0,3,0,1,2,-1,1.8,1.6,0.2,0,0,0,0
93088fbb,1,10,0,0,0,1,3,0,0,0,0.2,0.5,-0.3,0,0,0,0
9319781b,8,684,7,6,6,2,3,12,5,7,12.8,10.6,2.1,0,0,0,0
9321b8ed,0,0,0,0,0,0,6,0,0,0,0.0,0.0,0.0,0,0,0,0
9328b835,1,90,1,1,1,0,9,2,0,2,1.9,0.4,1.5,90,1,1,1
934e1968,5,157,1,1,0,4,1,3,1,2,4.7,1.4,3.3,0,0,0,0
939bc634,3,270,3,3,3,0,2,4,2,2,5.7,2.6,3.2,270,3,3,3
93e368f9,1,90,1,1,1,0,4,0,1,-1,0.3,2.3,-1.9,0,0,0,0
93fcad19,0,0,0,0,0,0,6,0,0,0,0.0,0.0,0.0,0,0,0,0
93fffbcf,4,360,4,4,4,0,0,5,5,0,6.2,6.8,-0.6,360,4,4,4
9413b19f,7,630,7,7,7,0,0,16,13,3,15.0,11.5,3.5,630,7,7,7
942b4f90,7,362,4,4,1,3,1,6,4,2,7.9,5.2,2.7,0,0,0,0
9430626a,0,0,0,0,0,0,1,0,0,0,0.0,0.0,0.0,0,0,0,0
94f8d10c,3,270,3,3,3,0,3,4,6,-2,6.0,4.6,1.3,0,0,0,0
951f1739,10,495,5,6,0,4,2,8,6,2,8.5,8.8,-0.3,0,0,0,0
95d9f4dd,0,0,0,0,0,0,7,0,0,0,0.0,0.0,0.0,0,0,0,0
95efdac2,1,27,0,0,0,1,2,0,0,0,0.5,0.1,0.4,0,0,0,0
95f7099e,2,13,0,0,0,2,2,1,0,1,0.1,0.0,0.1,0,0,0,0
9614b550,6,453,5,5,5,1,0,7,7,0,8.9,6.3,2.6,0,0,0,0
962e54cb,6,165,1,1,0,5,5,6,2,4,4.7,3.5,1.2,0,0,0,0
9719d14f,2,99,1,1,1,1,4,0,1,-1,0.4,2.3,-1.9,0,0,0,0
972aeb2a,6,540,6,6,6,0,0,6,7,-1,12.2,5.5,6.7,0,0,0,0
972d595a,3,270,3,3,3,0,3,4,2,2,3.2,6.3,-3.1,270,3,3,3
976e1238,1,20,0,0,0,1,5,0,0,0,0.0,0.4,-0.4,0,0,0,0
97e2aa67,11,669,7,8,1,3,0,14,8,6,12.6,9.8,2.9,0,0,0,0
97e996a7,5,450,5,5,5,0,1,6,9,-3,6.6,8.4,-1.8,0,0,0,0
98529579,0,0,0,0,0,0,1,0,0,0,0.0,0.0,0.0,0,0,0,0
98ca4feb,5,193,2,2,0,3,1,1,3,-2,2.4,4.5,-2.1,0,0,0,0
98d2c2c4,6,442,4,5,3,1,0,8,5,3,6.4,6.1,0.3,0,0,0,0
99047b00,3,270,3,3,3,0,3,3,5,-2,4.4,4.2,0.2,270,3,3,3
993a4aa1,0,0,0,0,0,0,1,0,0,0,0.0,0.0,0.0,0,0,0,0
99a8ddc9,5,353,3,4,2,1,0,4,7,-3,3.7,8.0,-4.3,0,0,0,0
99db1335,0,0,0,0,0,0,3,0,0,0,0.0,0.0,0.0,0,0,0,0
9a28eba4,6,353,3,5,0,1,0,8,5,3,7.7,4.7,3.0,0,0,0,0
9a2e0ccc,4,103,1,0,0,4,2,3,2,1,3.5,2.9,0.7,0,0,0,0
9a64e67e,7,571,6,7,5,0,1,10,9,1,11.0,8.6,2.4,0,0,0,0
9ab16552,7,495,5,5,4,2,6,9,6,3,7.9,6.5,1.4,0,0,0,0
9ade9ce1,6,273,3,3,0,3,0,0,10,-10,1.3,5.6,-4.3,0,0,0,0
9b6f7fd5,9,571,6,5,4,4,0,12,4,8,14.3,5.3,9.1,0,0,0,0
9bd73cce,4,71,0,0,0,4,0,2,5,-3,2.0,2.8,-0.8,0,0,0,0
9c74fa25,5,417,4,5,3,0,0,2,9,-7,4.4,9.7,-5.3,0,0,0,0
9ca07baf,1,34,0,0,0,1,4,0,0,0,0.5,0.2,0.3,0,0,0,0
9ceb7642,4,66,0,0,0,4,3,2,1,1,1.3,1.5,-0.3,0,0,0,0
9d115f7a,2,122,1,2,0,0,0,1,4,-3,2.2,1.7,0.5,0,0,0,0
9d689a5b,7,466,5,5,0,2,0,6,8,-2,6.0,8.4,-2.4,0,0,0,0
9d804092,2,45,0,0,0,2,0,0,0,0,0.7,0.4,0.3,0,0,0,0
9d8cf204,4,265,2,3,0,1,4,2,1,1,2.4,5.2,-2.8,0,0,0,0
9dc96f10,0,0,0,0,0,0,9,0,0,0,0.0,0.0,0.0,0,0,0,0
9e1035f8,6,475,5,6,3,0,0,8,7,1,9.2,6.2,3.0,0,0,0,0
9e48cdf4,0,0,0,0,0,0,2,0,0,0,0.0,0.0,0.0,0,0,0,0
9efa1d25,5,419,4,5,3,0,0,9,8,1,7.7,6.1,1.7,0,0,0,0
9f115e20,1,2,0,0,0,1,1,0,0,0,0.0,0.0,0.0,0,0,0,0
9f1893b9,8,537,6,7,3,1,0,7,5,2,9.1,8.0,1.1,0,0,0,0
9f6325f9,5,174,1,1,1,4,3,3,0,3,4.4,2.4,1.9,0,0,0,0
9fd158d6,1,70,0,0,0,1,0,0,2,-2,0.4,2.5,-2.1,0,0,0,0
9fec8860,2,124,1,1,1,1,2,0,2,-2,1.1,2.5,-1.4,0,0,0,0
a0198fcb,0,0,0,0,0,0,6,0,0,0,0.0,0.0,0.0,0,0,0,0
a0415710,3,119,1,1,0,2,5,1,0,1,2.0,1.3,0.8,0,0,0,0
a074eda6,0,0,0,0,0,0,3,0,0,0,0.0,0.0,0.0,0,0,0,0
a08b974a,3,263,2,3,2,0,0,4,2,2,4.2,3.6,0.5,0,0,0,0
a0d55a09,2,30,0,0,0,2,6,1,0,1,1.1,0.5,0.6,0,0,0,0
a111cf41,6,540,6,6,6,0,0,10,6,4,8.9,7.4,1.4,540,6,6,6
a11c995d,3,82,0,1,0,2,5,0,0,0,0.2,0.5,-0.3,0,0,0,0
a167537f,2,113,1,2,0,0,0,2,4,-2,4.2,3.5,0.6,0,0,0,0
a1c5b23e,3,175,1,2,0,1,3,2,1,1,2.5,1.7,0.8,0,0,0,0
a26fb8aa,6,440,4,4,4,2,0,9,5,4,7.4,7.0,0.4,0,0,0,0
a2950e2d,5,300,3,4,2,1,1,2,8,-6,2.4,8.4,-6.1,0,0,0,0
a29e5244,3,176,2,2,1,1,3,2,2,0,3.4,2.8,0.6,0,0,0,0
a2a85828,1,57,0,1,0,0,11,1,1,0,0.3,1.2,-0.9,0,0,0,0
a2abe631,6,540,6,6,6,0,2,7,3,4,7.1,9.4,-2.3,540,6,6,6
a2cc634d,0,0,0,0,0,0,2,0,0,0,0.0,0.0,0.0,0,0,0,0
a36524bf,14,1177,13,12,12,2,1,20,13,7,21.3,19.6,1.7,0,0,0,0
a3b0ed18,4,360,4,4,4,0,0,2,5,-3,4.4,9.0,-4.6,360,4,4,4
a3eabee0,5,430,4,5,4,0,0,4,10,-6,4.5,12.0,-7.5,0,0,0,0
a4a76b3d,0,0,0,0,0,0,2,0,0,0,0.0,0.0,0.0,0,0,0,0
a4effc55,1,90,1,1,1,0,0,2,4,-2,1.5,2.1,-0.6,0,0,0,0
a5296e55,7,511,5,7,2,0,0,8,11,-3,10.5,9.1,1.4,0,0,0,0
a5549ec1,6,540,6,6,6,0,0,6,7,-1,12.2,5.5,6.7,0,0,0,0
a55d8df5,8,612,6,7,2,1,2,7,10,-3,9.1,9.3,-0.2,0,0,0,0
a5db0bec,9,563,6,6,3,3,1,12,6,6,14.7,5.5,9.2,0,0,0,0
a5f5d094,3,181,2,2,2,1,3,1,2,-1,3.0,1.9,1.1,0,0,0,0
a65ce836,1,90,1,1,1,0,0,2,2,0,3.6,1.7,1.9,0,0,0,0
a671316d,2,124,1,2,0,0,4,1,1,0,2.7,1.9,0.7,0,0,0,0
a69e4806,6,353,3,5,1,1,0,7,8,-1,10.8,5.3,5.5,0,0,0,0
a6de370d,8,494,5,5,2,3,0,10,10,0,9.8,10.6,-0.7,0,0,0,0
a712ca2b,7,542,6,6,6,1,4,14,2,12,13.4,6.1,7.3,0,0,0,0
a7220785,2,119,1,2,0,0,4,3,4,-1,2.5,3.6,-1.1,0,0,0,0
a72c139d,3,250,2,3,2,0,0,1,3,-2,1.1,4.1,-3.0,0,0,0,0
a73c8f95,6,407,4,5,4,1,0,7,5,2,6.3,6.4,-0.1,0,0,0,0
a802405e,2,135,1,1,1,1,0,0,0,0,1.5,1.3,0.2,0,0,0,0
a8090a41,0,0,0,0,0,0,5,0,0,0,0.0,0.0,0.0,0,0,0,0
a81dba8c,6,303,3,3,1,3,0,1,4,-3,5.4,3.7,1.7,0,0,0,0
a8567629,4,285,3,3,3,1,1,7,4,3,5.9,4.7,1.1,0,0,0,0
a85c890e,0,0,0,0,0,0,2,0,0,0,0.0,0.0,0.0,0,0,0,0
a8b8af8d,3,268,3,3,2,0,3,8,7,1,4.4,5.9,-1.4,0,0,0,0
a8ee54ad,12,938,10,10,6,2,0,15,11,4,16.7,15.3,1.4,0,0,0,0
a8fbae1d,11,864,9,9,8,2,0,15,15,0,13.8,16.7,-2.9,0,0,0,0
a9142dc3,2,71,0,1,0,1,0,0,0,0,1.1,0.7,0.4,0,0,0,0
a952a529,1,14,0,0,0,1,4,0,0,0,0.1,0.0,0.1,0,0,0,0
a968014d,0,0,0,0,0,0,1,0,0,0,0.0,0.0,0.0,0,0,0,0
a99138af,7,484,5,6,3,1,1,4,6,-2,6.4,7.3,-0.9,0,0,0,0
a9a3b55d,4,360,4,4,4,0,2,4,7,-3,4.8,5.5,-0.6,360,4,4,4
a9aa0d1d,3,59,0,0,0,3,0,0,1,-1,0.9,2.0,-1.1,0,0,0,0
a9dc785c,0,0,0,0,0,0,6,0,0,0,0.0,0.0,0.0,0,0,0,0
aa34ed38,6,459,5,5,4,1,0,12,14,-2,11.0,10.4,0.5,0,0,0,0
aa681ea5,4,116,1,1,1,3,2,1,2,-1,0.7,2.2,-1.5,0,0,0,0
aa8e289e,6,443,4,6,1,0,5,8,2,6,9.2,4.6,4.7,0,0,0,0
aaf1bf05,4,99,1,1,0,3,2,1,1,0,1.6,0.9,0.8,0,0,0,0
ab2a6ae8,5,264,2,3,0,2,0,5,5,0,2.9,6.5,-3.6,0,0,0,0
ab4cf67e,0,0,0,0,0,0,2,0,0,0,0.0,0.0,0.0,0,0,0,0
abb3bb95,4,53,0,0,0,4,1,2,1,1,1.8,0.9,0.9,0,0,0,0
ac05f970,9,762,8,9,4,0,0,10,6,4,13.8,11.7,2.1,0,0,0,0
ac295d9e,0,0,0,0,0,0,4,0,0,0,0.0,0.0,0.0,0,0,0,0
ac4003af,0,0,0,0,0,0,6,0,0,0,0.0,0.0,0.0,0,0,0,0
ac73ec79,2,6,0,0,0,2,4,0,0,0,0.9,0.4,0.4,0,0,0,0
acf5410c,1,19,0,0,0,1,3,0,1,-1,0.1,0.7,-0.6,0,0,0,0
ad3389d5,7,630,7,7,7,0,0,16,8,8,13.8,10.4,3.3,630,7,7,7
ad81ba78,1,12,0,0,0,1,1,0,0,0,0.1,0.4,-0.3,0,0,0,0
ad82197c,6,411,4,5,3,1,2,3,5,-2,4.1,5.6,-1.5,0,0,0,0
adfbe1f5,4,261,2,3,0,1,1,3,6,-3,2.7,4.8,-2.1,0,0,0,0
adfc9123,5,327,3,4,2,1,0,7,4,3,8.1,3.3,4.8,0,0,0,0
ae0a7ddf,6,476,5,5,5,1,0,7,3,4,6.8,8.3,-1.5,0,0,0,0
ae44e8e2,6,449,5,6,1,0,0,6,6,0,7.3,6.1,1.2,0,0,0,0
ae59b359,6,414,4,5,2,1,0,10,7,3,8.8,6.0,2.9,0,0,0,0
aeed5c06,8,623,6,7,5,1,0,15,9,6,12.5,10.5,2.1,0,0,0,0
af3ddb2e,5,216,2,2,0,3,3,3,1,2,2.7,3.1,-0.5,0,0,0,0
af50141d,8,662,7,8,4,0,0,8,8,0,9.6,9.0,0.6,0,0,0,0
afb0c500,7,630,7,7,7,0,0,7,6,1,9.3,7.3,2.0,630,7,7,7
b088363d,1,90,1,1,1,0,0,1,1,0,0.2,2.4,-2.2,0,0,0,0
b088d5d3,5,362,4,4,3,1,1,2,6,-4,2.6,7.1,-4.5,0,0,0,0
b0b902c8,1,45,0,1,0,0,1,2,3,-1,0.8,0.8,0.0,0,0,0,0
b105919e,2,109,1,1,0,1,0,1,2,-1,0.9,3.6,-2.7,0,0,0,0
b1313ec4,12,439,4,4,1,8,2,7,8,-1,8.2,8.7,-0.5,0,0,0,0
b182a240,6,458,5,5,3,1,0,8,6,2,8.3,9.2,-0.9,0,0,0,0
b19db005,6,251,2,1,1,5,0,4,4,0,6.5,2.4,4.1,0,0,0,0
b1cd37e6,12,1140,12,12,12,0,0,19,12,7,20.5,17.9,2.6,0,0,0,0
b2404807,0,0,0,0,0,0,3,0,0,0,0.0,0.0,0.0,0,0,0,0
b2a81fc6,3,90,1,0,0,3,3,1,1,0,2.2,1.4,0.9,0,0,0,0
b2c66859,0,0,0,0,0,0,1,0,0,0,0.0,0.0,0.0,0,0,0,0
b34c63a5,4,286,3,3,2,1,2,8,2,6,5.2,2.8,2.4,0,0,0,0
b391383a,1,90,1,1,1,0,1,0,1,-1,0.7,1.1,-0.4,0,0,0,0
b3aed40d,1,90,1,1,1,0,3,1,1,0,2.1,1.0,1.1,0,0,0,0
b3b7f5a6,5,339,3,4,3,1,7,7,5,2,5.1,4.5,0.6,0,0,0,0
b3dc6eca,2,180,2,2,2,0,7,4,7,-3,3.3,5.3,-2.0,0,0,0,0
b4705807,2,180,2,2,2,0,0,1,3,-2,2.4,2.9,-0.5,0,0,0,0
b483167a,4,190,2,2,0,2,1,1,5,-4,1.7,5.7,-4.0,0,0,0,0
b4a014b1,2,135,1,2,1,0,0,3,1,2,2.1,1.7,0.4,0,0,0,0
b5920350,5,359,4,5,2,0,1,3,9,-6,4.7,7.8,-3.1,0,0,0,0
b5f66351,6,524,5,6,5,0,0,7,7,0,9.8,6.2,3.5,0,0,0,0
b625b241,0,0,0,0,0,0,5,0,0,0,0.0,0.0,0.0,0,0,0,0
b648463f,3,157,1,2,1,1,3,0,2,-2,1.3,4.2,-2.9,0,0,0,0
b65d6e74,0,0,0,0,0,0,3,0,0,0,0.0,0.0,0.0,0,0,0,0
b682dcf6,8,654,7,8,7,0,0,8,12,-4,7.5,11.3,-3.8,0,0,0,0
b69dfb42,6,540,6,6,6,0,0,3,10,-7,5.7,13.7,-8.0,540,6,6,6
b6b6bfc4,0,0,0,0,0,0,6,0,0,0,0.0,0.0,0.0,0,0,0,0
b742cc0d,4,390,4,4,4,0,5,6,6,0,6.6,6.0,0.6,0,0,0,0
b77706dd,2,8,0,0,0,2,2,0,0,0,0.0,0.5,-0.5,0,0,0,0
b79d8e93,2,180,2,2,2,0,4,1,2,-1,1.1,3.3,-2.2,0,0,0,0
b825a650,5,432,4,5,2,0,0,8,7,1,9.3,7.0,2.3,0,0,0,0
b827d5b3,3,40,0,0,0,3,2,1,1,0,0.5,0.8,-0.4,0,0,0,0
b90c4a43,0,0,0,0,0,0,6,0,0,0,0.0,0.0,0.0,0,0,0,0
b9139383,4,360,4,4,4,0,2,3,10,-7,3.2,10.4,-7.2,360,4,4,4
b9392438,4,182,2,2,0,2,1,1,3,-2,1.9,4.1,-2.2,0,0,0,0
b96b595c,6,540,6,6,6,0,1,7,3,4,11.3,6.0,5.3,0,0,0,0
b997c3de,4,304,3,3,3,1,0,4,4,0,5.6,5.9,-0.4,0,0,0,0
ba3d3bea,8,292,3,2,0,6,0,5,2,3,8.0,3.9,4.0,0,0,0,0
bab440b1,4,83,0,0,0,4,4,0,0,0,0.2,1.4,-1.2,0,0,0,0
bac5c89c,0,0,0,0,0,0,2,0,0,0,0.0,0.0,0.0,0,0,0,0
bafcf742,5,389,4,4,4,1,0,3,5,-2,3.5,7.5,-4.0,0,0,0,0
bb2265fb,0,0,0,0,0,0,2,0,0,0,0.0,0.0,0.0,0,0,0,0
bb31def4,0,0,0,0,0,0,4,0,0,0,0.0,0.0,0.0,0,0,0,0
bb41ad6d,0,0,0,0,0,0,4,0,0,0,0.0,0.0,0.0,0,0,0,0
bbd74918,6,482,5,6,4,0,0,4,11,-7,6.1,12.3,-6.3,0,0,0,0
bbd86530,2,34,0,0,0,2,5,0,0,0,0.4,0.6,-0.2,0,0,0,0
bbf5c11b,3,111,1,1,0,2,1,0,2,-2,1.0,2.0,-1.1,0,0,0,0
bcb2ccd8,6,540,6,6,6,0,0,10,7,3,11.5,7.5,3.9,540,6,6,6
bccc1bb4,4,302,3,4,1,0,0,4,5,-1,5.3,5.0,0.3,0,0,0,0
bced0375,4,342,3,4,2,0,0,6,3,3,5.8,3.7,2.1,0,0,0,0
bd142efb,8,675,7,7,7,1,0,16,9,7,14.4,10.9,3.5,0,0,0,0
bd20f4eb,1,85,0,1,0,0,1,0,0,0,0.7,0.8,-0.1,0,0,0,0
bd3fb505,5,157,1,1,0,4,1,0,4,-4,0.5,5.0,-4.5,0,0,0,0
bd69355b,4,281,3,3,2,1,2,3,3,0,2.5,4.6,-2.0,0,0,0,0
bdf45350,0,0,0,0,0,0,6,0,0,0,0.0,0.0,0.0,0,0,0,0
be6a794c,11,394,4,3,1,8,2,1,5,-4,4.5,5.7,-1.2,0,0,0,0
be765073,14,1320,14,14,14,0,1,22,15,7,23.9,20.4,3.5,0,0,0,0
be84c466,5,356,4,5,0,0,0,2,6,-4,2.9,4.6,-1.6,0,0,0,0
be855308,2,180,2,2,2,0,4,0,1,-1,1.6,2.6,-1.0,180,2,2,2
bec8a4ba,2,177,2,2,1,0,0,2,3,-1,2.3,2.1,0.3,0,0,0,0
bece776f,7,591,6,7,2,0,0,9,9,0,9.8,11.1,-1.3,0,0,0,0
bee0bab1,5,226,2,2,0,3,0,2,2,0,3.9,3.3,0.7,0,0,0,0
bf12926c,4,181,2,1,0,3,4,2,3,-1,4.5,1.6,2.9,0,0,0,0
bf34eebd,3,124,1,2,0,1,0,2,4,-2,1.9,2.1,-0.2,0,0,0,0
bf80db4d,6,540,6,6,6,0,0,5,12,-7,5.3,11.1,-5.8,0,0,0,0
bf82b02a,0,0,0,0,0,0,6,0,0,0,0.0,0.0,0.0,0,0,0,0
bf8eed47,0,0,0,0,0,0,4,0,0,0,0.0,0.0,0.0,0,0,0,0
bfdf171d,0,0,0,0,0,0,1,0,0,0,0.0,0.0,0.0,0,0,0,0
c01f247a,2,145,1,2,1,0,1,0,2,-2,1.1,4.8,-3.8,0,0,0,0
c067631c,5,219,2,2,2,3,5,3,1,2,2.7,4.6,-1.9,0,0,0,0
c06d1086,5,372,4,4,2,1,1,3,8,-5,4.9,6.7,-1.7,0,0,0,0
c08fc464,5,416,4,5,2,0,0,3,8,-5,3.6,11.1,-7.5,0,0,0,0
c0a38fb2,0,0,0,0,0,0,1,0,0,0,0.0,0.0,0.0,0,0,0,0
c0c7ff58,5,377,4,4,3,1,1,9,10,-1,7.7,7.6,0.1,0,0,0,0
c1b7847c,6,468,5,6,3,0,0,7,5,2,8.6,5.4,3.2,0,0,0,0
c1febb46,3,136,1,1,1,2,0,3,4,-1,1.2,3.1,-1.9,0,0,0,0
c25f14a7,0,0,0,0,0,0,1,0,0,0,0.0,0.0,0.0,0,0,0,0
c283ddef,7,284,3,3,1,4,6,4,3,1,2.4,5.6,-3.2,0,0,0,0
c2a3e9b0,0,0,0,0,0,0,4,0,0,0,0.0,0.0,0.0,0,0,0,0
c2e41cfb,0,0,0,0,0,0,3,0,0,0,0.0,0.0,0.0,0,0,0,0
c4173f1a,0,0,0,0,0,0,7,0,0,0,0.0,0.0,0.0,0,0,0,0
c459a650,3,183,2,2,0,1,1,5,1,4,2.6,0.7,1.9,0,0,0,0
c4987edc,6,532,5,6,5,0,5,12,9,3,10.8,7.5,3.3,0,0,0,0
c4f5eb61,0,0,0,0,0,0,1,0,0,0,0.0,0.0,0.0,0,0,0,0
c50e5bba,2,180,2,2,2,0,0,2,3,-1,2.3,2.1,0.3,0,0,0,0
c56dc39e,4,279,3,4,3,0,0,8,3,5,4.6,1.3,3.3,0,0,0,0
c5adc293,1,17,0,0,0,1,1,1,0,1,0.2,0.0,0.1,0,0,0,0
c5fdf2bf,0,0,0,0,0,0,3,0,0,0,0.0,0.0,0.0,0,0,0,0
c603091a,1,13,0,0,0,1,1,0,0,0,0.3,0.5,-0.2,0,0,0,0
c63f6e46,8,405,4,4,0,4,0,4,6,-2,4.9,6.2,-1.3,0,0,0,0
c68da769,13,1084,12,13,2,0,0,17,9,8,18.5,14.6,3.9,0,0,0,0
c6e5d20f,8,702,7,8,6,0,1,15,9,6,17.8,8.1,9.6,0,0,0,0
c707411f,5,354,3,4,3,1,2,3,8,-5,4.2,5.9,-1.8000000000000005,0,0,0,0
c7842dab,4,259,2,3,2,1,2,2,3,-1,3.9,3.4,0.6,0,0,0,0
c7e955d0,0,0,0,0,0,0,3,0,0,0,0.0,0.0,0.0,0,0,0,0
c8160af7,1,20,0,0,0,1,1,2,1,1,1.3,1.1,0.2,0,0,0,0
c8a953f6,1,14,0,0,0,1,0,0,1,-1,0.0,0.4,-0.4,0,0,0,0
c8c60119,8,597,6,5,3,3,5,12,4,8,12.0,9.4,2.6,0,0,0,0
c8e65157,4,205,2,3,2,1,0,3,2,1,1.9,2.7,-0.8,0,0,0,0
c904f3d5,1,45,0,0,0,1,3,0,1,-1,1.1,0.5,0.6,0,0,0,0
c906ce0f,4,315,3,4,3,0,0,5,4,1,5.1,6.3,-1.2,0,0,0,0
c924b17d,5,450,5,5,5,0,0,2,9,-7,3.2,8.7,-5.4,450,5,5,5
c9280e51,2,52,0,0,0,2,1,0,0,0,0.1,0.7,-0.6,0,0,0,0
c92c24f0,4,351,3,4,3,0,1,6,3,3,4.3,7.4,-3.0,0,0,0,0
c92e1a31,4,273,3,3,2,1,0,7,6,1,5.8,3.8,1.9,0,0,0,0
c997b942,0,0,0,0,0,0,6,0,0,0,0.0,0.0,0.0,0,0,0,0
ca2adf05,0,0,0,0,0,0,1,0,0,0,0.0,0.0,0.0,0,0,0,0
ca45605e,6,415,4,5,1,1,0,10,7,3,8.4,5.6,2.8,0,0,0,0
ca6edaa0,0,0,0,0,0,0,5,0,0,0,0.0,0.0,0.0,0,0,0,0
ca8033cb,6,468,5,5,5,1,0,9,7,2,9.9,6.6,3.3,0,0,0,0
caaf2ed1,5,413,4,5,2,0,1,4,5,-1,3.9,6.8,-2.9,0,0,0,0
cabb3a1d,4,345,3,4,2,0,0,4,7,-3,4.6,6.8,-2.2,0,0,0,0
caeeffe7,0,0,0,0,0,0,5,0,0,0,0.0,0.0,0.0,0,0,0,0
cb4f24c6,5,450,5,5,5,0,1,10,13,-3,9.9,9.8,0.1,450,5,5,5
cbbfa2e7,6,421,4,4,3,2,0,1,7,-6,4.6,12.9,-8.3,0,0,0,0
cc1c5035,2,180,2,2,2,0,0,1,2,-1,0.9,4.0,-3.2,180,2,2,2
cc309aaa,0,0,0,0,0,0,5,0,0,0,0.0,0.0,0.0,0,0,0,0
cc588cbe,3,171,1,2,1,1,6,4,2,2,2.3,1.9,0.4,0,0,0,0
cc6de655,0,0,0,0,0,0,1,0,0,0,0.0,0.0,0.0,0,0,0,0
cc77354e,5,347,3,4,3,1,1,4,7,-3,8.1,4.8,3.3,0,0,0,0
cc8312b4,0,0,0,0,0,0,5,0,0,0,0.0,0.0,0.0,0,0,0,0
ccbbe661,2,134,1,2,1,0,0,0,2,-2,2.4,2.2,0.3,0,0,0,0
ccbf1b54,2,29,0,0,0,2,3,0,0,0,0.9,0.5,0.4,0,0,0,0
cd0a4650,0,0,0,0,0,0,3,0,0,0,0.0,0.0,0.0,0,0,0,0
cd59b9df,2,180,2,2,2,0,0,4,6,-2,5.1,3.8,1.4,180,2,2,2
cd6a1a59,11,971,10,11,7,0,0,15,10,5,16.4,14.1,2.3,0,0,0,0
cda0b317,0,0,0,0,0,0,4,0,0,0,0.0,0.0,0.0,0,0,0,0
cdafb19d,7,493,5,6,2,1,0,6,3,3,5.7,9.5,-3.8,0,0,0,0
ce17b5eb,13,1230,13,13,13,0,0,21,13,8,21.4,19.3,2.1,1230,13,13,13
ce4246f5,6,570,6,6,6,0,4,6,5,1,9.7,8.5,1.2,0,0,0,0
ce9fd396,0,0,0,0,0,0,1,0,0,0,0.0,0.0,0.0,0,0,0,0
cf007308,8,615,6,7,4,1,0,14,13,1,12.3,10.1,2.3,0,0,0,0
cf15bbb1,7,489,5,5,2,2,6,4,5,-1,7.2,6.5,0.7,0,0,0,0
cf1ef7ec,3,136,1,2,1,1,5,1,2,-1,2.4,4.1,-1.7,0,0,0,0
cf623c78,2,99,1,1,1,1,2,1,1,0,1.0,2.4,-1.4,0,0,0,0
cf793743,0,0,0,0,0,0,1,0,0,0,0.0,0.0,0.0,0,0,0,0
cf8ef0a1,6,351,3,5,2,1,2,2,4,-2,4.6,5.0,-0.3,0,0,0,0
d01bbb6f,4,244,2,3,0,1,1,4,2,2,4.7,3.0,1.8,0,0,0,0
d080ed5e,6,514,5,6,4,0,0,8,8,0,9.8,7.1,2.7,0,0,0,0
d0a01d27,0,0,0,0,0,0,6,0,0,0,0.0,0.0,0.0,0,0,0,0
d0d98611,1,90,1,1,1,0,5,0,2,-2,0.8,2.3,-1.5,90,1,1,1
d189e48f,6,154,1,0,0,6,0,6,4,2,3.9,2.6,1.2,0,0,0,0
d1943c8b,5,450,5,5,5,0,0,4,10,-6,4.5,12.4,-7.9,0,0,0,0
d1a08b5a,1,90,1,1,1,0,7,1,0,1,1.6,0.5,1.1,90,1,1,1
d1bf91e0,2,44,0,1,0,1,2,1,1,0,0.4,0.3,0.1,0,0,0,0
d1eda5f0,2,53,0,0,0,2,6,0,0,0,0.1,0.5,-0.4,0,0,0,0
d2416c2e,5,118,1,1,0,4,0,4,3,1,3.8,2.9,0.9,0,0,0,0
d2795011,4,66,0,0,0,4,4,1,1,0,0.3,1.0,-0.6,0,0,0,0
d2800f47,3,202,2,3,0,0,0,4,1,3,1.9,2.3,-0.4,0,0,0,0
d2a83712,6,91,1,0,0,6,0,2,1,1,2.3,1.8,0.5,0,0,0,0
d2d74d9c,4,147,1,2,0,2,1,0,1,-1,1.3,2.7,-1.4,0,0,0,0
d2ddff2d,0,0,0,0,0,0,1,0,0,0,0.0,0.0,0.0,0,0,0,0
d32daf5d,3,60,0,0,0,3,3,0,1,-1,0.5,1.6,-1.2,0,0,0,0
d3ce0e89,0,0,0,0,0,0,5,0,0,0,0.0,0.0,0.0,0,0,0,0
d3de9af0,2,119,1,1,1,1,0,0,2,-2,2.2,3.5,-1.3,0,0,0,0
d3e0c826,0,0,0,0,0,0,2,0,0,0,0.0,0.0,0.0,0,0,0,0
d4133fa1,7,555,6,7,3,0,0,5,11,-6,6.1,8.9,-2.8,0,0,0,0
d4535821,6,442,4,4,4,2,1,5,6,-1,6.5,7.1,-0.5,0,0,0,0
d4aa40b8,8,426,4,4,0,4,0,5,2,3,6.5,5.8,0.7,0,0,0,0
d4e93bab,1,90,1,1,1,0,0,2,3,-1,1.2,1.3,0.0,0,0,0,0
d504b3e1,1,2,0,0,0,1,3,0,0,0,0.1,0.0,0.1,0,0,0,0
d5127c3f,6,441,4,6,1,0,0,5,7,-2,7.5,6.4,1.1,0,0,0,0
d5161564,0,0,0,0,0,0,2,0,0,0,0.0,0.0,0.0,0,0,0,0
d51d1d9d,10,326,3,0,0,10,2,7,6,1,5.4,7.2,-1.7,0,0,0,0
d56b9520,7,446,5,5,3,2,2,10,7,3,9.1,4.8,4.4,0,0,0,0
d571df78,4,145,1,2,0,2,2,2,2,0,1.6,1.2,0.5,0,0,0,0
d5dd5f1f,6,419,4,5,1,1,0,8,6,2,9.3,5.3,4.0,0,0,0,0
d6a889ea,4,186,2,1,0,3,1,3,5,-2,4.0,4.3,-0.4,0,0,0,0
d6f6ce93,2,180,2,2,2,0,7,1,4,-3,2.8,1.7,1.1,180,2,2,2
d7c09951,5,450,5,5,5,0,0,2,8,-6,4.8,12.5,-7.7,0,0,0,0
d7f99582,5,254,2,3,0,2,1,2,4,-2,2.5,2.4,0.1,0,0,0,0
d810c13b,6,540,6,6,6,0,0,4,9,-5,4.7,12.1,-7.4,0,0,0,0
d84b7d06,0,0,0,0,0,0,2,0,0,0,0.0,0.0,0.0,0,0,0,0
d85c238b,5,420,4,5,2,0,0,3,3,0,6.8,4.0,2.8,0,0,0,0
d87e2cae,8,385,4,4,0,4,2,6,6,0,5.3,7.6,-2.3,0,0,0,0
d8feae4a,5,18,0,0,0,5,1,1,1,0,0.5,0.4,0.0,0,0,0,0
d949310a,0,0,0,0,0,0,2,0,0,0,0.0,0.0,0.0,0,0,0,0
d9764034,6,416,4,4,4,2,0,6,2,4,6.8,4.0,2.7,0,0,0,0
d97cccc9,9,670,7,9,1,0,1,15,7,8,12.2,11.5,0.8,0,0,0,0
d9915a0b,0,0,0,0,0,0,2,0,0,0,0.0,0.0,0.0,0,0,0,0
d9ba39fc,2,68,0,1,0,1,2,1,1,0,0.5,0.5,-0.1,0,0,0,0
da7f2781,6,495,5,6,5,0,0,3,9,-6,5.4,12.6,-7.2,0,0,0,0
da887ea1,0,0,0,0,0,0,1,0,0,0,0.0,0.0,0.0,0,0,0,0
da974c7b,7,630,7,7,7,0,0,15,13,2,15.5,10.2,5.3,0,0,0,0
dae8623e,6,384,4,4,3,2,0,5,6,-1,5.1,7.5,-2.4,0,0,0,0
db3cb6ee,1,11,0,0,0,1,4,0,0,0,0.0,0.1,-0.1,0,0,0,0
db4ed67b,2,180,2,2,2,0,0,4,6,-2,5.1,3.8,1.4,0,0,0,0
db90b737,6,518,5,6,5,0,0,10,8,2,8.8,11.6,-2.9,0,0,0,0
dbd3a428,6,441,4,6,2,0,0,4,10,-6,5.8,8.4,-2.6,0,0,0,0
dc234f98,6,506,5,6,5,0,0,6,10,-4,6.0,10.3,-4.3,0,0,0,0
dc29b608,0,0,0,0,0,0,6,0,0,0,0.0,0.0,0.0,0,0,0,0
dc38e3bc,3,4,0,0,0,3,2,0,2,-2,0.0,1.1,-1.1,0,0,0,0
dc3fa3b5,5,287,3,4,1,1,1,8,6,2,6.9,4.3,2.6,0,0,0,0
dccd127f,5,91,1,0,0,5,4,0,3,-3,1.7,2.0,-0.3,0,0,0,0
dcfb17f4,8,496,5,6,2,2,0,9,8,1,8.5,8.1,0.4,0,0,0,0
dd95be96,0,0,0,0,0,0,2,0,0,0,0.0,0.0,0.0,0,0,0,0
dda3969e,5,193,2,2,0,3,1,5,2,3,3.6,3.5,0.1,0,0,0,0
ddc5a43e,1,19,0,0,0,1,5,0,0,0,0.1,0.3,-0.2,0,0,0,0
de8f6250,1,7,0,0,0,1,4,0,1,-1,0.0,0.4,-0.4,0,0,0,0
dee3d535,0,0,0,0,0,0,6,0,0,0,0.0,0.0,0.0,0,0,0,0
dee86451,8,404,4,4,1,4,0,5,9,-4,7.1,7.3,-0.2,0,0,0,0
dfb50e5c,2,50,0,0,0,2,0,0,0,0,0.8,0.4,0.3,0,0,0,0
e0b113a7,5,327,3,3,3,2,1,8,5,3,7.3,5.3,2.0,0,0,0,0
e0bc6fdc,7,585,6,6,6,1,3,11,6,5,14.9,5.9,9.0,0,0,0,0
e0f613ad,5,332,3,4,2,1,1,4,4,0,4.8,4.8,0.0,0,0,0,0
e0f8151c,6,540,6,6,6,0,0,7,8,-1,10.6,7.7,2.9,0,0,0,0
e12b0b5b,10,397,4,4,1,6,1,10,2,8,6.8,6.2,0.6,0,0,0,0
e162b013,1,45,0,1,0,0,0,2,1,1,2.8,1.3,1.5,0,0,0,0
e19e0ca1,0,0,0,0,0,0,1,0,0,0,0.0,0.0,0.0,0,0,0,0
e1a265a9,0,0,0,0,0,0,3,0,0,0,0.0,0.0,0.0,0,0,0,0
e1cbb531,2,103,1,1,0,1,1,4,2,2,4.4,1.9,2.5,0,0,0,0
e1e75690,1,1,0,0,0,1,1,0,0,0,0.0,0.0,0.0,0,0,0,0
e23f56c1,2,74,0,1,0,1,5,1,0,1,1.0,1.2,-0.2,0,0,0,0
e2716bd0,4,224,2,3,1,1,1,3,4,-1,6.7,4.3,2.5,0,0,0,0
e28245d9,5,408,4,5,2,0,0,3,7,-4,5.6,6.9,-1.4,0,0,0,0
e34e086c,1,7,0,0,0,1,1,0,0,0,0.0,0.1,0.0,0,0,0,0
e358587b,0,0,0,0,0,0,8,0,0,0,0.0,0.0,0.0,0,0,0,0
e373f1ec,5,244,2,3,1,2,1,1,4,-3,1.6,5.2,-3.6,0,0,0,0
e3cceee6,6,518,5,6,4,0,0,10,5,5,8.5,6.7,1.9,0,0,0,0
e426b012,1,120,1,1,1,0,0,0,2,-2,1.0,3.0,-2.0,0,0,0,0
e45ee4bc,5,295,3,3,2,2,1,4,7,-3,3.6,7.2,-3.5,0,0,0,0
e495b4d5,0,0,0,0,0,0,1,0,0,0,0.0,0.0,0.0,0,0,0,0
e4ba67f2,1,1,0,0,0,1,2,0,0,0,0.0,0.0,0.0,0,0,0,0
e4eea72d,3,22,0,0,0,3,2,0,0,0,0.7,0.1,0.6,0,0,0,0
e53b5534,8,720,8,8,8,0,0,8,5,3,8.0,13.5,-5.5,0,0,0,0
e5711bd9,5,307,3,4,0,1,1,2,8,-6,2.9,7.2,-4.3,0,0,0,0
e58b914e,0,0,0,0,0,0,1,0,0,0,0.0,0.0,0.0,0,0,0,0
e599253a,4,209,2,3,1,1,2,4,2,2,3.2,1.9,1.3,0,0,0,0
e717705a,3,122,1,1,1,2,8,0,2,-2,1.5,1.5,0.0,0,0,0,0
e726e11e,6,523,5,6,4,0,0,10,8,2,9.0,12.1,-3.1,0,0,0,0
e73659d3,2,92,1,1,0,1,0,2,2,0,1.0,1.3,-0.3,0,0,0,0
e7403902,0,0,0,0,0,0,3,0,0,0,0.0,0.0,0.0,0,0,0,0
e75dc411,3,172,1,2,0,1,0,1,2,-1,0.9,3.4,-2.5,0,0,0,0
e76cb9cc,4,360,4,4,4,0,0,5,5,0,6.2,6.8,-0.6,0,0,0,0
e7986081,6,483,5,6,3,0,0,6,7,-1,9.2,5.6,3.6,0,0,0,0
e7d59f4f,3,170,1,2,0,1,3,1,0,1,3.7,0.6,3.1,0,0,0,0
e7e0736b,1,10,0,0,0,1,0,0,1,-1,0.0,1.3,-1.3,0,0,0,0
e7ef333b,6,540,6,6,6,0,0,10,9,1,9.2,12.9,-3.7,0,0,0,0
e7fcf289,6,433,4,5,0,1,0,14,7,7,9.3,7.4,1.9,0,0,0,0
e82adcab,7,376,4,5,2,2,0,8,6,2,7.2,5.4,1.8,0,0,0,0
e872ca65,5,228,2,2,0,3,0,2,5,-3,3.4,5.6,-2.2,0,0,0,0
e8796ba6,6,417,4,5,2,1,0,2,8,-6,4.7,11.3,-6.5,0,0,0,0
e8dcb664,3,51,0,0,0,3,3,0,2,-2,0.1,1.7,-1.6,0,0,0,0
e8ef59da,6,188,2,1,0,5,0,3,2,1,2.3,2.3,0.0,0,0,0,0
e908bd1a,0,0,0,0,0,0,4,0,0,0,0.0,0.0,0.0,0,0,0,0
e90dc1d5,8,490,5,7,0,1,0,5,6,-1,4.8,6.1,-1.3,0,0,0,0
e92cd3f7,7,245,2,2,1,5,0,5,4,1,6.2,4.2,2.0,0,0,0,0
e9b0ccaf,9,348,3,4,0,5,6,5,4,1,5.9,4.2,1.7,0,0,0,0
ea0893d6,5,324,3,4,0,1,0,1,7,-6,2.5,7.9,-5.4,0,0,0,0
ea76b7e8,1,90,1,1,1,0,0,0,1,-1,0.7,1.1,-0.4,0,0,0,0
ea770abf,6,458,5,5,5,1,2,5,5,0,8.7,6.6,2.1,0,0,0,0
ea83bfa6,7,589,6,6,6,1,3,9,11,-2,9.9,9.8,0.1,589,7,6,6
ead61f73,7,398,4,6,1,1,1,8,5,3,8.3,6.4,1.9,0,0,0,0
eadc8e4f,5,282,3,3,2,2,1,2,5,-3,4.4,3.8,0.6,0,0,0,0
eae85c6c,0,0,0,0,0,0,1,0,0,0,0.0,0.0,0.0,0,0,0,0
eaeefc50,4,74,0,0,0,4,4,2,0,2,2.5,0.8,1.7,0,0,0,0
eb2fe5b6,5,293,3,4,0,1,0,4,5,-1,5.3,4.6,0.8,0,0,0,0
eb6e14be,6,370,4,4,3,2,0,6,4,2,7.1,4.9,2.2,0,0,0,0
eb907bfc,4,215,2,2,2,2,1,2,2,0,3.4,4.0,-0.6,0,0,0,0
eba42d2b,5,161,1,1,1,4,1,3,1,2,3.5,2.0,1.5,0,0,0,0
ec5ebe9c,0,0,0,0,0,0,1,0,0,0,0.0,0.0,0.0,0,0,0,0
ec75ee25,0,0,0,0,0,0,1,0,0,0,0.0,0.0,0.0,0,0,0,0
ecc10d95,6,282,3,3,0,3,0,2,3,-1,3.5,7.1,-3.6,0,0,0,0
ed1cc44a,7,611,6,7,6,0,2,7,6,1,7.8,8.9,-1.1,0,0,0,0
ed45c4a5,4,343,3,4,2,0,1,4,3,1,7.5,2.6,4.8,0,0,0,0
ed87a229,4,323,3,4,2,0,0,1,5,-4,4.2,8.8,-4.6,0,0,0,0
ed90babd,6,132,1,1,0,5,0,7,3,4,3.5,3.2,0.4,0,0,0,0
ee38d9c5,5,278,3,3,2,2,0,9,8,1,7.1,5.0,2.0,0,0,0,0
ee45fd85,2,173,1,2,1,0,0,0,3,-3,2.8,2.4,0.3,0,0,0,0
ee926a02,5,388,4,5,2,0,0,5,6,-1,5.3,6.2,-0.9,0,0,0,0
ee950928,8,668,7,8,4,0,0,11,9,2,9.8,9.5,0.2,0,0,0,0
eed332df,6,353,3,3,2,3,0,5,2,3,6.9,4.3,2.6,0,0,0,0
ef322658,5,361,4,4,2,1,3,10,5,5,6.2,5.6,0.7,0,0,0,0
ef3909cd,11,1050,11,11,11,0,0,17,12,5,17.6,16.6,1.0,1050,11,11,11
ef619b0b,3,88,1,1,0,2,4,2,0,2,4.3,0.3,4.0,0,0,0,0
ef88f778,9,678,7,8,4,1,0,14,8,6,11.5,12.7,-1.3,0,0,0,0
ef8cafeb,1,1,0,0,0,1,4,0,0,0,0.0,0.0,0.0,0,0,0,0
efc33b33,1,90,1,1,1,0,5,0,1,-1,0.9,1.3,-0.5,0,0,0,0
f00de885,8,720,8,8,8,0,1,18,6,12,17.6,7.5,10.2,720,8,8,8
f014e1bd,6,540,6,6,6,0,0,6,10,-4,6.5,10.5,-4.0,0,0,0,0
f04a3092,1,7,0,0,0,1,4,0,0,0,0.3,0.2,0.1,0,0,0,0
f090a37a,1,9,0,0,0,1,5,0,1,-1,0.0,0.1,-0.1,0,0,0,0
f0e3b343,4,202,2,2,2,2,2,0,5,-5,1.5,6.7,-5.2,0,0,0,0
f0fe87dc,0,0,0,0,0,0,3,0,0,0,0.0,0.0,0.0,0,0,0,0
f11b1937,1,14,0,0,0,1,0,0,0,0,0.2,1.1,-0.9,0,0,0,0
f17ba2da,1,64,0,1,0,0,5,1,0,1,0.5,1.3,-0.8,0,0,0,0
f1ee6997,0,0,0,0,0,0,1,0,0,0,0.0,0.0,0.0,0,0,0,0
f201798c,4,176,2,2,0,2,2,2,2,0,3.9,1.7,2.2,0,0,0,0
f26dee6b,0,0,0,0,0,0,7,0,0,0,0.0,0.0,0.0,0,0,0,0
f28474a4,4,315,3,4,3,0,6,8,4,4,5.6,3.3,2.3,0,0,0,0
f28659fb,8,624,6,7,2,1,0,7,4,3,6.8,12.1,-5.3,0,0,0,0
f2d063ec,4,360,4,4,4,0,2,3,7,-4,5.8,5.9,-0.1,0,0,0,0
f2de3a43,4,206,2,2,1,2,2,2,1,1,1.6,2.9,-1.3,0,0,0,0
f36d5624,2,13,0,0,0,2,4,0,1,-1,0.6,0.1,0.6,0,0,0,0
f3945e07,4,215,2,3,0,1,0,4,3,1,4.2,2.6,1.6,0,0,0,0
f3a97d02,14,1320,14,14,14,0,1,22,15,7,23.9,20.4,3.5,1320,14,14,14
f3fa599d,6,513,5,6,3,0,0,6,6,0,8.8,6.3,2.5,0,0,0,0
f4d60499,6,522,5,6,5,0,0,2,11,-9,4.0,10.3,-6.3,0,0,0,0
f4d8ce5a,5,216,2,2,0,3,0,1,4,-3,1.1,5.1,-4.0,0,0,0,0
f533776b,5,287,3,3,1,2,0,9,5,4,5.9,6.0,-0.1,0,0,0,0
f5839f9e,0,0,0,0,0,0,1,0,0,0,0.0,0.0,0.0,0,0,0,0
f5e7fdf9,7,685,7,7,6,0,5,9,6,3,8.7,12.0,-3.3,0,0,0,0
f6798fc3,4,390,4,4,4,0,0,4,4,0,5.2,6.1,-0.8,390,4,4,4
f719fae8,4,144,1,1,1,3,2,1,2,-1,1.3,4.3,-2.9,0,0,0,0
f7223718,4,360,4,4,4,0,4,8,4,4,9.6,5.0,4.6,0,0,0,0
f74cb2bc,0,0,0,0,0,0,1,0,0,0,0.0,0.0,0.0,0,0,0,0
f7a3ec21,1,1,0,0,0,1,0,0,0,0,0.8,0.1,0.7,0,0,0,0
f7dc2ae5,6,540,6,6,6,0,2,10,10,0,8.4,9.1,-0.7,0,0,0,0
f804cfd9,4,40,0,0,0,4,2,0,0,0,1.5,0.5,1.0,0,0,0,0
f80d03ca,3,48,0,0,0,3,3,1,2,-1,1.8,1.5,0.3,0,0,0,0
f81ef10d,8,513,5,6,3,2,0,10,3,7,11.4,5.1,6.3,0,0,0,0
f820504e,5,450,5,5,5,0,0,2,7,-5,4.2,11.4,-7.2,0,0,0,0
f874dd44,4,275,3,3,3,1,4,2,4,-2,3.9,4.4,-0.5,0,0,0,0
f8817892,4,360,4,4,4,0,0,2,4,-2,4.5,7.4,-2.8,0,0,0,0
f8fcd2a5,4,306,3,4,2,0,0,8,6,2,7.5,4.2,3.2,0,0,0,0
f91fa277,0,0,0,0,0,0,5,0,0,0,0.0,0.0,0.0,0,0,0,0
f9acca3a,0,0,0,0,0,0,1,0,0,0,0.0,0.0,0.0,0,0,0,0
f9dfb7ae,3,233,2,3,1,0,0,2,2,0,2.2,3.2,-1.0,0,0,0,0
f9e0c603,6,540,6,6,6,0,0,4,10,-6,8.5,8.7,-0.3,540,6,6,6
f9edc384,2,210,2,2,2,0,0,2,2,0,2.4,3.9,-1.5,0,0,0,0
fa1ba1ee,0,0,0,0,0,0,5,0,0,0,0.0,0.0,0.0,0,0,0,0
fa274d97,2,126,1,1,1,1,0,3,2,1,4.1,1.8,2.2,0,0,0,0
fa661778,1,45,0,0,0,1,0,0,1,-1,0.8,0.4,0.4,0,0,0,0
fa753b79,0,0,0,0,0,0,3,0,0,0,0.0,0.0,0.0,0,0,0,0
faf55ce4,3,99,1,1,1,2,0,0,3,-3,0.5,3.0,-2.4,0,0,0,0
fb22f7a0,2,17,0,0,0,2,1,0,0,0,0.5,0.5,0.0,0,0,0,0
fb46125f,2,209,2,2,1,0,0,2,2,0,2.4,3.9,-1.5,0,0,0,0
fb485406,3,240,2,3,1,0,0,3,6,-3,6.2,4.1,2.1,0,0,0,0
fb5022e4,1,13,0,0,0,1,0,0,1,-1,0.1,0.8,-0.7,0,0,0,0
fb938d24,3,251,2,3,0,0,0,1,2,-1,3.0,3.5,-0.4,0,0,0,0
fbbb9269,3,300,3,3,3,0,1,5,5,0,4.4,5.3,-0.9,0,0,0,0
fc027d02,3,261,2,3,2,0,3,7,4,3,6.9,3.0,3.9,0,0,0,0
fc4e7637,4,336,3,4,2,0,0,5,4,1,5.9,5.2,0.7,0,0,0,0
fc9b373e,2,151,1,2,0,0,0,1,5,-4,1.1,3.4,-2.3,0,0,0,0
fcb27134,3,270,3,3,3,0,2,7,3,4,6.7,3.4,3.4,0,0,0,0
fd4d5f81,5,345,3,4,0,1,0,7,6,1,6.8,6.6,0.2,0,0,0,0
fd771f95,0,0,0,0,0,0,6,0,0,0,0.0,0.0,0.0,0,0,0,0
fd834d1d,1,90,1,1,1,0,10,5,4,1,1.0,2.8,-1.7,90,1,1,1
fd9c4805,6,489,5,6,1,0,0,6,6,0,8.6,5.1,3.4,0,0,0,0
fdae8b47,4,299,3,3,3,1,2,2,7,-5,1.9,5.6,-3.8,0,0,0,0
fdd85f94,1,21,0,0,0,1,2,0,0,0,0.2,0.3,0.0,0,0,0,0
fdf3cb77,4,356,4,4,3,0,4,7,3,4,8.5,4.7,3.8,0,0,0,0
fdf4b948,3,106,1,1,0,2,5,0,1,-1,1.0,1.7,-0.8,0,0,0,0
fe012aca,6,226,2,1,0,5,0,5,1,4,3.9,3.5,0.4,0,0,0,0
fe61ef7d,0,0,0,0,0,0,2,0,0,0,0.0,0.0,0.0,0,0,0,0
fe641c1a,3,194,2,1,1,2,0,0,3,-3,2.1,3.4,-1.3,0,0,0,0
fec80c5a,0,0,0,0,0,0,6,0,0,0,0.0,0.0,0.0,0,0,0,0
fef07ab7,0,0,0,0,0,0,3,0,0,0,0.0,0.0,0.0,0,0,0,0
ff0ab48c,5,298,3,3,1,2,3,5,2,3,8.3,2.7,5.7,0,0,0,0
ff527768,9,359,4,4,2,5,3,3,2,1,7.7,4.7,3.0,0,0,0,0
ff711ca2,0,0,0,0,0,0,2,0,0,0,0.0,0.0,0.0,0,0,0,0
ff800ed8,6,354,3,4,2,2,0,4,7,-3,7.5,4.6,2.8,0,0,0,0
ffd432df,0,0,0,0,0,0,1,0,0,0,0.0,0.0,0.0,0,0,0,0
ffec9769,4,263,2,3,2,1,0,7,1,6,4.4,2.8,1.5,0,0,0,0
