,id,MP,Min,90s,Starts,Compl,Subs,unSub,PPM,onG,onGA,+/-,onxG,onxGA,xG+/-,MinGK,MPGK,StartsGK,90sGK
0,00f0482f,2,11,0,0,0,2,3,3,0,0,0,0.0,0.1,-0.1,270,3,3,3
1,01226327,29,2598,28,29,28,0,0,1,36,51,-15,30.9,39.0,-8.1,16,1,0,0
2,012c38ec,0,0,0,0,0,0,3,0,0,0,0,0.0,0.0,0.0,2970,33,33,33
3,012c975a,9,661,7,7,6,2,16,2,14,6,8,13.0,8.3,4.7,3240,36,36,36
4,01962d0d,0,0,0,0,0,0,8,0,0,0,0,0.0,0.0,0.0,585,7,6,6
5,01ba3996,0,0,0,0,0,0,3,0,0,0,0,0.0,0.0,0.0,90,1,1,1
6,02b29014,29,2443,27,29,20,0,1,1,35,36,-1,33.3,36.4,-3.1,90,1,1,1
7,0313a347,36,3196,35,35,35,1,0,1,51,46,5,46.6,50.4,-3.8,90,1,1,1
8,03622183,1,10,0,0,0,1,1,0,0,1,-1,0.0,0.1,0.0,90,1,1,1
9,03edb878,4,284,3,3,2,1,0,1,2,2,0,3.0,4.6,-1.6,270,3,3,3
10,0420d84f,25,1613,17,18,12,7,3,1,23,19,4,21.8,21.1,0.7,2250,25,25,25
11,0442183b,13,1145,12,13,11,0,9,1,16,22,-6,12.4,17.5,-5.1,1170,13,13,13
12,06791660,0,0,0,0,0,0,10,0,0,0,0,0.0,0.0,0.0,3240,36,36,36
13,07666c20,0,0,0,0,0,0,15,0,0,0,0,0.0,0.0,0.0,3150,35,35,35
14,07802f7f,29,2173,24,26,13,3,0,1,33,40,-7,27.4,30.5,-3.0,720,8,8,8
15,08452314,21,528,5,6,0,15,6,0,4,9,-5,8.8,8.1,0.8,2295,26,26,25
16,091c86e2,0,0,0,0,0,0,1,0,0,0,0,0.0,0.0,0.0,3330,37,37,37
17,096d1e60,0,0,0,0,0,0,1,0,0,0,0,0.0,0.0,0.0,1125,13,12,12
18,099e666f,4,79,0,1,0,3,7,2,0,1,-1,0.5,2.1,-1.5,3330,37,37,37
19,0b33f6ad,12,844,9,8,7,4,11,0,10,19,-9,11.0,14.2,-3.1,180,2,2,2
20,0d267745,0,0,0,0,0,0,1,0,0,0,0,0.0,0.0,0.0,3131,35,35,34
21,0d4ceb32,28,1371,15,15,5,13,5,0,18,24,-6,18.2,21.4,-3.2,3420,38,38,38
22,0df2b165,28,2032,22,23,18,5,6,0,14,40,-26,19.6,36.6,-17.0,3420,38,38,38
23,0eb884e1,0,0,0,0,0,0,1,0,0,0,0,0.0,0.0,0.0,2700,30,30,30
24,0f7533cd,33,2372,26,28,14,5,2,0,20,32,-12,26.3,35.1,-8.8,2745,31,31,30
25,101da2b5,21,1188,13,12,10,9,11,2,29,10,19,20.6,10.0,10.5,3150,35,35,35
26,10b9fa99,25,2089,23,23,19,2,4,0,12,41,-29,20.1,39.1,-19.0,180,2,2,2
27,111c3236,8,266,3,2,1,6,7,1,3,6,-3,3.0,5.0,-2.0,630,7,7,7
28,119b9a8e,16,1344,14,14,14,2,12,2,30,10,20,26.7,10.8,16.0,3329,37,37,37
29,11ff3d56,22,1020,11,10,8,12,6,1,10,22,-12,11.7,18.5,-6.8,360,4,4,4
30,1265a93a,32,2373,26,25,25,7,3,1,38,29,9,43.1,21.7,21.4,2742,31,31,30
31,132a82f1,28,2262,25,27,22,1,1,1,43,30,13,35.1,28.2,6.9,2880,32,32,32
32,136e7649,0,0,0,0,0,0,2,0,0,0,0,0.0,0.0,0.0,3420,38,38,38
33,1544f145,22,626,7,6,0,16,8,1,9,10,-1,10.0,10.1,-0.1,270,3,3,3
34,1566e437,5,118,1,1,0,4,6,0,1,3,-2,0.4,2.8,-2.4,180,2,2,2
35,1598599e,23,1459,16,15,9,8,14,1,26,25,1,24.4,21.4,3.0,91,2,1,1
36,15ea812b,36,3240,36,36,36,0,0,1,31,50,-19,37.4,52.8,-15.4,990,11,11,11
37,15f3ec41,23,1059,11,10,2,13,10,1,22,5,17,21.4,6.3,15.1,270,3,3,3
38,16264a81,0,0,0,0,0,0,4,0,0,0,0,0.0,0.0,0.0,2430,27,27,27
39,165cf989,0,0,0,0,0,0,1,0,0,0,0,0.0,0.0,0.0,3420,38,38,38
40,16ceb862,17,748,8,8,1,9,18,1,9,5,4,14.0,6.0,8.0,90,1,1,1
41,17370b95,3,206,2,2,2,1,9,0,0,3,-3,1.2,3.8,-2.7,48,1,0,0
42,17695062,20,1440,16,18,7,2,3,2,31,10,21,25.0,14.8,10.1,0,0,0,0
43,178ae8f8,19,1112,12,12,5,7,1,2,24,15,9,23.2,17.4,5.8,0,0,0,0
44,17acc2ed,2,180,2,2,2,0,28,0,0,5,-5,1.2,3.2,-2.1,0,0,0,0
45,17be8dc3,0,0,0,0,0,0,3,0,0,0,0,0.0,0.0,0.0,0,0,0,0
46,17d4507a,30,2700,30,30,30,0,0,0,13,54,-41,23.5,51.0,-27.5,0,0,0,0
47,1880614f,9,281,3,1,0,8,17,0,4,5,-1,4.9,6.7,-1.8,0,0,0,0
48,18b896d6,19,1710,19,19,19,0,13,2,23,10,13,30.4,12.2,18.2,0,0,0,0
49,18b999f4,5,119,1,1,0,4,8,0,2,3,-1,1.3,2.2,-0.9,0,0,0,0
50,18e96f64,30,2584,28,28,27,2,3,0,31,53,-22,31.1,52.4,-21.3,0,0,0,0
51,1900032e,30,2574,28,29,28,1,1,1,42,46,-4,33.3,35.4,-2.1,0,0,0,0
52,192d4c3d,0,0,0,0,0,0,10,0,0,0,0,0.0,0.0,0.0,0,0,0,0
53,1961b2aa,28,1570,17,17,7,11,6,1,24,22,2,23.3,23.4,-0.1,0,0,0,0
54,197640fd,27,2345,26,27,25,0,0,1,51,37,14,37.0,29.7,7.3,0,0,0,0
55,19f4d211,1,1,0,0,0,1,6,3,0,0,0,0.0,0.0,0.0,0,0,0,0
56,1a4ef233,12,722,8,8,6,4,14,1,13,14,-1,9.9,9.1,0.7,0,0,0,0
57,1a7fcf39,36,2461,27,29,19,7,2,1,47,35,12,45.0,41.3,3.7,0,0,0,0
58,1aa84968,31,2576,28,31,21,0,0,0,14,51,-37,23.7,44.9,-21.2,0,0,0,0
59,1ae30132,4,274,3,3,3,1,23,0,3,8,-5,2.3,3.8,-1.5,0,0,0,0
60,1b280c66,0,0,0,0,0,0,7,0,0,0,0,0.0,0.0,0.0,0,0,0,0
61,1b84dbe1,30,2681,29,30,29,0,0,1,39,42,-3,36.4,37.8,-1.3,0,0,0,0
62,1bf33a9a,27,1738,19,18,12,9,2,1,25,21,4,31.9,17.9,13.9,0,0,0,0
63,1c7012b8,32,2879,32,32,31,0,0,1,52,37,15,47.4,37.3,10.1,0,0,0,0
64,1cb49278,17,1371,15,15,13,2,6,1,21,15,6,23.6,10.8,12.8,0,0,0,0
65,1d042188,28,2102,23,25,21,3,8,0,17,51,-34,20.9,43.2,-22.3,0,0,0,0
66,1ecb65be,22,1631,18,20,8,2,4,4,23,28,-5,16.4,27.1,-10.7,0,0,0,0
67,1ef37668,20,1266,14,13,10,7,12,1,15,19,-4,15.2,20.8,-5.7,0,0,0,0
68,1f9a3a04,1,90,1,1,1,0,9,0,0,1,-1,0.9,0.5,0.4,0,0,0,0
69,1fb1c435,26,1288,14,14,4,12,0,1,29,21,8,22.5,23.4,-0.8,0,0,0,0
70,1fdfd6da,3,270,3,3,3,0,30,0,2,6,-4,2.9,2.3,0.6,0,0,0,0
71,21166ff4,23,1819,20,19,19,4,2,1,42,30,12,33.4,25.9,7.5,0,0,0,0
72,21945a9e,1,1,0,0,0,1,3,3,0,0,0,0.0,0.0,0.0,0,0,0,0
73,21a66f6a,35,3082,34,35,30,0,0,1,65,39,26,50.6,43.6,7.0,0,0,0,0
74,22f6ed2c,0,0,0,0,0,0,1,0,0,0,0,0.0,0.0,0.0,0,0,0,0
75,2389cdc2,28,2372,26,28,22,0,1,1,42,35,7,35.9,35.1,0.8,0,0,0,0
76,246d153b,31,2664,29,31,24,0,4,0,22,36,-14,30.4,42.0,-11.6,0,0,0,0
77,254147d4,27,1240,13,15,4,12,7,0,12,27,-15,14.9,18.5,-3.7,0,0,0,0
78,25671a6a,0,0,0,0,0,0,1,0,0,0,0,0.0,0.0,0.0,0,0,0,0
79,259fea27,0,0,0,0,0,0,1,0,0,0,0,0.0,0.0,0.0,0,0,0,0
80,25b82f9a,1,9,0,0,0,1,10,0,0,0,0,0.1,0.1,0.0,0,0,0,0
81,2628fd2b,35,3131,34,35,34,0,2,1,52,37,15,46.2,40.3,5.9,0,0,0,0
82,2691c772,22,1331,14,15,5,7,3,1,11,19,-8,15.5,18.1,-2.6,0,0,0,0
83,26d3b5be,0,0,0,0,0,0,1,0,0,0,0,0.0,0.0,0.0,0,0,0,0
84,26f6dca8,17,566,6,5,1,12,15,1,13,5,8,9.2,7.9,1.3,0,0,0,0
85,27c01749,17,791,8,9,1,8,11,0,11,17,-6,16.0,7.3,8.7,0,0,0,0
86,282679b4,35,2393,26,28,15,7,1,1,41,44,-3,38.2,41.5,-3.3,0,0,0,0
87,282f75f3,33,2931,32,33,31,0,0,1,34,38,-4,46.6,29.3,17.3,0,0,0,0
88,28300a16,0,0,0,0,0,0,30,0,0,0,0,0.0,0.0,0.0,0,0,0,0
89,289601e6,28,2162,24,24,21,4,3,0,16,27,-11,27.7,33.1,-5.4,0,0,0,0
90,28b40c9c,7,630,7,7,7,0,31,0,3,13,-10,6.2,10.9,-4.7,0,0,0,0
91,28d596a0,7,585,6,6,6,1,28,1,9,8,1,11.0,7.5,3.5,0,0,0,0
92,2928dca2,37,3303,36,37,36,0,0,1,35,51,-16,34.4,48.5,-14.2,0,0,0,0
93,29733c72,9,509,5,6,1,3,17,2,12,6,6,8.9,4.2,4.7,0,0,0,0
94,2973d8ff,18,728,8,7,2,11,17,0,10,15,-5,8.8,11.2,-2.4,0,0,0,0
95,2acd49b9,25,1585,17,15,14,10,10,1,22,22,0,19.8,22.4,-2.6,0,0,0,0
96,2ae8e967,0,0,0,0,0,0,2,0,0,0,0,0.0,0.0,0.0,0,0,0,0
97,2b16cb1a,25,1560,17,19,5,6,0,1,27,26,1,21.8,25.6,-3.8,0,0,0,0
98,2b471f99,28,1703,18,19,8,9,2,0,14,27,-13,21.0,26.7,-5.7,0,0,0,0
99,2b622f01,30,1411,15,14,7,16,7,1,29,18,11,23.5,18.4,5.2,0,0,0,0
100,2b91cf8e,22,1891,21,21,18,1,8,0,19,35,-16,18.9,33.1,-14.2,0,0,0,0
101,2baec6ce,9,404,4,4,3,5,21,1,7,8,-1,5.5,5.0,0.6,0,0,0,0
102,2bd83368,3,88,1,1,0,2,8,2,0,0,0,0.7,0.9,-0.3,0,0,0,0
103,2bed3eab,6,383,4,3,3,3,16,1,8,12,-4,4.0,6.7,-2.6,0,0,0,0
104,2ce2508a,31,2359,26,27,18,4,1,1,25,47,-22,22.5,42.6,-20.1,0,0,0,0
105,2d61d13a,9,801,8,9,7,0,1,1,10,9,1,14.5,10.1,4.4,0,0,0,0
106,2d82641c,0,0,0,0,0,0,9,0,0,0,0,0.0,0.0,0.0,0,0,0,0
107,2e4f5f03,38,3383,37,38,35,0,0,1,65,42,23,65.5,42.9,22.6,0,0,0,0
108,2f7acede,15,861,9,9,4,6,15,1,22,16,6,17.7,11.4,6.3,0,0,0,0
109,2f90f6b8,26,1070,11,11,6,15,4,1,15,10,5,19.4,14.9,4.4,0,0,0,0
110,2f965a72,36,3240,36,36,36,0,2,0,27,48,-21,39.4,49.4,-10.0,0,0,0,0
111,2fba6108,2,155,1,2,1,0,0,1,3,2,1,2.2,1.6,0.6,0,0,0,0
112,30040f5d,13,111,1,0,0,13,16,0,0,1,-1,1.2,2.8,-1.6,0,0,0,0
113,30e81a88,27,1128,12,12,2,15,7,0,7,16,-9,12.2,16.9,-4.7,0,0,0,0
114,312626c1,2,180,2,2,2,0,0,0,0,3,-3,2.0,2.4,-0.4,0,0,0,0
115,31c69ef1,32,2843,31,32,30,0,4,2,68,21,47,57.8,22.9,34.9,0,0,0,0
116,321a71a7,2,123,1,1,1,1,3,0,0,1,-1,1.3,1.4,-0.1,0,0,0,0
117,3233eefd,10,526,5,6,3,4,21,1,4,12,-8,4.4,11.0,-6.6,0,0,0,0
118,32f60ed8,11,414,4,4,1,7,9,0,4,6,-2,4.6,5.1,-0.6,0,0,0,0
119,3312f911,27,1428,15,15,5,12,0,1,20,26,-6,17.8,23.6,-5.7,0,0,0,0
120,3353737a,27,2244,24,26,20,1,4,1,51,31,20,36.3,31.6,4.7,0,0,0,0
121,33887998,31,2745,30,31,30,0,3,1,46,25,21,49.5,22.2,27.3,0,0,0,0
122,3423f250,30,2360,26,26,19,4,0,1,44,34,10,37.9,40.1,-2.3,0,0,0,0
123,3515d404,38,3420,38,38,38,0,0,1,47,68,-21,41.2,53.1,-11.8,0,0,0,0
124,35e413f1,36,3191,35,36,31,0,1,1,39,44,-5,45.9,33.1,12.8,0,0,0,0
125,3626f7d9,14,1198,13,13,12,1,20,1,21,19,2,15.9,19.0,-3.1,0,0,0,0
126,36c2ca73,30,2700,30,30,30,0,7,1,37,57,-20,31.7,41.2,-9.5,0,0,0,0
127,3727dd3c,30,2617,29,29,28,1,3,1,41,46,-5,36.4,44.4,-7.9,0,0,0,0
128,376d4a41,0,0,0,0,0,0,1,0,0,0,0,0.0,0.0,0.0,0,0,0,0
129,383e68b1,1,10,0,0,0,1,4,3,0,0,0,1.4,0.0,1.4,0,0,0,0
130,387e1d35,0,0,0,0,0,0,2,0,0,0,0,0.0,0.0,0.0,0,0,0,0
131,38c7feef,13,253,2,2,0,11,12,1,5,6,-1,3.3,3.1,0.2,0,0,0,0
132,38ceb24a,35,2607,29,30,13,5,1,1,34,30,4,40.3,23.3,16.9,0,0,0,0
133,3925dbd6,27,1402,15,13,12,14,3,0,12,24,-12,19.6,20.5,-0.9,0,0,0,0
134,3935e52e,1,90,1,1,1,0,3,3,2,1,1,1.1,2.0,-0.9,0,0,0,0
135,394854c4,32,2787,31,32,30,0,3,0,14,51,-37,25.1,53.5,-28.4,0,0,0,0
136,3a24769f,26,1573,17,18,6,8,5,2,27,24,3,22.8,24.9,-2.1,0,0,0,0
137,3a949a25,13,1170,13,13,13,0,11,1,20,19,1,19.7,21.4,-1.7,0,0,0,0
138,3add8ed8,2,85,0,1,0,1,2,2,1,1,0,0.9,0.7,0.1,0,0,0,0
139,3ae14ed1,21,1166,13,12,2,9,2,1,24,14,10,16.9,17.2,-0.3,0,0,0,0
140,3b029691,19,520,5,5,0,14,15,1,7,8,-1,6.8,8.7,-1.9,0,0,0,0
141,3bb7b8b4,36,3240,36,36,36,0,0,2,76,28,48,64.1,27.2,36.9,0,0,0,0
142,3c066877,2,32,0,0,0,2,8,0,0,2,-2,0.2,1.7,-1.5,0,0,0,0
143,3d46127c,0,0,0,0,0,0,18,0,0,0,0,0.0,0.0,0.0,0,0,0,0
144,3d50bcdb,2,15,0,0,0,2,1,3,0,0,0,0.1,0.0,0.1,0,0,0,0
145,3e1550ee,1,90,1,1,1,0,3,3,4,3,1,1.5,2.2,-0.8,0,0,0,0
146,3e5bd5e0,0,0,0,0,0,0,4,0,0,0,0,0.0,0.0,0.0,0,0,0,0
147,3e9e06cb,22,1925,21,22,21,0,4,1,37,23,14,34.2,24.1,10.2,0,0,0,0
148,3ea50f67,25,1945,21,22,15,3,1,1,36,25,11,29.0,25.0,4.0,0,0,0,0
149,3eb22ec9,26,2065,22,24,17,2,10,2,52,18,34,43.7,15.2,28.5,0,0,0,0
150,3ec9195b,35,2932,32,32,31,3,3,0,29,63,-34,30.7,58.8,-28.1,0,0,0,0
151,3f2d59fe,3,47,0,0,0,3,6,2,0,1,-1,0.1,0.9,-0.8,0,0,0,0
152,3fe6bd8c,15,1255,13,14,12,1,5,1,20,20,0,19.8,23.5,-3.7,0,0,0,0
153,4047c976,11,315,3,2,0,9,6,0,1,9,-8,3.6,5.4,-1.7,0,0,0,0
154,4115ce4e,36,3100,34,36,32,0,1,1,41,59,-18,36.2,45.8,-9.6,0,0,0,0
155,41cc19c2,0,0,0,0,0,0,3,0,0,0,0,0.0,0.0,0.0,0,0,0,0
156,41d3704d,0,0,0,0,0,0,1,0,0,0,0,0.0,0.0,0.0,0,0,0,0
157,420d7c7d,38,3399,37,38,37,0,0,1,62,54,8,54.9,57.4,-2.4,0,0,0,0
158,42130443,1,90,1,1,1,0,34,3,3,1,2,2.7,0.8,1.8,0,0,0,0
159,424595d5,0,0,0,0,0,0,13,0,0,0,0,0.0,0.0,0.0,0,0,0,0
160,43309491,1,3,0,0,0,1,7,1,0,0,0,0.1,0.1,-0.1,0,0,0,0
161,43439614,32,2220,24,26,15,6,5,0,12,43,-31,20.8,40.5,-19.7,0,0,0,0
162,43458538,11,148,1,0,0,11,5,1,1,2,-1,1.8,2.5,-0.6,0,0,0,0
163,43a166b4,9,186,2,2,0,7,17,1,2,0,2,3.2,1.0,2.2,0,0,0,0
164,43f9b4ba,0,0,0,0,0,0,3,0,0,0,0,0.0,0.0,0.0,0,0,0,0
165,4468ec10,1,19,0,0,0,1,0,1,1,0,1,0.3,0.0,0.3,0,0,0,0
166,44781702,20,1346,15,14,14,6,9,1,21,16,5,18.3,18.8,-0.6,0,0,0,0
167,44bfb6c5,36,2675,29,31,21,5,1,1,26,42,-16,25.3,39.4,-14.1,0,0,0,0
168,450ab6fc,19,1625,18,19,16,0,0,0,12,32,-20,18.3,28.8,-10.5,0,0,0,0
169,4535e4bb,14,1260,14,14,14,0,13,2,17,21,-4,22.3,13.4,8.9,0,0,0,0
170,45685411,0,0,0,0,0,0,3,0,0,0,0,0.0,0.0,0.0,0,0,0,0
171,45787ffa,0,0,0,0,0,0,1,0,0,0,0,0.0,0.0,0.0,0,0,0,0
172,45963054,34,2840,31,31,24,3,0,1,61,44,17,46.5,39.3,7.2,0,0,0,0
173,45db685d,28,2010,22,23,15,5,10,1,34,17,17,37.6,15.3,22.3,0,0,0,0
174,4654e5f5,0,0,0,0,0,0,7,0,0,0,0,0.0,0.0,0.0,0,0,0,0
175,466fb2c5,38,3420,38,38,38,0,0,0,20,63,-43,32.6,62.2,-29.6,0,0,0,0
176,467bf546,0,0,0,0,0,0,1,0,0,0,0,0.0,0.0,0.0,0,0,0,0
177,46ee5234,10,809,9,9,8,1,7,0,10,22,-12,6.3,18.0,-11.7,0,0,0,0
178,47327321,0,0,0,0,0,0,2,0,0,0,0,0.0,0.0,0.0,0,0,0,0
179,47369df8,33,2813,31,32,29,1,1,1,25,42,-17,33.6,45.9,-12.3,0,0,0,0
180,47a34c4f,23,1544,17,17,13,6,13,2,27,20,7,23.0,22.0,1.0,0,0,0,0
181,4806ec67,31,2742,30,31,30,0,2,1,38,39,-1,35.7,38.5,-2.8,0,0,0,0
182,486b08b3,0,0,0,0,0,0,2,0,0,0,0,0.0,0.0,0.0,0,0,0,0
183,4871d0e8,0,0,0,0,0,0,2,0,0,0,0,0.0,0.0,0.0,0,0,0,0
184,4879f8cb,4,360,4,4,4,0,31,0,2,14,-12,4.6,6.9,-2.3,0,0,0,0
185,48a5a5d6,14,589,6,7,2,7,9,1,13,3,10,12.6,5.7,6.9,0,0,0,0
186,495945ef,38,3410,37,38,37,0,0,1,33,55,-22,39.3,54.6,-15.3,0,0,0,0
187,49fe9070,35,2602,28,29,18,6,3,1,52,29,23,47.5,23.9,23.6,0,0,0,0
188,4ab53cdb,31,1265,14,12,4,19,3,1,9,25,-16,12.0,23.6,-11.6,0,0,0,0
189,4b40d9ca,32,2880,32,32,32,0,0,1,31,37,-6,32.8,44.6,-11.8,0,0,0,0
190,4b511457,21,1763,19,20,15,1,0,1,27,25,2,20.6,20.1,0.5,0,0,0,0
191,4bcf39f6,33,2512,27,29,17,4,1,1,32,34,-2,40.4,24.7,15.8,0,0,0,0
192,4c370d81,36,2838,31,33,16,3,0,1,57,39,18,57.5,36.8,20.7,0,0,0,0
193,4d034881,12,559,6,7,2,5,7,2,11,4,7,10.9,4.5,6.4,0,0,0,0
194,4d0eb7d2,3,103,1,1,0,2,13,1,1,2,-1,0.6,1.4,-0.8,0,0,0,0
195,4dc4f138,25,2234,24,25,24,0,2,0,23,36,-13,26.8,39.4,-12.6,0,0,0,0
196,4e9a0555,33,2741,30,32,22,1,0,1,27,43,-16,31.7,44.8,-13.0,0,0,0,0
197,4eb2d015,0,0,0,0,0,0,2,0,0,0,0,0.0,0.0,0.0,0,0,0,0
198,4ed3f5c4,0,0,0,0,0,0,2,0,0,0,0,0.0,0.0,0.0,0,0,0,0
199,4f565d77,29,2428,27,28,25,1,0,1,46,34,12,39.3,40.4,-1.1,0,0,0,0
200,4f622ca3,0,0,0,0,0,0,1,0,0,0,0,0.0,0.0,0.0,0,0,0,0
201,4f974391,36,3170,35,36,34,0,0,1,60,41,19,52.2,42.5,9.7,0,0,0,0
202,4fa62ae4,2,4,0,0,0,2,7,0,0,0,0,0.1,0.8,-0.7,0,0,0,0
203,4fb9c88f,24,1179,13,13,4,11,12,1,24,14,10,21.6,15.2,6.4,0,0,0,0
204,4fdf1fd9,0,0,0,0,0,0,23,0,0,0,0,0.0,0.0,0.0,0,0,0,0
205,507c7bdf,37,3099,34,35,23,2,0,1,68,36,32,55.6,35.0,20.5,0,0,0,0
206,50dc94ce,19,524,5,4,3,15,15,1,19,12,7,13.2,8.0,5.2,0,0,0,0
207,50e6dc35,7,221,2,2,0,5,11,0,2,4,-2,1.0,5.4,-4.4,0,0,0,0
208,515ebe8d,17,1456,16,15,15,2,13,2,29,11,18,27.6,15.5,12.0,0,0,0,0
209,51cf8561,20,1478,16,15,14,5,8,2,41,14,27,30.8,12.5,18.3,0,0,0,0
210,52105203,15,1350,15,15,15,0,15,1,13,24,-11,15.4,21.1,-5.7,0,0,0,0
211,5271c8f1,13,953,10,11,7,2,19,2,22,10,12,18.2,8.5,9.7,0,0,0,0
212,527f063d,26,1375,15,13,8,13,0,1,28,18,10,25.3,16.2,9.1,0,0,0,0
213,529f49ab,24,1534,17,18,10,6,0,1,22,18,4,19.5,16.3,3.2,0,0,0,0
214,531a4aa8,3,103,1,1,1,2,6,1,1,4,-3,1.0,2.8,-1.9,0,0,0,0
215,5348aada,2,113,1,1,0,1,9,3,4,0,4,2.7,1.4,1.3,0,0,0,0
216,53af52f3,38,3420,38,38,38,0,0,1,68,50,18,55.8,46.0,9.8,0,0,0,0
217,53b781b9,0,0,0,0,0,0,1,0,0,0,0,0.0,0.0,0.0,0,0,0,0
218,53cad200,26,2188,24,24,20,2,12,1,39,20,19,40.5,18.2,22.3,0,0,0,0
219,548672b4,0,0,0,0,0,0,5,0,0,0,0,0.0,0.0,0.0,0,0,0,0
220,54ae11f8,0,0,0,0,0,0,1,0,0,0,0,0.0,0.0,0.0,0,0,0,0
221,5526deb1,0,0,0,0,0,0,5,0,0,0,0,0.0,0.0,0.0,0,0,0,0
222,5540c9dc,1,90,1,1,1,0,1,1,0,0,0,0.8,1.1,-0.3,0,0,0,0
223,55b4f1d6,14,355,3,0,0,14,18,1,4,5,-1,6.3,8.2,-1.9,0,0,0,0
224,56f7a928,38,3357,37,37,35,1,0,1,68,50,18,54.2,45.4,8.8,0,0,0,0
225,57df7a11,12,1006,11,12,7,0,0,1,22,15,7,16.4,13.5,2.9,0,0,0,0
226,57e3f0c7,29,1616,18,16,8,13,6,1,26,21,5,21.6,23.9,-2.3,0,0,0,0
227,58bc7d18,3,270,3,3,3,0,31,2,5,2,3,4.3,3.9,0.4,0,0,0,0
228,58eee997,31,1822,20,21,7,10,4,1,39,23,16,32.1,23.9,8.2,0,0,0,0
229,59e6e5bf,33,2871,31,32,26,1,0,1,41,39,2,40.7,41.8,-1.1,0,0,0,0
230,5a04fd92,30,1391,15,14,2,16,2,1,27,19,8,24.6,21.4,3.2,0,0,0,0
231,5a4280b1,8,637,7,7,7,1,21,0,4,13,-9,5.8,6.6,-0.8,0,0,0,0
232,5a7301ae,33,2503,27,28,25,5,1,1,26,33,-7,28.2,36.2,-8.0,0,0,0,0
233,5c2b4f07,19,1605,17,19,15,0,6,1,35,22,13,22.4,23.8,-1.4,0,0,0,0
234,5cbd1eb0,19,1710,19,19,19,0,11,1,22,32,-10,17.7,28.5,-10.8,0,0,0,0
235,5cdddffa,33,2091,23,28,6,5,3,1,38,24,14,27.1,31.9,-4.8,0,0,0,0
236,5d8d7454,0,0,0,0,0,0,8,0,0,0,0,0.0,0.0,0.0,0,0,0,0
237,5e105217,3,172,1,2,0,1,5,0,1,5,-4,1.9,2.5,-0.6,0,0,0,0
238,5e74d6c8,4,188,2,2,2,2,16,2,4,3,1,2.5,1.9,0.7,0,0,0,0
239,5ed97752,1,12,0,0,0,1,6,0,0,1,-1,0.0,1.4,-1.4,0,0,0,0
240,5eecec3d,22,1933,21,22,21,0,12,2,53,12,41,42.2,13.5,28.6,0,0,0,0
241,5f09991f,22,1777,19,20,19,2,11,1,19,36,-17,17.1,30.9,-13.8,0,0,0,0
242,5f1a2f31,4,263,2,3,2,1,23,0,3,10,-7,2.2,4.8,-2.6,0,0,0,0
243,600ae8cb,0,0,0,0,0,0,1,0,0,0,0,0.0,0.0,0.0,0,0,0,0
244,615ef733,14,839,9,8,8,6,24,1,9,9,0,14.7,11.9,2.7,0,0,0,0
245,62d7ef38,2,180,2,2,2,0,13,1,4,1,3,2.2,1.7,0.5,0,0,0,0
246,6385ebfb,3,270,3,3,3,0,24,2,5,3,2,6.2,2.0,4.3,0,0,0,0
247,6421ec64,14,556,6,5,1,9,13,1,5,7,-2,8.4,7.9,0.4,0,0,0,0
248,6434f10d,34,2748,30,31,28,3,4,2,64,27,37,56.1,24.9,31.2,0,0,0,0
249,64b08de7,16,821,9,10,2,6,8,1,9,15,-6,6.8,10.6,-3.8,0,0,0,0
250,653ee42d,7,261,2,3,1,4,20,0,1,4,-3,1.5,2.7,-1.2,0,0,0,0
251,660e71be,0,0,0,0,0,0,1,0,0,0,0,0.0,0.0,0.0,0,0,0,0
252,6612cd8c,11,374,4,4,1,7,13,0,2,12,-10,4.0,7.3,-3.3,0,0,0,0
253,6613c819,38,3419,38,38,37,0,0,1,62,47,15,55.4,48.7,6.7,0,0,0,0
254,6622454d,23,1172,13,15,1,8,5,1,16,7,9,18.4,9.4,9.0,0,0,0,0
255,6722d4f0,1,15,0,0,0,1,0,0,0,1,-1,0.1,0.8,-0.7,0,0,0,0
256,67ac5bb8,23,1996,22,22,21,1,10,1,28,24,4,26.8,23.6,3.2,0,0,0,0
257,67ca8566,38,3409,37,38,36,0,0,1,62,53,9,55.0,56.7,-1.8,0,0,0,0
258,6956ff08,6,187,2,2,0,4,17,1,4,6,-2,2.2,3.5,-1.2,0,0,0,0
259,6a39bd42,0,0,0,0,0,0,12,0,0,0,0,0.0,0.0,0.0,0,0,0,0
260,6a471ee8,0,0,0,0,0,0,2,0,0,0,0,0.0,0.0,0.0,0,0,0,0
261,6a713852,27,2430,27,27,27,0,0,1,26,27,-1,34.0,24.2,9.8,0,0,0,0
262,6abefdff,0,0,0,0,0,0,2,0,0,0,0,0.0,0.0,0.0,0,0,0,0
263,6adbc307,18,1537,17,17,15,1,20,1,18,39,-21,17.9,28.6,-10.7,0,0,0,0
264,6b47c5db,26,2176,24,25,21,1,1,1,48,31,17,34.6,27.2,7.4,0,0,0,0
265,6b625ac2,35,3150,35,35,35,0,2,1,57,52,5,51.4,53.9,-2.6,0,0,0,0
266,6bb2c084,36,2587,28,29,22,7,2,0,19,40,-21,29.0,41.4,-12.5,0,0,0,0
267,6bd603db,1,12,0,0,0,1,0,1,0,1,-1,0.2,0.3,-0.1,0,0,0,0
268,6c17e046,27,1340,14,14,3,13,10,1,20,19,1,20.4,22.8,-2.4,0,0,0,0
269,6c203af0,36,3111,34,35,30,1,0,1,35,42,-7,45.1,31.1,14.0,0,0,0,0
270,6c679c6d,0,0,0,0,0,0,3,0,0,0,0,0.0,0.0,0.0,0,0,0,0
271,6ca5ec4b,30,1542,17,17,5,13,5,1,24,21,3,22.3,23.9,-1.6,0,0,0,0
272,6d5701f2,24,1937,21,23,20,1,6,1,33,22,11,27.9,25.6,2.2,0,0,0,0
273,6d646ff7,1,38,0,0,0,1,8,0,2,0,2,0.7,0.1,0.6,0,0,0,0
274,6e7f1353,9,294,3,3,0,6,2,1,2,4,-2,3.1,5.4,-2.4,0,0,0,0
275,6f7d826d,33,2781,30,32,21,1,4,1,43,41,2,39.9,42.6,-2.7,0,0,0,0
276,715bf047,23,1764,19,21,7,2,1,1,29,27,2,25.6,26.4,-0.8,0,0,0,0
277,71ef519e,18,1350,15,15,11,3,12,1,24,22,2,21.2,25.4,-4.1,0,0,0,0
278,728e9b2e,1,48,0,0,0,1,16,0,0,0,0,0.8,0.4,0.5,0,0,0,0
279,7399c7a8,11,877,9,9,8,2,7,0,7,11,-4,10.0,14.6,-4.6,0,0,0,0
280,7494bea9,0,0,0,0,0,0,10,0,0,0,0,0.0,0.0,0.0,0,0,0,0
281,74b2cd7e,28,2492,27,28,27,0,1,1,42,34,8,40.1,34.6,5.5,0,0,0,0
282,74e12f1e,16,1350,15,15,12,1,5,1,17,24,-7,17.1,20.6,-3.5,0,0,0,0
283,758dd7f0,13,825,9,10,6,3,16,1,13,15,-2,12.0,12.3,-0.3,0,0,0,0
284,75a72a99,15,959,10,10,7,5,6,1,15,19,-4,12.8,15.7,-2.9,0,0,0,0
285,76dd1480,36,2253,25,24,12,12,2,1,29,29,0,25.8,31.2,-5.4,0,0,0,0
286,76eca7e2,0,0,0,0,0,0,5,0,0,0,0,0.0,0.0,0.0,0,0,0,0
287,77bb1522,19,1487,16,17,12,2,11,0,14,42,-28,10.9,34.0,-23.1,0,0,0,0
288,77cf6852,16,1288,14,14,9,2,17,1,20,27,-7,16.8,22.9,-6.1,0,0,0,0
289,77d7c96f,22,1481,16,18,12,4,2,0,10,27,-17,17.5,22.2,-4.7,0,0,0,0
290,77e84962,24,1854,20,20,13,4,1,1,34,18,16,38.5,22.2,16.4,0,0,0,0
291,78b8ac63,23,1324,14,12,10,11,1,0,8,27,-19,15.4,26.2,-10.8,0,0,0,0
292,7914b9fe,20,1800,20,20,20,0,7,1,23,39,-16,16.4,33.6,-17.3,0,0,0,0
293,79300479,14,866,9,9,4,5,2,1,19,12,7,14.6,11.7,2.9,0,0,0,0
294,7956236f,38,3420,38,38,38,0,0,1,55,46,9,52.5,51.1,1.4,0,0,0,0
295,79b0d6a0,37,3329,37,37,36,0,1,1,36,51,-15,35.6,48.7,-13.1,0,0,0,0
296,79bc4c45,24,1604,17,17,10,7,10,0,6,29,-23,15.0,29.2,-14.2,0,0,0,0
297,79c0821a,27,1815,20,21,10,6,3,1,26,26,0,32.4,17.4,15.1,0,0,0,0
298,79c84d1c,38,2562,28,30,6,8,0,1,43,33,10,39.7,35.1,4.6,0,0,0,0
299,7a11550b,7,590,6,6,5,1,0,2,15,14,1,14.0,7.5,6.5,0,0,0,0
300,7a1f2c08,33,1820,20,19,10,14,3,1,21,39,-18,16.5,35.0,-18.4,0,0,0,0
301,7a2e46a8,33,2970,33,33,33,0,0,1,58,32,26,58.3,36.7,21.6,0,0,0,0
302,7a6bb9ed,0,0,0,0,0,0,2,0,0,0,0,0.0,0.0,0.0,0,0,0,0
303,7af88b33,8,550,6,7,4,1,25,0,5,10,-5,6.5,10.1,-3.6,0,0,0,0
304,7b355808,0,0,0,0,0,0,1,0,0,0,0,0.0,0.0,0.0,0,0,0,0
305,7ba2eaa9,31,2550,28,30,19,1,0,1,29,38,-9,28.2,36.3,-8.0,0,0,0,0
306,7ba6d84e,26,2295,25,26,25,0,7,1,46,32,14,38.1,27.9,10.3,0,0,0,0
307,7bb5f40e,33,1828,20,20,9,13,1,0,18,42,-24,20.8,37.0,-16.2,0,0,0,0
308,7c104bb7,34,2747,30,31,19,3,0,0,23,33,-10,34.7,39.0,-4.4,0,0,0,0
309,7c39363f,2,3,0,1,0,1,10,0,0,0,0,0.1,0.0,0.1,0,0,0,0
310,7d2d3329,10,316,3,4,1,6,21,1,3,2,1,5.3,4.2,1.1,0,0,0,0
311,7eb67dad,0,0,0,0,0,0,1,0,0,0,0,0.0,0.0,0.0,0,0,0,0
312,7edfbb8a,1,45,0,0,0,1,4,0,0,2,-2,0.9,1.7,-0.9,0,0,0,0
313,7f3b388c,30,2567,28,28,27,2,0,1,53,29,24,51.3,33.5,17.9,0,0,0,0
314,7fcc71d8,24,1661,18,22,3,2,0,1,16,24,-8,16.9,20.0,-3.1,0,0,0,0
315,803ae100,31,2247,25,26,19,5,1,0,19,35,-16,25.8,33.8,-8.0,0,0,0,0
316,80c31c97,3,18,0,0,0,3,10,3,1,0,1,0.9,0.7,0.2,0,0,0,0
317,810e3c74,16,1421,15,16,11,0,4,1,30,19,11,25.6,21.8,3.9,0,0,0,0
318,819aa8e7,25,1331,14,15,6,10,4,1,29,21,8,23.5,17.8,5.7,0,0,0,0
319,819b3158,28,2029,22,23,16,5,6,2,55,16,39,43.1,16.0,27.1,0,0,0,0
320,81d8091f,3,148,1,2,0,1,7,1,4,5,-1,2.5,3.1,-0.6,0,0,0,0
321,82927de4,33,2572,28,31,16,2,3,1,43,33,10,42.5,35.5,7.0,0,0,0,0
322,8397a50c,36,3194,35,36,35,0,0,1,50,42,8,48.7,47.0,1.6,0,0,0,0
323,839c14e1,10,746,8,8,7,2,15,1,16,11,5,13.2,9.0,4.2,0,0,0,0
324,83d074ff,21,1115,12,13,5,8,9,1,9,14,-5,14.7,11.1,3.6,0,0,0,0
325,849c826a,15,375,4,1,0,14,10,1,8,7,1,4.9,6.1,-1.2,0,0,0,0
326,84c5ceea,0,0,0,0,0,0,1,0,0,0,0,0.0,0.0,0.0,0,0,0,0
327,8574c61f,2,33,0,0,0,2,23,0,1,0,1,0.8,1.5,-0.8,0,0,0,0
328,85f8571a,13,767,8,8,6,5,7,0,4,19,-15,5.9,15.2,-9.3,0,0,0,0
329,862a1c15,34,2429,27,28,12,6,2,1,30,48,-18,29.1,40.8,-11.7,0,0,0,0
330,862cc23f,0,0,0,0,0,0,1,0,0,0,0,0.0,0.0,0.0,0,0,0,0
331,86695068,15,718,8,10,0,5,10,2,12,11,1,11.3,8.8,2.5,0,0,0,0
332,866c67e9,0,0,0,0,0,0,3,0,0,0,0,0.0,0.0,0.0,0,0,0,0
333,867239d3,26,1897,21,21,17,5,3,1,36,26,10,30.8,25.7,5.1,0,0,0,0
334,86dd77d1,24,1946,21,22,20,2,9,2,48,20,28,32.9,20.6,12.4,0,0,0,0
335,86e7deaf,23,1935,21,23,20,0,2,1,33,20,13,37.5,16.2,21.3,0,0,0,0
336,87935cf3,4,276,3,3,3,1,8,1,4,8,-4,2.9,5.9,-3.1,0,0,0,0
337,87f7500e,21,1127,12,14,1,7,10,0,7,26,-19,8.8,18.8,-10.0,0,0,0,0
338,88acf83f,1,5,0,0,0,1,1,0,0,0,0,0.0,0.8,-0.8,0,0,0,0
339,892d5bb1,27,1949,21,23,13,4,10,2,48,22,26,35.1,21.0,14.0,0,0,0,0
340,8a7ff278,26,2256,25,25,25,1,7,1,25,43,-18,20.9,40.7,-19.7,0,0,0,0
341,8aadeaef,0,0,0,0,0,0,3,0,0,0,0,0.0,0.0,0.0,0,0,0,0
342,8aec0537,34,2484,27,27,24,7,4,1,27,28,-1,36.1,24.3,11.8,0,0,0,0
343,8b04d6c1,38,3420,38,38,38,0,0,1,68,45,23,53.1,49.1,4.0,0,0,0,0
344,8b529245,9,308,3,3,2,6,16,1,5,2,3,4.8,5.1,-0.3,0,0,0,0
345,8b788c01,22,1480,16,17,5,5,1,2,34,19,15,27.1,18.8,8.3,0,0,0,0
346,8b9ebd03,25,1406,15,16,6,9,8,1,22,17,5,22.3,17.1,5.2,0,0,0,0
347,8d03ca5a,13,461,5,3,1,10,18,1,7,11,-4,7.8,10.1,-2.3,0,0,0,0
348,8d228291,5,138,1,0,0,5,3,0,2,5,-3,0.7,5.1,-4.4,0,0,0,0
349,8d3c902d,36,3121,34,35,33,1,1,1,39,56,-17,32.8,53.4,-20.5,0,0,0,0
350,8d62d31a,12,733,8,8,8,4,9,1,12,12,0,9.3,13.9,-4.7,0,0,0,0
351,8df7a2fb,30,2693,29,30,29,0,0,1,29,41,-12,32.4,47.6,-15.2,0,0,0,0
352,8f62b6ee,38,3420,38,38,38,0,0,1,68,45,23,53.1,49.1,4.0,0,0,0,0
353,8fa8f8d2,1,16,0,0,0,1,21,0,0,0,0,0.2,0.4,-0.3,0,0,0,0
354,90f91999,37,3330,37,37,37,0,0,1,53,46,7,50.3,50.6,-0.4,0,0,0,0
355,9228b07c,25,1423,15,17,8,8,10,1,18,23,-5,17.1,23.2,-6.2,0,0,0,0
356,92e7e919,37,3114,34,36,23,1,0,1,61,36,25,46.4,43.6,2.9,0,0,0,0
357,9319781b,14,523,5,5,1,9,19,1,10,10,0,8.9,8.2,0.7,0,0,0,0
358,9328b835,35,3150,35,35,35,0,0,1,57,44,13,49.2,46.7,2.5,0,0,0,0
359,935e6b8f,21,1704,18,20,16,1,2,1,34,23,11,30.4,19.4,10.9,0,0,0,0
360,939bc634,0,0,0,0,0,0,8,0,0,0,0,0.0,0.0,0.0,0,0,0,0
361,93feac6e,38,3050,33,37,24,1,0,1,51,50,1,50.4,50.7,-0.3,0,0,0,0
362,94e5390a,0,0,0,0,0,0,1,0,0,0,0,0.0,0.0,0.0,0,0,0,0
363,95827107,0,0,0,0,0,0,11,0,0,0,0,0.0,0.0,0.0,0,0,0,0
364,9610c9c1,0,0,0,0,0,0,2,0,0,0,0,0.0,0.0,0.0,0,0,0,0
365,966e28d0,4,255,2,3,2,1,1,0,1,6,-5,2.6,3.7,-1.1,0,0,0,0
366,9674002f,36,2890,32,32,26,4,1,1,48,32,16,55.4,25.7,29.7,0,0,0,0
367,96bb8cc2,19,1052,11,12,4,7,2,1,8,6,2,8.5,15.8,-7.3,0,0,0,0
368,96cf7b61,0,0,0,0,0,0,25,0,0,0,0,0.0,0.0,0.0,0,0,0,0
369,97333cf5,33,2764,30,32,21,1,1,1,39,56,-17,32.8,44.2,-11.4,0,0,0,0
370,974b8e7f,0,0,0,0,0,0,5,0,0,0,0,0.0,0.0,0.0,0,0,0,0
371,979b811d,36,2472,27,27,15,9,0,0,19,43,-24,28.4,39.4,-11.0,0,0,0,0
372,97d7afbd,0,0,0,0,0,0,5,0,0,0,0,0.0,0.0,0.0,0,0,0,0
373,984a5a64,30,2645,29,30,26,0,1,1,41,41,0,31.5,38.0,-6.5,0,0,0,0
374,989d5705,22,1422,15,17,10,5,14,1,20,24,-4,17.9,21.5,-3.6,0,0,0,0
375,99813635,30,1596,17,16,8,14,1,1,20,18,2,23.2,14.0,9.1,0,0,0,0
376,9a104dee,5,48,0,0,0,5,6,0,1,3,-2,1.6,2.2,-0.5,0,0,0,0
377,9a28eba4,37,2649,29,28,25,9,0,1,31,41,-10,30.8,39.6,-8.8,0,0,0,0
378,9a71e978,12,577,6,5,4,7,22,0,3,11,-8,4.9,10.2,-5.4,0,0,0,0
379,9a9c05db,34,3060,34,34,34,0,2,1,30,47,-17,35.9,50.2,-14.3,0,0,0,0
380,9ae9eaea,13,623,6,7,5,6,4,1,8,9,-1,6.5,7.7,-1.2,0,0,0,0
381,9b066938,0,0,0,0,0,0,2,0,0,0,0,0.0,0.0,0.0,0,0,0,0
382,9b398aea,21,1404,15,16,10,5,8,1,16,23,-7,15.1,18.5,-3.5,0,0,0,0
383,9c94165b,32,2654,29,30,27,2,2,1,51,33,18,41.3,32.8,8.5,0,0,0,0
384,9dab6e3b,0,0,0,0,0,0,6,0,0,0,0,0.0,0.0,0.0,0,0,0,0
385,9dbb75ca,31,1923,21,22,7,9,5,1,33,21,12,31.8,24.4,7.4,0,0,0,0
386,9dc96f10,3,166,1,2,0,1,8,1,3,3,0,2.2,1.7,0.5,0,0,0,0
387,9deaf2c8,15,277,3,1,1,14,18,0,5,1,4,5.1,2.2,2.9,0,0,0,0
388,9e1035f8,24,1306,14,15,5,9,13,2,29,13,16,23.2,12.4,10.9,0,0,0,0
389,9e525177,34,3060,34,34,34,0,3,2,67,36,31,54.9,37.2,17.7,0,0,0,0
390,9e5708be,37,3330,37,37,37,0,0,0,32,74,-42,33.5,66.4,-32.9,0,0,0,0
391,9f1893b9,2,3,0,0,0,2,2,0,0,0,0,0.0,0.2,-0.1,0,0,0,0
392,9f30e7ed,0,0,0,0,0,0,8,0,0,0,0,0.0,0.0,0.0,0,0,0,0
393,9f4647e9,11,531,5,6,3,5,10,2,8,14,-6,7.1,7.9,-0.8999999999999999,0,0,0,0
394,9f472354,11,210,2,1,0,10,7,1,2,6,-4,1.9,5.6,-3.7,0,0,0,0
395,9f7c837d,31,2685,29,29,29,2,2,1,31,35,-4,31.8,39.4,-7.6,0,0,0,0
396,9fbbcf39,27,2407,26,27,26,0,7,1,26,40,-14,25.5,38.5,-12.9,0,0,0,0
397,a1232f4e,12,916,10,10,9,2,14,1,16,17,-1,15.1,13.8,1.3,0,0,0,0
398,a179d516,1,90,1,1,1,0,6,1,3,3,0,2.0,0.6,1.4,0,0,0,0
399,a182122b,0,0,0,0,0,0,2,0,0,0,0,0.0,0.0,0.0,0,0,0,0
400,a1d5bd30,37,2920,32,33,22,4,1,1,57,39,18,47.8,34.5,13.3,0,0,0,0
401,a29b1131,21,1208,13,13,2,8,5,1,21,15,6,12.7,20.0,-7.3,0,0,0,0
402,a2b105e0,22,1412,15,15,14,7,9,1,20,26,-6,19.2,24.3,-5.1,0,0,0,0
403,a2c1d8c2,0,0,0,0,0,0,1,0,0,0,0,0.0,0.0,0.0,0,0,0,0
404,a31f0ebf,0,0,0,0,0,0,7,0,0,0,0,0.0,0.0,0.0,0,0,0,0
405,a33ce8e2,0,0,0,0,0,0,2,0,0,0,0,0.0,0.0,0.0,0,0,0,0
406,a3b03921,21,1216,13,13,8,8,11,3,20,18,2,17.7,21.4,-3.7,0,0,0,0
407,a48da055,0,0,0,0,0,0,1,0,0,0,0,0.0,0.0,0.0,0,0,0,0
408,a4ac4b8f,21,1879,20,21,20,0,5,1,19,29,-10,18.7,26.1,-7.4,0,0,0,0
409,a4fe8cda,2,25,0,0,0,2,1,0,0,0,0,0.4,0.0,0.4,0,0,0,0
410,a53649b7,17,423,4,4,0,13,11,1,4,6,-2,5.2,3.9,1.3,0,0,0,0
411,a58bb1e1,20,920,10,10,0,10,10,1,21,12,9,15.9,9.4,6.5,0,0,0,0
412,a5ca9127,0,0,0,0,0,0,7,0,0,0,0,0.0,0.0,0.0,0,0,0,0
413,a62da625,0,0,0,0,0,0,1,0,0,0,0,0.0,0.0,0.0,0,0,0,0
414,a67a09fb,9,702,7,8,7,1,20,2,13,9,4,12.5,10.8,1.8,0,0,0,0
415,a6de6361,0,0,0,0,0,0,23,0,0,0,0,0.0,0.0,0.0,0,0,0,0
416,a712ca2b,18,1381,15,15,15,3,17,1,24,22,2,21.2,22.6,-1.4,0,0,0,0
417,a7588cdc,1,11,0,0,0,1,0,0,0,0,0,0.2,0.1,0.1,0,0,0,0
418,a7cf1541,0,0,0,0,0,0,4,0,0,0,0,0.0,0.0,0.0,0,0,0,0
419,a8748947,10,759,8,9,7,1,5,0,6,15,-9,8.9,13.6,-4.7,0,0,0,0
420,a8a3d139,0,0,0,0,0,0,15,0,0,0,0,0.0,0.0,0.0,0,0,0,0
421,a9142dc3,1,80,0,1,0,0,2,0,1,2,-1,1.2,1.5,-0.3,0,0,0,0
422,a96ba40b,0,0,0,0,0,0,2,0,0,0,0,0.0,0.0,0.0,0,0,0,0
423,a9f04944,0,0,0,0,0,0,1,0,0,0,0,0.0,0.0,0.0,0,0,0,0
424,aa54ec6f,10,900,10,10,10,0,7,2,19,8,11,16.4,12.7,3.7,0,0,0,0
425,aa6f2f2c,1,22,0,0,0,1,2,3,0,0,0,0.9,0.9,0.0,0,0,0,0
426,aa849a12,36,2847,31,34,22,2,0,1,54,45,9,48.0,46.7,1.2,0,0,0,0
427,ab070c55,30,1816,20,21,11,9,4,1,23,34,-11,20.4,31.5,-11.1,0,0,0,0
428,ab13a5aa,37,3330,37,37,37,0,1,1,38,64,-26,32.2,56.9,-24.7,0,0,0,0
429,ab4b3e35,12,455,5,3,1,9,21,0,4,7,-3,3.7,7.8,-4.1,0,0,0,0
430,ab651565,29,1738,19,17,13,12,1,1,24,39,-15,24.5,29.5,-5.0,0,0,0,0
431,ab7d7882,1,13,0,0,0,1,1,0,0,3,-3,0.0,2.1,-2.1,0,0,0,0
432,abe66106,23,717,8,5,0,18,5,1,16,17,-1,14.2,13.4,0.8,0,0,0,0
433,ac05f970,26,1974,21,24,12,2,0,1,37,25,12,38.5,23.2,15.3,0,0,0,0
434,ac861941,28,2520,28,28,28,0,9,1,45,34,11,36.8,35.8,1.0,0,0,0,0
435,ad1f61f3,15,896,10,10,4,5,20,0,10,17,-7,11.3,11.2,0.1,0,0,0,0
436,ae0a7ddf,6,436,4,5,3,1,3,0,1,6,-5,3.0,7.7,-4.7,0,0,0,0
437,ae0e6ba7,0,0,0,0,0,0,10,0,0,0,0,0.0,0.0,0.0,0,0,0,0
438,ae4fc6a4,34,2559,28,29,19,5,2,1,30,51,-21,25.3,43.8,-18.5,0,0,0,0
439,ae5019e6,16,1110,12,12,9,4,7,0,9,20,-11,10.8,20.2,-9.4,0,0,0,0
440,aed3a70f,37,3328,37,37,36,0,0,1,55,46,9,51.9,50.1,1.9,0,0,0,0
441,af245161,0,0,0,0,0,0,8,0,0,0,0,0.0,0.0,0.0,0,0,0,0
442,af341b88,4,229,2,3,2,1,23,0,1,8,-7,1.3,3.7,-2.4,0,0,0,0
443,af49fb14,0,0,0,0,0,0,5,0,0,0,0,0.0,0.0,0.0,0,0,0,0
444,af69e7f0,16,669,7,7,5,9,18,0,6,17,-11,6.4,11.8,-5.4,0,0,0,0
445,afed6722,0,0,0,0,0,0,2,0,0,0,0,0.0,0.0,0.0,0,0,0,0
446,b04ee927,33,2577,28,30,21,3,0,0,32,54,-22,30.1,51.9,-21.7,0,0,0,0
447,b0b4fd3e,26,2185,24,24,22,2,0,1,40,28,12,36.3,33.4,2.9,0,0,0,0
448,b105919e,0,0,0,0,0,0,3,0,0,0,0,0.0,0.0,0.0,0,0,0,0
449,b217ef29,10,691,7,9,6,1,0,1,19,5,14,15.7,6.8,8.9,0,0,0,0
450,b28bbd58,34,2258,25,25,16,9,4,1,25,37,-12,21.8,36.0,-14.2,0,0,0,0
451,b2bc3b1f,30,2612,29,29,27,1,0,1,37,52,-15,29.0,45.1,-16.1,0,0,0,0
452,b2d31e83,27,2061,22,23,20,4,10,1,20,28,-8,26.3,22.4,3.8,0,0,0,0
453,b2ee9d2c,1,1,0,0,0,1,0,3,0,0,0,0.0,0.0,0.0,0,0,0,0
454,b2f9c73e,2,20,0,0,0,2,5,3,0,0,0,0.0,0.8,-0.7,0,0,0,0
455,b400bde0,31,2536,28,28,25,3,5,2,58,23,35,53.9,23.2,30.7,0,0,0,0
456,b561db50,10,823,9,10,8,0,0,1,9,10,-1,8.4,11.1,-2.7,0,0,0,0
457,b581987a,18,392,4,4,0,14,17,0,6,8,-2,4.7,9.0,-4.4,0,0,0,0
458,b63e789d,31,2575,28,29,26,2,2,0,16,47,-31,23.7,46.9,-23.3,0,0,0,0
459,b66315ae,29,2063,22,22,18,7,1,2,54,17,37,42.9,15.0,27.9,0,0,0,0
460,b827d5b3,31,1746,19,17,9,14,7,1,36,22,14,30.5,24.1,6.4,0,0,0,0
461,b853e0ad,30,2390,26,27,18,3,5,1,49,25,24,42.2,26.2,16.1,0,0,0,0
462,b937e490,2,173,1,1,1,1,1,0,1,7,-6,1.0,4.2,-3.2,0,0,0,0
463,b9403c99,0,0,0,0,0,0,2,0,0,0,0,0.0,0.0,0.0,0,0,0,0
464,b98570d1,18,1242,13,15,8,3,12,0,14,33,-19,10.9,24.7,-13.8,0,0,0,0
465,b9fbae28,30,2146,23,24,19,6,2,1,35,24,11,35.5,20.9,14.6,0,0,0,0
466,ba08056d,0,0,0,0,0,0,2,0,0,0,0,0.0,0.0,0.0,0,0,0,0
467,ba115a40,16,937,10,10,7,6,0,1,11,12,-1,10.7,15.2,-4.5,0,0,0,0
468,bb5fbd2b,21,1672,18,19,15,2,0,1,23,25,-2,27.9,18.3,9.6,0,0,0,0
469,bba30585,15,1204,13,14,11,1,3,1,17,12,5,15.6,20.9,-5.4,0,0,0,0
470,bc0bfc64,15,810,9,9,3,6,2,0,7,9,-2,10.5,9.4,1.1,0,0,0,0
471,bc7dc64d,32,2553,28,30,20,2,4,1,38,31,7,37.2,30.3,6.9,0,0,0,0
472,bd6351cd,28,2299,25,27,23,1,6,2,51,18,33,50.7,17.0,33.7,0,0,0,0
473,bd8a7d05,3,62,0,0,0,3,2,0,0,2,-2,0.1,0.9,-0.8,0,0,0,0
474,bda82fc2,0,0,0,0,0,0,2,0,0,0,0,0.0,0.0,0.0,0,0,0,0
475,bf3aeb61,6,264,2,2,1,4,17,1,1,7,-6,2.4,5.6,-3.2,0,0,0,0
476,bf713136,0,0,0,0,0,0,1,0,0,0,0,0.0,0.0,0.0,0,0,0,0
477,bf8fad51,7,630,7,7,7,0,10,2,13,6,7,12.3,8.8,3.5,0,0,0,0
478,bfae110f,3,18,0,0,0,3,4,0,1,1,0,1.3,0.3,0.9,0,0,0,0
479,bfc3b3a0,0,0,0,0,0,0,1,0,0,0,0,0.0,0.0,0.0,0,0,0,0
480,c0027d2d,5,377,4,4,3,1,13,0,1,8,-7,1.5,7.3,-5.8,0,0,0,0
481,c0398aca,16,427,4,3,0,13,10,1,11,6,5,7.0,5.2,1.7,0,0,0,0
482,c0617e2b,25,1615,17,17,11,8,10,1,23,17,6,24.5,18.5,6.0,0,0,0,0
483,c067631c,14,569,6,6,3,8,15,1,7,9,-2,8.2,8.0,0.2,0,0,0,0
484,c0e27d1a,20,1396,15,17,13,3,2,1,26,18,8,22.7,16.2,6.6,0,0,0,0
485,c17bfb65,31,1983,22,23,10,8,6,1,27,36,-9,25.3,33.3,-8.0,0,0,0,0
486,c1949191,0,0,0,0,0,0,4,0,0,0,0,0.0,0.0,0.0,0,0,0,0
487,c2731c10,30,2531,28,28,25,2,2,0,18,48,-30,24.6,48.5,-24.0,0,0,0,0
488,c2dfedeb,11,546,6,5,3,6,5,0,2,11,-9,3.3,9.8,-6.5,0,0,0,0
489,c2f9d19f,1,16,0,0,0,1,26,0,0,2,-2,0.1,0.8,-0.7,0,0,0,0
490,c35e99d8,0,0,0,0,0,0,2,0,0,0,0,0.0,0.0,0.0,0,0,0,0
491,c3e39f12,8,720,8,8,8,0,30,1,10,11,-1,9.5,11.8,-2.3,0,0,0,0
492,c40b6180,29,2594,28,29,28,0,2,1,32,35,-3,37.7,29.2,8.5,0,0,0,0
493,c47541e0,36,2317,25,29,6,7,0,1,32,31,1,33.8,33.2,0.6,0,0,0,0
494,c596fcb0,26,2084,23,23,19,3,1,1,31,37,-6,26.2,33.6,-7.4,0,0,0,0
495,c5b7c315,35,2991,33,33,32,2,2,1,42,43,-1,42.3,42.9,-0.6,0,0,0,0
496,c5bdb6e3,2,71,0,0,0,2,4,0,0,0,0,1.2,0.8,0.4,0,0,0,0
497,c666574f,0,0,0,0,0,0,8,0,0,0,0,0.0,0.0,0.0,0,0,0,0
498,c684d3c9,13,1004,11,12,8,1,10,0,5,17,-12,7.8,21.8,-14.0,0,0,0,0
499,c691bfe2,35,2810,31,31,25,4,0,1,54,28,26,56.6,32.7,23.9,0,0,0,0
500,c7170b46,3,39,0,0,0,3,6,0,0,0,0,0.6,0.6,0.0,0,0,0,0
501,c73ada83,2,180,2,2,2,0,15,0,0,4,-4,1.8,3.1,-1.3,0,0,0,0
502,c81d773d,33,2953,32,33,32,0,1,0,24,41,-17,35.8,46.2,-10.4,0,0,0,0
503,c8aa95da,18,1246,13,13,11,5,0,1,13,21,-8,13.8,18.5,-4.7,0,0,0,0
504,c9009a1f,0,0,0,0,0,0,4,0,0,0,0,0.0,0.0,0.0,0,0,0,0
505,c908a1bc,1,1,0,0,0,1,5,3,0,0,0,0.0,0.0,0.0,0,0,0,0
506,c9093a1a,0,0,0,0,0,0,6,0,0,0,0,0.0,0.0,0.0,0,0,0,0
507,c92e1a31,25,1459,16,16,10,9,13,1,30,23,7,24.9,18.5,6.4,0,0,0,0
508,c931d9f9,15,910,10,11,4,4,12,2,22,7,15,19.1,9.0,10.1,0,0,0,0
509,c951a6df,24,1942,21,22,19,2,3,1,22,33,-11,20.9,33.1,-12.2,0,0,0,0
510,ca22ccb0,1,9,0,0,0,1,0,3,0,0,0,0.0,0.1,-0.1,0,0,0,0
511,ca2bc3df,1,9,0,0,0,1,9,0,0,0,0,0.1,0.0,0.1,0,0,0,0
512,caa1a7f0,4,61,0,0,0,4,10,1,0,2,-2,0.5,0.6,-0.1,0,0,0,0
513,cb4f24c6,0,0,0,0,0,0,38,0,0,0,0,0.0,0.0,0.0,0,0,0,0
514,cc2d7ad5,29,2426,27,28,25,1,1,1,19,42,-23,28.3,39.6,-11.3,0,0,0,0
515,cc3b8e78,0,0,0,0,0,0,6,0,0,0,0,0.0,0.0,0.0,0,0,0,0
516,cc700722,24,2051,22,23,21,1,2,1,27,30,-3,29.5,30.1,-0.6,0,0,0,0
517,cc70a1d5,1,90,1,1,1,0,30,3,3,2,1,1.9,1.4,0.5,0,0,0,0
518,cd1acf9d,36,3031,33,34,30,2,0,1,60,40,20,61.2,37.5,23.8,0,0,0,0
519,cde3309f,25,2250,25,25,25,0,6,1,26,43,-17,23.8,36.9,-13.1,0,0,0,0
520,ce4246f5,24,2029,22,22,22,2,11,1,41,25,16,36.9,20.7,16.2,0,0,0,0
521,ce5143da,24,1545,17,17,7,7,2,1,18,18,0,25.0,15.4,9.7,0,0,0,0
522,cea4ee8f,15,620,6,7,1,8,8,1,11,9,2,11.0,8.8,2.1,0,0,0,0
523,cee31595,18,1466,16,17,11,1,1,1,20,26,-6,14.2,21.6,-7.4,0,0,0,0
524,d0042ab9,28,2287,25,26,22,2,3,1,26,32,-6,26.6,33.5,-6.9,0,0,0,0
525,d01231f0,9,171,1,0,0,9,17,1,7,2,5,4.9,2.0,2.9,0,0,0,0
526,d04b94db,34,2983,33,34,29,0,2,1,31,45,-14,31.8,44.1,-12.4,0,0,0,0
527,d0b6129f,15,1120,12,13,11,2,0,0,6,23,-17,12.0,19.7,-7.8,0,0,0,0
528,d0f72bf1,18,1310,14,14,14,4,19,1,11,11,0,13.3,14.9,-1.6,0,0,0,0
529,d2424d1b,27,2286,25,27,22,0,7,1,37,23,14,43.5,19.5,24.0,0,0,0,0
530,d3ce0e89,0,0,0,0,0,0,38,0,0,0,0,0.0,0.0,0.0,0,0,0,0
531,d484c261,1,66,0,1,0,0,7,0,1,2,-1,0.5,1.3,-0.8,0,0,0,0
532,d557d734,17,1240,13,13,11,4,11,1,26,15,11,20.5,16.1,4.4,0,0,0,0
533,d56543a0,18,928,10,9,2,9,2,0,7,17,-10,10.7,13.0,-2.2,0,0,0,0
534,d5dafedb,0,0,0,0,0,0,3,0,0,0,0,0.0,0.0,0.0,0,0,0,0
535,d5dd5f1f,29,2332,25,26,19,3,3,1,34,26,8,33.2,29.3,3.9,0,0,0,0
536,d6192210,33,2780,30,31,30,2,4,0,31,71,-40,26.1,58.7,-32.6,0,0,0,0
537,d7492450,1,2,0,0,0,1,24,0,0,0,0,0.0,0.0,0.0,0,0,0,0
538,d7553721,18,945,10,11,0,7,2,1,22,10,12,18.7,14.1,4.6,0,0,0,0
539,d79a8c87,30,2558,28,28,27,2,5,1,37,26,11,37.2,33.8,3.4,0,0,0,0
540,d86a1f3e,0,0,0,0,0,0,8,0,0,0,0,0.0,0.0,0.0,0,0,0,0
541,d87e2cae,17,1110,12,12,2,5,2,1,12,13,-1,12.2,13.8,-1.7,0,0,0,0
542,d8931174,34,3047,33,34,33,0,0,2,66,36,30,54.6,35.8,18.8,0,0,0,0
543,d93c2511,32,2129,23,24,20,8,4,1,49,25,24,37.4,26.7,10.8,0,0,0,0
544,d9cfca3d,11,296,3,2,0,9,8,0,1,10,-9,3.7,7.4,-3.7,0,0,0,0
545,da052c14,33,2096,23,23,12,10,3,1,21,42,-21,16.5,36.8,-20.3,0,0,0,0
546,da7b447d,18,1486,16,17,16,1,10,1,38,22,16,28.5,21.5,7.0,0,0,0,0
547,da8b19e2,2,91,1,1,1,1,36,0,0,1,-1,0.9,0.8,0.1,0,0,0,0
548,dad4b285,28,2281,25,25,22,3,5,1,22,27,-5,34.1,21.7,12.5,0,0,0,0
549,dbe56a33,35,2397,26,28,16,7,2,0,16,37,-21,22.2,38.6,-16.4,0,0,0,0
550,dc008610,0,0,0,0,0,0,1,0,0,0,0,0.0,0.0,0.0,0,0,0,0
551,dc31b84c,1,90,1,1,1,0,13,0,0,9,-9,0.5,4.7,-4.2,0,0,0,0
552,dc64b8b3,25,2185,24,25,23,0,1,1,38,40,-2,37.8,36.6,1.2,0,0,0,0
553,dc6f5bdd,10,753,8,8,7,2,8,2,16,10,6,11.0,10.4,0.6,0,0,0,0
554,dc7f8a28,0,0,0,0,0,0,6,0,0,0,0,0.0,0.0,0.0,0,0,0,0
555,dcba03f6,0,0,0,0,0,0,18,0,0,0,0,0.0,0.0,0.0,0,0,0,0
556,dd323728,6,249,2,3,0,3,25,1,5,1,4,4.6,4.1,0.6,0,0,0,0
557,dd897ee7,1,40,0,0,0,1,5,0,1,4,-3,0.5,2.1,-1.5,0,0,0,0
558,dda3969e,16,1189,13,14,8,2,2,0,16,17,-1,18.6,18.7,0.0,0,0,0,0
559,de112b84,26,1626,18,17,13,9,7,1,27,33,-6,24.9,31.2,-6.3,0,0,0,0
560,de31038e,1,4,0,0,0,1,8,0,0,0,0,0.0,0.2,-0.2,0,0,0,0
561,de5b5570,13,749,8,9,5,4,25,2,10,6,4,10.8,10.1,0.6,0,0,0,0
562,de6cafb8,0,0,0,0,0,0,9,0,0,0,0,0.0,0.0,0.0,0,0,0,0
563,debe38a0,31,2629,29,30,28,1,0,0,16,47,-31,25.0,44.8,-19.8,0,0,0,0
564,df04eb4b,0,0,0,0,0,0,1,0,0,0,0,0.0,0.0,0.0,0,0,0,0
565,df10e27c,5,261,2,3,2,2,12,1,5,2,3,3.7,2.8,1.0,0,0,0,0
566,e06683ca,5,370,4,5,4,0,0,2,12,11,1,10.0,5.2,4.8,0,0,0,0
567,e0bc6fdc,2,90,1,0,0,2,19,3,3,0,3,2.1,0.5,1.6,0,0,0,0
568,e0d1510a,0,0,0,0,0,0,1,0,0,0,0,0.0,0.0,0.0,0,0,0,0
569,e28868f3,7,495,5,7,2,0,0,1,3,4,-1,5.7,5.9,-0.2,0,0,0,0
570,e2dde94c,0,0,0,0,0,0,3,0,0,0,0,0.0,0.0,0.0,0,0,0,0
571,e32958b7,0,0,0,0,0,0,20,0,0,0,0,0.0,0.0,0.0,0,0,0,0
572,e342ad68,37,3078,34,34,27,3,0,1,59,41,18,60.5,38.2,22.3,0,0,0,0
573,e34fc66d,31,2730,30,30,29,1,0,0,22,35,-13,33.4,39.9,-6.5,0,0,0,0
574,e3a5814e,26,1720,19,19,14,7,8,2,22,23,-1,25.5,28.0,-2.4,0,0,0,0
575,e46012d4,25,1997,22,23,17,2,4,2,45,17,28,40.4,18.8,21.5,0,0,0,0
576,e49ce451,16,1317,14,15,12,1,0,0,17,20,-3,19.0,23.8,-4.9,0,0,0,0
577,e4e0deaa,1,1,0,0,0,1,0,0,0,0,0,0.0,0.0,0.0,0,0,0,0
578,e514ab62,38,3404,37,38,37,0,0,1,55,44,11,52.4,50.3,2.2,0,0,0,0
579,e58a03c6,18,514,5,4,1,14,9,0,5,9,-4,8.1,10.2,-2.1,0,0,0,0
580,e5a76dfe,13,1125,12,12,12,1,25,2,27,12,15,22.0,13.6,8.3,0,0,0,0
581,e608ed4c,1,90,1,1,1,0,37,3,3,2,1,2.4,1.5,0.9,0,0,0,0
582,e61b8aee,31,2522,28,29,23,2,2,1,44,26,18,42.7,29.6,13.1,0,0,0,0
583,e73c9bb2,9,690,7,8,5,1,22,2,15,11,4,14.7,8.2,6.4,0,0,0,0
584,e75750a3,28,1560,17,20,5,8,10,0,23,42,-19,18.6,32.7,-14.1,0,0,0,0
585,e7aa9d7c,32,1369,15,11,7,21,6,1,18,29,-11,16.6,22.3,-5.7,0,0,0,0
586,e7ca0439,8,553,6,6,5,2,4,1,6,12,-6,4.5,7.5,-3.0,0,0,0,0
587,e7ee38c3,7,630,7,7,7,0,21,1,9,9,0,9.1,11.2,-2.1,0,0,0,0
588,e8c9f4e9,16,735,8,7,4,9,9,0,6,15,-9,8.3,14.4,-6.1,0,0,0,0
589,e97fd090,31,1969,21,22,9,9,2,3,17,22,-5,25.8,28.2,-2.4,0,0,0,0
590,e9971f2d,6,487,5,6,4,0,8,1,7,8,-1,9.2,9.1,0.1,0,0,0,0
591,ea6bc03a,17,1132,12,13,12,4,2,1,20,21,-1,20.3,18.9,1.4,0,0,0,0
592,eaeca114,10,797,8,9,8,1,7,1,16,13,3,15.6,9.4,6.2,0,0,0,0
593,eb58eef0,38,2941,32,34,24,4,0,1,58,39,19,57.9,38.6,19.3,0,0,0,0
594,eb7822d7,20,1106,12,12,11,8,17,2,23,18,5,19.1,14.5,4.6,0,0,0,0
595,eba42d2b,0,0,0,0,0,0,5,0,0,0,0,0.0,0.0,0.0,0,0,0,0
596,ed1e53f3,28,1616,18,17,10,11,10,2,46,16,30,32.1,16.0,16.1,0,0,0,0
597,ee38d9c5,31,2099,23,24,11,7,0,1,40,28,12,34.3,29.8,4.6,0,0,0,0
598,efb9215a,24,1837,20,20,19,4,12,1,24,37,-13,21.7,28.3,-6.6,0,0,0,0
599,f05ee68d,0,0,0,0,0,0,4,0,0,0,0,0.0,0.0,0.0,0,0,0,0
600,f13d02a6,22,1156,12,13,5,9,10,1,21,23,-2,16.4,19.6,-3.3,0,0,0,0
601,f1e94cd6,18,745,8,7,0,11,10,0,9,11,-2,10.6,10.1,0.4,0,0,0,0
602,f230bc30,12,647,7,7,3,5,7,1,8,10,-2,6.1,6.9,-0.8,0,0,0,0
603,f234c188,0,0,0,0,0,0,3,0,0,0,0,0.0,0.0,0.0,0,0,0,0
604,f25b010f,24,2079,23,24,20,0,3,1,31,38,-7,26.9,37.7,-10.8,0,0,0,0
605,f25c8e3a,10,520,5,7,2,3,8,2,17,8,9,11.4,5.9,5.5,0,0,0,0
606,f2bf1b0f,36,2667,29,30,16,6,0,1,39,51,-12,32.1,37.4,-5.3,0,0,0,0
607,f315ca93,2,7,0,0,0,2,20,1,0,0,0,0.0,0.0,0.0,0,0,0,0
608,f3354c07,0,0,0,0,0,0,1,0,0,0,0,0.0,0.0,0.0,0,0,0,0
609,f4290206,13,960,10,11,9,2,9,2,15,13,2,15.5,9.8,5.7,0,0,0,0
610,f4765c97,0,0,0,0,0,0,16,0,0,0,0,0.0,0.0,0.0,0,0,0,0
611,f4aba1af,0,0,0,0,0,0,6,0,0,0,0,0.0,0.0,0.0,0,0,0,0
612,f4d296e4,27,2075,23,22,18,5,10,1,38,32,6,29.5,33.5,-4.0,0,0,0,0
613,f4e433d4,11,886,9,11,6,0,0,0,12,15,-3,13.7,10.0,3.7,0,0,0,0
614,f522d7ec,20,1235,13,15,6,5,9,0,10,33,-23,7.9,26.5,-18.6,0,0,0,0
615,f586779e,22,1040,11,12,7,10,8,1,23,12,11,20.0,8.2,11.8,0,0,0,0
616,f5a00fa4,33,2528,28,28,18,5,1,1,25,40,-15,26.8,39.7,-12.9,0,0,0,0
617,f5b281e7,2,81,0,1,0,1,24,0,0,1,-1,0.5,2.4,-2.0,0,0,0,0
618,f5deef4c,29,2585,28,29,28,0,5,2,61,30,31,47.8,30.3,17.5,0,0,0,0
619,f631c17f,25,1269,14,14,1,11,8,0,6,21,-15,9.9,22.1,-12.1,0,0,0,0
620,f72293fc,22,1363,15,16,4,6,4,0,15,24,-9,17.0,20.4,-3.5,0,0,0,0
621,f76e6b4e,3,270,3,3,3,0,27,1,6,9,-3,7.1,4.6,2.4,0,0,0,0
622,f7750aa0,3,270,3,3,3,0,18,0,3,10,-7,2.6,4.7,-2.1,0,0,0,0
623,f7d50789,25,2240,24,25,24,0,10,1,44,25,19,33.9,29.4,4.5,0,0,0,0
624,f833a830,19,1004,11,11,4,8,16,2,23,18,5,15.8,14.1,1.7000000000000002,0,0,0,0
625,f874dd44,25,2089,23,24,20,1,9,1,26,24,2,28.5,28.0,0.6,0,0,0,0
626,f8e588df,4,40,0,0,0,4,5,0,0,1,-1,0.4,0.3,0.2,0,0,0,0
627,f8fcd2a5,28,2473,27,28,25,0,0,1,46,31,15,39.0,29.8,9.2,0,0,0,0
628,fa031b34,34,2861,31,33,21,1,0,1,40,38,2,39.9,40.6,-0.7,0,0,0,0
629,fa38722f,0,0,0,0,0,0,2,0,0,0,0,0.0,0.0,0.0,0,0,0,0
630,fb2dec57,19,561,6,2,0,17,8,0,4,12,-8,4.8,14.2,-9.4,0,0,0,0
631,fb614c44,23,2070,23,23,23,0,0,1,39,25,14,33.9,25.8,8.1,0,0,0,0
632,fc027d02,14,969,10,12,7,2,17,1,23,18,5,17.2,14.8,2.4,0,0,0,0
633,fc15fb84,36,3069,34,34,30,2,0,1,32,50,-18,35.4,48.4,-13.0,0,0,0,0
634,fcab00a0,4,225,2,3,0,1,11,1,4,2,2,3.6,2.1,1.4,0,0,0,0
635,fce2302c,27,2299,25,26,23,1,0,1,35,27,8,33.8,28.2,5.5,0,0,0,0
636,fdd85f94,7,213,2,2,0,5,14,1,2,2,0,2.7,2.9,-0.2,0,0,0,0
637,fdf3cb77,34,3054,33,34,33,0,1,1,57,43,14,48.8,44.7,4.0,0,0,0,0
638,fed7cb61,27,1520,16,18,8,9,4,1,31,15,16,28.7,12.5,16.2,0,0,0,0
639,ff527768,21,712,7,8,2,13,11,1,11,15,-4,7.7,14.2,-6.5,0,0,0,0
640,ffa90327,28,1613,17,17,6,11,6,1,23,22,1,26.4,23.7,2.7,0,0,0,0
641,ffec9769,1,20,0,0,0,1,0,0,0,1,-1,0.3,0.3,0.0,0,0,0,0
